{
  "task_type": "regression",
  "target": "AMC_amc_daily_return",
  "sequence_length": 30,
  "feature_dim": 12,
  "results": {
    "Transformer": {
      "mse": 0.00418495386838913,
      "mae": 0.04524886608123779,
      "r2": -0.05370938777923584
    },
    "LSTM": {
      "mse": 0.004183120559900999,
      "mae": 0.04545758292078972,
      "r2": -0.053247809410095215
    }
  }
}