{
  "LogisticRegression": {
    "accuracy": 0.6986301369863014,
    "precision": 0.7243019169665215,
    "recall": 0.6986301369863014,
    "f1": 0.6980645028590234
  },
  "RandomForest": {
    "accuracy": 0.7534246575342466,
    "precision": 0.7598008967871981,
    "recall": 0.7534246575342466,
    "f1": 0.7543544288105126
  },
  "XGBoost": {
    "accuracy": 0.7671232876712328,
    "precision": 0.7825264984813736,
    "recall": 0.7671232876712328,
    "f1": 0.7677355456942568
  }
}