date,open,high,low,close,volume
2021-01-01,49.5,51.0,49.0,50.0,67004.3824845841
2021-01-02,48.87015247567614,50.35106618706027,48.37651457188143,49.36379037947085,19400.17667795427
2021-01-03,48.790770604463,50.269278804598244,48.297934537751246,49.283606671174745,7387.4728203223585
2021-01-04,50.43278331484378,51.96104947589966,49.92336126115849,50.94220536852907,11845.479530702656
2021-01-05,49.61293978438227,51.116362202090826,49.11179897847941,50.11408059028512,115677.46766448139
2021-01-06,50.14418426583899,51.66370500116744,49.63767735406283,50.65069117761514,6651.185868558069
2021-01-07,51.692287019600826,53.25871995958873,51.17014270627152,52.214431332930126,20063.817004045082
2021-01-08,49.886899080750666,51.39862329531887,49.382991009227936,50.3908071522734,75321.17562275652
2021-01-09,49.334381166118966,50.829362413577115,48.836054083632916,49.832708248605016,66900.2853518961
2021-01-10,50.156382899242985,51.67627329012914,49.6497527689476,50.66301302953837,51346.79056718346
2021-01-11,51.893991314048215,53.46653650538301,51.36980958360328,52.418173044493145,43965.25804257476
2021-01-12,53.0842188601092,54.692831552839785,52.54801462919901,53.6204230910194,5443.771264551142
2021-01-13,53.39862957605984,55.01676986624347,52.85924947933196,53.938009672787715,5917.117271742515
2021-01-14,54.235905011304055,55.87941728437388,53.68806758694745,54.78374243566066,47424.34567040375
2021-01-15,53.62482675192332,55.24982150198161,53.08316183523723,54.16649166860942,13678.2239461977
2021-01-16,53.37256790479514,54.98991844736469,52.83345105727196,53.91168475231832,34324.05085732445
2021-01-17,54.15465954395652,55.79570983316732,53.60764278088625,54.70167630702679,10958.99932865377
2021-01-18,54.51020166607363,56.162025958984955,53.95959356843652,55.060809763710736,55944.28468465509
2021-01-19,54.02454251645068,55.661649865434036,53.478840066789566,54.5702449661118,43330.83815613185
2021-01-20,53.61838990739144,55.24318960155482,53.076790009336975,54.159989805445896,13247.944398074607
2021-01-21,51.33051389149038,52.88598400941433,50.81202385218239,51.84900393079836,42729.45765363117
2021-01-22,51.660498115415834,53.22596775527692,51.138674902128805,52.18232132870286,24554.90308830677
2021-01-23,52.565198390399416,54.15808319010849,52.03423679049639,53.09615999030244,29498.822107432123
2021-01-24,53.103518281746474,54.712715805435764,52.56711910718337,53.63991745630957,28159.87011984628
2021-01-25,53.77757795387914,55.40720152823911,53.23437009575915,54.32078581199913,8039.148843742339
2021-01-26,53.57708789322811,55.20063601120472,53.03590518723591,54.11827059922032,46147.48601570674
2021-01-27,54.64373346863031,56.29960417980092,54.091776564906766,55.195690372353845,9129.992468194718
2021-01-28,54.320734901678556,55.966817777486995,53.772040609742405,54.8694291936147,5809.8856379069975
2021-01-29,54.57056705801709,56.22422060522973,54.01934920894621,55.12178490708797,11292.186279489275
2021-01-30,53.779480396127695,55.40916162025278,53.23625332141933,54.32270747083606,8899.369700995294
2021-01-31,54.51357286435435,56.165499314789336,53.96293071420936,55.06421501449935,8370.041869801977
2021-02-01,55.0880451080582,56.75737980830239,54.53160020797681,55.6444900081396,123230.79280163618
2021-02-02,55.48028527946488,57.16150604550927,54.91987835745009,56.04069220147968,8772.320999807253
2021-02-03,57.34930468683689,59.087162404619825,56.77001878090925,57.928590592764536,17611.39699906728
2021-02-04,57.15280512367995,58.88470830924601,56.57550406182459,57.7301061855353,64483.5308553123
2021-02-05,56.448649417378604,58.15921455123856,55.87846103942529,57.018837795331926,5336.559713845025
2021-02-06,58.27593572231401,60.04187316844474,57.687289906937096,58.86458153769092,18690.395944643184
2021-02-07,57.33519843188892,59.07262868740071,56.756055013384994,57.91434185039285,4921.130139793532
2021-02-08,57.049099559334515,58.777860152041626,56.472846028432144,57.625353090236885,15181.17601530654
2021-02-09,55.362795249694415,57.040455711806366,54.8035750956571,55.922015403731734,25980.134189473418
2021-02-10,56.69420364851153,58.41220981967855,56.12153492478919,57.26687237223387,57144.36924487517
2021-02-11,54.355934575148005,56.00308410772825,53.806884730954586,54.90498441934142,7573.762145669623
2021-02-12,54.064318206481424,55.702630879405106,53.518213982173535,54.61042243078932,8489.682859130178
2021-02-13,54.67568184299417,56.33252068672127,54.12340222841847,55.22796145756987,18431.702920855856
2021-02-14,54.70642859281091,56.364199156229425,54.15383840500474,55.25901878061708,67159.57927533393
2021-02-15,54.24212850035678,55.88582936400395,53.694228212474385,54.79002878823917,6351.433166333018
2021-02-16,55.00511341678773,56.67193503547826,54.44950621055755,55.56072062301791,89502.72928332533
2021-02-17,55.78202449877192,57.47238887752258,55.218569705855025,56.345479291688804,25420.334983564324
2021-02-18,55.39898565922527,57.077742800413915,54.839399945495714,55.958571372954815,43048.21918130375
2021-02-19,55.80784082400852,57.49898751564515,55.24412526012964,56.371556387887395,1528.7067855801686
2021-02-20,57.27655190340673,59.01220499138875,56.69800087407939,57.85510293273407,15560.812074838686
2021-02-21,58.69938082067984,60.47814993645802,58.10645778208711,59.292303859272565,28030.528379987383
2021-02-22,58.27828209125947,60.044290639479456,57.689612575186146,58.8669516073328,52951.896611860044
2021-02-23,59.52702675848073,61.33087605419227,58.92574365991022,60.12830985705124,37153.03068549345
2021-02-24,60.536523941723566,62.37096406116974,59.925043901908175,61.148003981538956,30506.08516418751
2021-02-25,59.603360417202126,61.40952285408704,59.00130627157382,60.20541456283043,29628.000491007526
2021-02-26,58.125216158821765,59.88658634545273,57.538092763278115,58.71233955436542,15003.571250706122
2021-02-27,57.43428942787796,59.17472244084396,56.85414509022262,58.01443376553329,26048.82291370762
2021-02-28,58.64020603579613,60.417181976274804,58.04788072230325,59.232531349289026,2928.2986767130396
2021-03-01,60.159138627646136,61.982142828483894,59.55147056070022,60.766806694592056,9877.475708831647
2021-03-02,59.70772779113596,61.51705287571584,59.104619429609336,60.31083615266259,5473.793819064668
2021-03-03,59.973660297799974,61.79104394318785,59.36786574933735,60.5794548462626,32061.50367808877
2021-03-04,60.36541427702572,62.19466925511741,59.75566261766182,60.975165936389615,365848.42607959494
2021-03-05,58.402758508510665,60.17253906937463,57.812831654889344,58.992685362131986,234603.80306072315
2021-03-06,58.32751870263345,60.09501926937992,57.73835184705129,58.916685558215605,6889.758809257593
2021-03-07,59.0849696670041,60.87542329327696,58.48815179157982,59.68178754242839,57926.80294295227
2021-03-08,57.92817057722245,59.683569685623134,57.3430375410889,58.513303613356015,27518.095013803617
2021-03-09,59.42929713831975,61.230184930390045,58.82900120762965,60.02959306900985,42132.84963871155
2021-03-10,60.06850406952432,61.88876176860082,59.461751503165495,60.67525663588316,27964.629848618213
2021-03-11,58.873696590030306,60.65774800184941,58.279012786090604,59.46838039397001,11555.466057881376
2021-03-12,61.5053181270218,63.369115646022465,60.88405228735492,62.12658396668869,6347.085280284921
2021-03-13,60.716234023039654,62.55611990252571,60.102938729877636,61.32952931620167,33348.39053958717
2021-03-14,59.554121080389315,61.35879141615869,58.95256430179952,60.155677858979104,74694.67908952669
2021-03-15,57.91927612476917,59.67440570430763,57.33423293158968,58.50431931794866,45633.08126551433
2021-03-16,58.84089427913559,60.62395168153364,58.24654181166957,59.43524674660161,5427.247590333256
2021-03-17,58.957199429587135,60.74378123048371,58.36167216262161,59.55272669655266,70921.09947914013
2021-03-18,58.50574529008466,60.27864666251147,57.91477816594239,59.09671241422693,10790.943896367688
2021-03-19,60.15418694932241,61.97704109930188,59.54656889932925,60.761804999315565,26394.144933934498
2021-03-20,61.890614831800974,63.76608800852222,61.26545710622723,62.515772557374724,9487.892334196587
2021-03-21,62.167043718990264,64.05089352865664,61.53909378243481,62.794993655545724,19864.890416349062
2021-03-22,61.466970174250555,63.32960563407633,60.84609168764196,62.087848660859144,11555.064056215382
2021-03-23,61.7449452490446,63.61600419598534,61.121258933397684,62.36863156469151,94931.31102594787
2021-03-24,60.00097903548543,61.81919052140923,59.39490854017749,60.60704953079336,38500.82364069094
2021-03-25,62.32839424205226,64.2171334615084,61.69881450223355,62.95797398187097,43982.35028512751
2021-03-26,63.30951917419927,65.2279894522053,62.67002908153059,63.949009266867954,18923.031682907123
2021-03-27,62.65907229934556,64.5578320659924,62.02615237712995,63.29199222156117,14588.342858076689
2021-03-28,64.08124693830136,66.02310290612868,63.43396161569226,64.72853226091047,46845.29433544319
2021-03-29,63.39118685939435,65.31213191573964,62.75087184061259,64.03150187817612,23610.31965555614
2021-03-30,62.654315625522045,64.55293125053787,62.02144375051677,63.28718750052732,73008.5267264721
2021-03-31,62.69412115036628,64.59394300340767,62.06084719935247,63.32739510138008,37734.597648387266
2021-04-01,61.84172084439773,63.71571238513705,61.21705699748462,62.466384691310836,7421.582571577295
2021-04-02,61.77402351258935,63.645963619031455,61.150043477108646,62.39800354807005,5340.955851882225
2021-04-03,62.06874128382134,63.94961223181593,61.44178430115648,62.695698266486204,69629.81014479876
2021-04-04,63.36996283416383,65.2902647382294,62.729862199475306,64.01006346885235,13379.858868909565
2021-04-05,65.11875799597087,67.09205369281847,64.46099276368832,65.7765232282534,41685.323061013536
2021-04-06,68.45573041420165,70.53014648735927,67.76425838981578,69.14720243858753,35235.879161904646
2021-04-07,68.61351988533742,70.69271745762039,67.92045402790977,69.30658574276508,30160.51884748247
2021-04-08,70.91972212009462,73.06880460858234,70.20336129059872,71.63608294959053,47375.74022355434
2021-04-09,68.78386425801885,70.86822378098913,68.0890777503621,69.47865076567561,36977.59294158448
2021-04-10,71.45536029392068,73.6206742422213,70.73358897782046,72.17713161002088,26232.4181309526
2021-04-11,68.43189181707254,70.50558550849898,67.74066058659706,69.12312304754802,5993.774644068271
2021-04-12,66.73528274323134,68.75756403848077,66.0611889781482,67.40937650831448,56503.874773188436
2021-04-13,68.52019842223578,70.59656807139444,67.82807520584956,69.212321638622,38651.86381049851
2021-04-14,68.89187849063993,70.97951117217447,68.19600093012842,69.58775605115144,5392.158647664402
2021-04-15,69.54578746807174,71.65323557316482,68.84330476637403,70.24827016976943,13752.561859222258
2021-04-16,69.24830854843346,71.34674214081024,68.54883068430787,69.94778641255905,3476.0351455471996
2021-04-17,68.15509382995408,70.22039970358907,67.46665853874242,68.84352912116574,18834.04815961541
2021-04-18,66.26638241832282,68.27445461281745,65.59702502015794,66.9357398164877,14008.665435785077
2021-04-19,67.36884584063043,69.41032601761923,66.68835244830082,68.04933923296002,4579.835236178602
2021-04-20,66.36679445067554,68.37790943402935,65.69642278955762,67.03716611179348,34092.74819251554
2021-04-21,64.70647136064727,66.66727352309114,64.05287063983265,65.3600720814619,14635.046917182304
2021-04-22,66.35054894111498,68.36117163630028,65.68034137605322,67.02075650617675,24416.91393229783
2021-04-23,66.1235378663147,68.12728143802121,65.45562334241254,66.79145239021688,20479.090148185063
2021-04-24,67.36433717353901,69.40568072425232,66.68388932330124,68.04478502377678,8924.411718474508
2021-04-25,66.13683762934598,68.14098422417464,65.46878876440309,66.80488649428887,43992.657100323515
2021-04-26,66.40842381520541,68.42080029445407,65.73763165545586,67.07921597495496,83966.69914928517
2021-04-27,65.09042570533967,67.06286284792571,64.43294665781099,65.74790475286835,7174.583941710519
2021-04-28,64.48442096469816,66.43849432726476,63.83306317717595,65.13577875222036,115058.52696975513
2021-04-29,65.17896889972658,67.15408916941527,64.52059547649702,65.83734232295615,21563.020368818463
2021-04-30,66.1782965454382,68.18369947105754,65.50982890356508,66.84676418731131,9426.50631022677
2021-05-01,65.63920326734228,67.62827003301932,64.97618101211661,66.30222552256797,35937.356412206675
2021-05-02,64.78374295021209,66.74688667597609,64.12936170829074,65.43812419213342,11224.713795585647
2021-05-03,65.14474889121581,67.11883219094963,64.48672112463788,65.80277665779376,149422.19897371854
2021-05-04,66.77383595650113,68.79728553094056,66.09935276502132,67.44831914798094,43776.82135772528
2021-05-05,66.83659747746731,68.86194891617843,66.16148033123027,67.51171462370435,9980.183124649031
2021-05-06,69.29671623545904,71.39661672744265,68.59674940479783,69.99668306612024,19648.486399279063
2021-05-07,71.78072405391293,73.95589751009211,71.05566623518655,72.50578187263933,34552.38825789126
2021-05-08,71.89313942999374,74.07171941272082,71.16694610241805,72.61933275756944,4579.7362640281945
2021-05-09,71.38129864368253,73.5443682995517,70.66027542505947,72.10232186230559,104136.0468786098
2021-05-10,71.78484183037979,73.96014006766403,71.05974241795171,72.50994124280787,8562.337563544987
2021-05-11,71.31387521814064,73.47490173990248,70.59353304422002,72.03421739206125,12281.126230326205
2021-05-12,74.08295358339464,76.32789157077023,73.33464092093611,74.83126624585317,9206.197132634383
2021-05-13,73.65064565153766,75.88248339855396,72.90669973586556,74.39459156720976,14892.142682964793
2021-05-14,74.41165946059303,76.66655823212615,73.66002653674865,75.1632923844374,60019.51604741219
2021-05-15,72.9852446131039,75.19691869228888,72.24801992004225,73.72246930616556,16624.015233861483
2021-05-16,73.20452417975577,75.42284309429381,72.46508454157642,73.94396381793511,3210.7743326674968
2021-05-17,71.51186541785111,73.67889164263448,70.78952334292333,72.2342074927789,13090.485869676697
2021-05-18,68.74134050394329,70.82441142830521,68.046983529156,69.4356974787306,23136.645359870156
2021-05-19,68.89891551554024,70.98676144025359,68.20296687396913,69.59486415711136,36623.55407305039
2021-05-20,70.43620755770912,72.57063808976092,69.72473071369187,71.1476844017264,16051.96542453025
2021-05-21,71.16211148948004,73.31853911037338,70.4433022825156,71.88092069644449,2704.896898718879
2021-05-22,71.92264001297264,74.10211395275968,71.19614869971028,72.64913132623498,34218.252370924936
2021-05-23,74.03028126782964,76.27362312443054,73.28250064896267,74.7780618866966,89662.1380609594
2021-05-24,70.81798111434108,72.96398054204839,70.10264797177199,71.53331425691019,5343.054777945697
2021-05-25,72.56064186633843,74.75944919562141,71.82770608991078,73.2935776427661,38079.877570991426
2021-05-26,71.2837576230386,73.44387149040341,70.56371966725033,72.00379557882687,19044.584499907247
2021-05-27,70.3329533158786,72.46425493151129,69.62251944400104,71.04338718775617,15032.136450636724
2021-05-28,68.51767954741109,70.5939728670296,67.82558177420492,69.20977732061726,2762.810846884408
2021-05-29,67.74528131670218,69.79816862932951,67.0609855458264,68.42957708757795,15587.477719015338
2021-05-30,66.44814977939467,68.46173007573996,65.77695634727958,67.11934321150977,8053.8152101318165
2021-05-31,66.28967251043439,68.29845046529603,65.62007985881384,66.95926516205493,12795.471202310055
2021-06-01,63.80590275674828,65.73941496149824,63.1613986884983,64.45040682499827,155395.64268148455
2021-06-02,63.43045368748445,65.35258864771126,62.789742034075516,64.07116534089339,9984.816591740042
2021-06-03,61.71073919761889,63.58076159754674,61.08739839764294,62.33407999759484,9385.520654736267
2021-06-04,62.785218001923916,64.68780036561857,62.15102388069236,63.41941212315547,8043.930394562601
2021-06-05,62.92089052509033,64.8275841773658,62.28532597433184,63.55645507584882,28837.783107642765
2021-06-06,64.35467420263221,66.30481584513622,63.704626988464206,65.00472141680021,8326.0829500692
2021-06-07,64.97062671987698,66.93943359017628,64.31435776311055,65.62689567664341,6312.516395213315
2021-06-08,65.52200819991882,67.50752359991635,64.86016973325296,66.18384666658466,106054.25273723237
2021-06-09,65.86850651888783,67.86452186794503,65.20316806920209,66.53384496857356,19106.264044714284
2021-06-10,64.71077620933461,66.67170882173869,64.05713200519992,65.3644204134693,36295.712530306526
2021-06-11,64.28954186437223,66.23770979965624,63.64015255261089,64.93893117613356,38794.44335489581
2021-06-12,64.3071798147958,66.25588223342598,63.65761234191908,64.95674728767253,20602.07006786615
2021-06-13,65.51898368638294,67.50440743445516,64.85717577035886,66.18079160240701,9887.306764497846
2021-06-14,65.60166078446142,67.58958989914207,64.93901774623454,66.2643038226883,21976.91400572763
2021-06-15,63.592566211480055,65.519613672434,62.950217057828745,64.23491536513137,14580.107162481985
2021-06-16,62.04364566256575,63.92375613718896,61.41694217102469,62.67034915410682,5620.885747438329
2021-06-17,62.71779558194011,64.6183348419989,62.084282495253845,63.35130866862637,21131.09980314586
2021-06-18,63.438958328996556,65.36135100563281,62.7981607701178,64.07975588787531,28692.508013592367
2021-06-19,65.6709758668526,67.6610054385754,65.00763267627833,66.33431905742687,21800.125456643
2021-06-20,65.32650355656295,67.3060945734285,64.66663988427443,65.98636722885146,10454.165251959234
2021-06-21,64.06366474522977,66.00498791932765,63.41655702053048,64.71077246992907,18313.37052806495
2021-06-22,62.505003684340366,64.39909470507796,61.87364001076117,63.13636735791956,7915.59531998579
2021-06-23,63.74171383174082,65.67328091755115,63.09785813647071,64.38556952701093,10493.814807393283
2021-06-24,64.12453476114851,66.06770248118332,63.476812187803574,64.77225733449345,54758.14684227611
2021-06-25,63.18369817591018,65.0983556963923,62.54547900241614,63.821917349404224,32889.51032873166
2021-06-26,62.3836482906247,64.27406187518909,61.75351042910324,63.01378615214616,42214.31761792871
2021-06-27,64.2706798397576,66.21827619853813,63.62148105349742,64.91987862601778,16703.33053430329
2021-06-28,62.701644738382605,64.60169457893966,62.068294791530256,63.33499468523495,31801.351185726908
2021-06-29,62.84441407734256,64.74879026150447,62.20962201595527,63.479206138729865,118465.17729596555
2021-06-30,60.95351336439787,62.800589526955385,60.33782131021203,61.56920541858371,95852.72053418044
2021-07-01,59.73521073359127,61.54536863460919,59.1318247665853,60.33859670059724,5085.766926210473
2021-07-02,59.98260944990543,61.80026428172075,59.376724505967,60.588494393843874,50194.853587533114
2021-07-03,61.42114493773192,63.282391754026825,60.800729332300286,62.041560543163556,19237.040519760947
2021-07-04,61.72297196068053,63.59336505039813,61.09950759744134,62.34643632391973,43991.968942228625
2021-07-05,62.00935316620042,63.8884244742671,61.38299606351153,62.63571026888931,59735.87185285698
2021-07-06,62.91223403171573,64.81866536601014,62.27675692028425,63.5477111431472,42698.40598848773
2021-07-07,62.667567059447336,64.56658424306696,62.03456133157413,63.30057278732054,29199.474108220842
2021-07-08,62.7192119746632,64.6197941557136,62.08568458097973,63.35273936834667,44712.85874973029
2021-07-09,63.32811214115701,65.2471458424042,62.68843424074128,63.967790041572734,11235.395931383022
2021-07-10,61.76257208434204,63.634165177806956,61.138707719853734,62.386436448830345,17226.830678093767
2021-07-11,62.704736854197925,64.60488039523422,62.07135567385249,63.338118034543356,17429.91867269324
2021-07-12,61.70311308378709,63.572904389356395,61.079849315263985,62.32637685231019,61437.7395405664
2021-07-13,62.07313312078704,63.954137154750285,61.44613177613263,62.70013446544146,65570.68978919451
2021-07-14,60.0602908337371,61.880299646880644,59.45362122935592,60.66696043811828,10471.339213963232
2021-07-15,61.615904422284956,63.48305304114208,60.99352154933258,62.23828729523733,2693.926675166202
2021-07-16,61.273689646539644,63.13046812067721,60.654763488493785,61.892615804585496,4156.314966217914
2021-07-17,61.75250908352868,63.623797237575005,61.12874636551324,62.37627180154412,10159.52038119964
2021-07-18,62.104394977006365,63.98634633994595,61.4770778560265,62.731712097986225,12079.353785971703
2021-07-19,62.01676110231647,63.896056893295764,61.39032917199005,62.643193032642905,9849.998590283638
2021-07-20,63.19760103616308,65.11267985544075,62.559241429737185,63.835960642588965,12627.841721109988
2021-07-21,64.69965174232334,66.66024724966647,64.04611990654229,65.35318357810438,20206.85516830961
2021-07-22,64.42701155714099,66.37934524069072,63.77623366262441,65.07778945165757,3808.0474753891017
2021-07-23,63.45278188076262,65.37559345290694,62.81184469004785,64.0937190714774,34476.99764810097
2021-07-24,62.98636107273306,64.8950386809977,62.35013520331151,63.622586942154605,4422.390308242147
2021-07-25,61.264080779944045,63.120568076305986,60.645251681156736,61.88290987873136,5419.754857020041
2021-07-26,60.98775393539047,62.83586769100837,60.371716016851174,61.60379185392977,22198.597526620786
2021-07-27,59.86067132920814,61.67463106645687,59.25601808345856,60.46532457495771,60678.97656767815
2021-07-28,58.69851632920829,60.4772592482752,58.10560202285265,59.29143063556393,62305.80008868034
2021-07-29,58.324690207072535,60.092105061832314,57.73555192215261,58.91382849199246,16496.356975401708
2021-07-30,59.42088979403004,61.22152281809156,58.82067878600954,60.02110080205055,12298.75520148206
2021-07-31,57.99818199051497,59.755702656894215,57.41234176838856,58.584022212641386,184964.50263486744
2021-08-01,58.23336535559758,59.99801279061569,57.64514954392487,58.82158116727028,196542.9706045638
2021-08-02,58.411417388591005,60.181460339760434,57.82140307153453,59.001431705647484,188535.11946824394
2021-08-03,59.04100656921441,60.83012798040273,58.444632765484975,59.63738037294385,9064.210458676134
2021-08-04,59.418016525131335,61.21856248043835,58.817834540029,60.018198510233674,8768.15384699671
2021-08-05,57.45832699057008,59.19948841452675,56.877939849251185,58.038714131888966,20198.18492416117
2021-08-06,56.119416860332805,57.82000525003986,55.552554063763786,56.686279656901824,6508.2963481488105
2021-08-07,55.56838870528932,57.252279272116276,55.00709184968034,56.12968556089831,27946.550218749675
2021-08-08,55.80748593338728,57.49862187076265,55.24377395426215,56.3711979125124,15153.660811855321
2021-08-09,56.413549927614916,58.123051440572944,55.843716089962236,56.98338376526759,232471.8085542278
2021-08-10,57.735877216674645,59.48544925354358,57.15268653771834,58.31906789563096,12527.128920707042
2021-08-11,55.76225643273745,57.452021779184044,55.19900131725526,56.32551154821965,3719.457710547662
2021-08-12,55.99868357466876,57.695613379961756,55.43304030623776,56.56432684309976,26324.597125265118
2021-08-13,57.33458569936977,59.07199738722946,56.75544847008321,57.913722928656334,5060.339019381911
2021-08-14,58.50675498423647,60.279686953455766,57.915777661163375,59.09773230730957,30105.362999950426
2021-08-15,56.76663228132214,58.48683325954402,56.19323195524817,57.3400326073961,6372.292941087222
2021-08-16,57.60400050126206,59.34957627402758,57.02214191034022,58.1858590921839,74610.2872727456
2021-08-17,55.89037124011194,57.58401885344867,55.32582203566636,56.454920444557516,18784.48648515725
2021-08-18,55.27711424991439,56.952178318093615,54.71875956052132,55.83546893930747,52111.92301600331
2021-08-19,54.590616426518686,56.24487753035259,54.039196058574056,55.14203679446332,12350.506496752638
2021-08-20,55.15023097868583,56.821450099252075,54.593157938497086,55.70730401887458,28320.125220913527
2021-08-21,55.96782133487898,57.6638159207844,55.402489806243835,56.53315286351412,11239.292080863288
2021-08-22,55.09613438026442,56.765714209969396,54.53960777036276,55.652660990166076,7289.824457953732
2021-08-23,55.62326144699066,57.3088148241722,55.06141032126348,56.18511257271784,6203.172341598371
2021-08-24,54.951575971827125,56.61677524370067,54.39650954786927,55.50664239578497,148285.18712719233
2021-08-25,55.339706017556026,57.016666805966814,54.78071908808577,55.89869294702629,10795.118292732928
2021-08-26,55.91128055625135,57.605561785228666,55.34652014659225,56.47604096591046,24796.653303199673
2021-08-27,54.57307508262578,56.226804630584134,54.02183189997299,55.12431826527856,16879.067484999727
2021-08-28,55.9626383462978,57.658475871943196,55.39735917108267,56.52791752151293,23856.942315698878
2021-08-29,55.7597014555173,57.449389378411766,55.196472147885814,56.32293076314879,54555.00172877884
2021-08-30,57.48022941483321,59.222054548616036,56.89962103690561,58.06083779276082,16322.260812206967
2021-08-31,56.92465050951888,58.64963991889824,56.349654039725756,57.499646979312,22608.606528435877
2021-09-01,56.46165710828258,58.172616414594174,55.89133733951205,57.03197687705311,21576.08303506065
2021-09-02,55.513874230913444,57.19611284397143,54.95312802656078,56.074620435266105,185981.01871868916
2021-09-03,54.91739513883042,56.58155862788589,54.36267397581194,55.472116301848914,54216.26952177146
2021-09-04,53.42201031423404,55.04085911163508,52.8823940484337,53.96162658003439,9784.622398141912
2021-09-05,53.19722668385636,54.80926385609443,52.659880959777,53.734572407935715,23695.363464816764
2021-09-06,53.12088575568139,54.73060956645961,52.58431115208865,53.65746035927413,21441.3464780755
2021-09-07,53.90510410017626,55.538592103211904,53.360608099164374,54.44960010118814,10767.01988313674
2021-09-08,54.859687666780125,56.52210244456134,54.30554940751972,55.41382592604053,92057.99481889464
2021-09-09,56.78043115271394,58.501050278553755,56.20689144410067,57.35397086132721,6320.995352638601
2021-09-10,56.19967380302462,57.9026942212981,55.6320003302668,56.76734727578245,44117.96300023343
2021-09-11,57.86060215134357,59.61395373168732,57.27615162456232,58.44505267812482,52057.562197139356
2021-09-12,58.1522170131121,59.91440540744883,57.56482088166653,58.73961314455768,157209.34066088713
2021-09-13,59.23731803450398,61.0323882779738,58.638961286680704,59.83567478232725,7120.930191306152
2021-09-14,58.90638010620236,60.69142192760244,58.31136616573567,59.501394046669056,19392.701655662473
2021-09-15,57.169622273299886,58.902035069460496,56.59215134124635,57.74709320535342,720.4822799263948
2021-09-16,57.41128171209907,59.15101752155662,56.83136977561322,57.99119364858492,34128.47115955201
2021-09-17,57.72046978911876,59.469574934243575,57.13743474074382,58.3035048374937,60047.357578219075
2021-09-18,58.01692614012822,59.775014811041196,57.43089658315723,58.60295569709921,21023.904178438897
2021-09-19,57.94641623558813,59.70236824272717,57.361098899875124,58.531733571301146,38379.54684014212
2021-09-20,59.32079173810593,61.118391487745505,58.72159182155941,59.919991654652456,31020.978197759207
2021-09-21,57.53958995692744,59.283213895016154,56.958381977564535,58.120797936290344,26566.72754670874
2021-09-22,57.56639706750878,59.310833342281775,56.98491830925112,58.14787582576645,23801.7778599304
2021-09-23,56.783692208187375,58.50441015389002,56.21011955961983,57.357264856754924,94295.32488992727
2021-09-24,56.208254338001254,57.91153477248614,55.64049419317296,56.77601448282955,24894.691781238264
2021-09-25,56.945170061682674,58.67078127567306,56.36996632368588,57.52037379967947,169694.41816979347
2021-09-26,57.89008010465656,59.64432495631282,57.30533182077114,58.47482838854198,15377.59113418762
2021-09-27,57.22875396750246,58.96295863318436,56.6506857456085,57.80682218939643,38370.21716515986
2021-09-28,57.10684739306352,58.837357920126045,56.53001055070934,57.683684235417694,99516.8435770705
2021-09-29,57.32640638975037,59.0635702197428,56.74735177975289,57.905460999747845,20735.461108611293
2021-09-30,56.51950715798932,58.232219496110204,55.948603045282354,57.09041127069628,15910.063892943608
2021-10-01,56.40839270722673,58.11773794077906,55.83861096270929,56.978174451744174,119474.75169423025
2021-10-02,56.77516167359548,58.495621118249886,56.20167519204401,57.34864815514695,113750.30218112723
2021-10-03,57.66506933240989,59.41249567581625,57.08259388460777,58.24754478021201,8351.684226118155
2021-10-04,56.902050957794394,58.62635553227301,56.32728276630152,57.476819149287266,9948.587030166122
2021-10-05,57.040795485794135,58.76930443990911,56.46462583442248,57.61696513716579,32233.836556847888
2021-10-06,58.52874845011094,60.30234688799309,57.937548970816884,59.11994792940499,17714.195180334384
2021-10-07,58.07979272351204,59.83978644240635,57.49312815054728,58.666457296476814,54733.58113581169
2021-10-08,58.54892805872719,60.323137999900744,57.95752474500268,59.14033137245171,19784.444501588456
2021-10-09,59.490474998542744,61.293216665165254,58.88956110966857,60.09138888741691,92489.50852219034
2021-10-10,58.72772747982138,60.50735558527052,58.13451811133834,59.32093684830443,9182.859254032035
2021-10-11,57.792405089661244,59.543690092378256,57.20864342208891,58.376166757233584,48531.301081273334
2021-10-12,58.734362837632226,60.514192014530174,58.14108644533291,59.32763922993154,5910.045432617198
2021-10-13,58.44803769982896,60.21919035739953,57.85765348063877,59.03842191901915,3743.163045293919
2021-10-14,59.28723815998749,61.08382113453256,58.68837716847246,59.88609915150251,3419.6477721228985
2021-10-15,59.03927046771779,60.82833926976985,58.442914200367106,59.63562673506848,6986.396187078418
2021-10-16,59.76854613257747,61.57971419720103,59.16482344436962,60.37226882078532,104701.42534391912
2021-10-17,58.87496285128233,60.65905263465452,58.28026625682494,59.46965944573973,27718.10241549085
2021-10-18,59.76404648920735,61.57507820100152,59.160369251942626,60.36772372647207,21005.294356160368
2021-10-19,60.066663125850326,61.886865038754884,59.45992915488214,60.67339709681851,23805.11368305333
2021-10-20,60.32796812299656,62.15608836914797,59.71859470761276,60.937341538380366,142269.86215300582
2021-10-21,58.75971244872227,60.54030979565325,58.166179999745275,59.35324489769926,28964.1998602333
2021-10-22,59.301768738738545,61.098792033851836,58.70276097370078,59.90077650377631,10175.476120671992
2021-10-23,59.903603938946716,61.71886466436935,59.29851703047251,60.50869084742093,13386.295738449851
2021-10-24,60.634948401093645,62.472371079914666,60.022474174819976,61.24742262736732,31957.387170805174
2021-10-25,61.78720367803658,63.65954318343163,61.16309050957157,62.4113168465016,24678.652336680603
2021-10-26,59.933398623664765,61.74956221832127,59.32801075877926,60.538786488550265,33415.95058826989
2021-10-27,58.18333753950702,59.946468980098146,57.595627059309976,58.77104801970406,49998.80918910536
2021-10-28,58.55315942710618,60.32749759156395,57.96171337228693,59.14460548192544,288243.04574416054
2021-10-29,58.28743401000205,60.053719889093024,57.698672050305056,58.87619596969904,28161.597729784244
2021-10-30,58.10119307540366,59.86183528980983,57.514312337268265,58.68807381353905,71115.81821585218
2021-10-31,59.13564051889607,60.927629625529285,58.53831081668499,59.73297022110714,22896.335823543173
2021-11-01,61.08193121318258,62.93289882570327,60.464942009009015,61.69892041735614,21637.160709603893
2021-11-02,59.15047001297615,60.942908498217854,58.55299051789559,59.74794950805672,31730.70015470845
2021-11-03,59.182205170128704,60.975605326799275,58.584405117905185,59.78000522235223,78892.0661233469
2021-11-04,58.22738321216957,59.9918493701141,57.639227826188055,58.81553859815108,13837.236808699561
2021-11-05,57.23440714952941,58.968783123757575,56.65628182478669,57.81253247427213,59805.416085172146
2021-11-06,58.72080210708294,60.50022035275212,58.12766269185988,59.313941522306,7470.6990992343735
2021-11-07,58.13839362316996,59.900163126902385,57.55113712192582,58.7256501244141,22947.527819136794
2021-11-08,57.04604955754658,58.77471772595708,56.46982683474308,57.62227228035008,62557.74770384577
2021-11-09,58.15074789532821,59.91289177094421,57.5633666034562,58.73812918720021,23901.481862261568
2021-11-10,57.441942576918116,59.18260750349139,56.861720934727025,58.02216421910921,127548.40582160855
2021-11-11,58.57768444167825,60.35276578839578,57.985990659439075,59.16937822391743,170280.01228702176
2021-11-12,60.274192656379206,62.10068334293615,59.66536242752689,60.88302288523152,21918.584309145517
2021-11-13,59.60848725878322,61.41480505450392,59.006381326876316,60.21059319069012,38207.03764796945
2021-11-14,58.71429699367904,60.49351811469962,58.12122328667218,59.3073707006859,92679.5211095391
2021-11-15,59.74420298041913,61.55463337376517,59.140726182637124,60.34767977820115,61471.32709071049
2021-11-16,59.70148887219494,61.510624898625096,59.098443530051554,60.304534214338325,12371.673012207222
2021-11-17,60.422630942501684,62.25361975894113,59.812301337021864,61.032960547981496,17352.23642525299
2021-11-18,59.213237380076535,61.00757790674552,58.615123871186874,59.811350888966196,28177.470933443965
2021-11-19,59.97275189617223,61.79010801423805,59.36696652348362,60.578537268860835,42881.45627755167
2021-11-20,58.95138874602056,60.73779446559695,58.355920172828434,59.54685731921269,13213.989735626928
2021-11-21,60.516516474437296,62.350350306996,59.90523853025106,61.12779441862353,6313.126588611955
2021-11-22,61.3718165513767,63.23156856808509,60.75189921247391,61.9917338902795,21551.495207311335
2021-11-23,60.99207060511402,62.84031516890536,60.37598908385024,61.6081521263778,10927.189027682094
2021-11-24,61.8001740846015,63.67290663261973,61.175929901928754,62.42441826727424,43955.855231673784
2021-11-25,65.26672143781293,67.24450087532242,64.60746162530978,65.9259812503161,32053.862108940815
2021-11-26,64.80915044018295,66.77306408988547,64.15451255694877,65.46378832341712,5533.425958461866
2021-11-27,66.32573904159797,68.3356099216464,65.65578208158182,66.9956960016141,7473.995717224398
2021-11-28,64.07760019096726,66.0193456512996,63.43035170418981,64.7248486777447,61207.16385391695
2021-11-29,64.44351747074204,66.39635133349181,63.792572849825454,65.09446209165863,5488.908976194671
2021-11-30,66.41346292795149,68.42599210758638,65.74261986807318,67.08430598782978,17265.548561560598
2021-12-01,67.76924977005571,69.82286339945134,67.08471189359051,68.45378764652092,16941.27344902582
2021-12-02,67.13160256923639,69.16589355618295,66.45350557358755,67.80969956488525,55652.34095422004
2021-12-03,68.49173570689271,70.56724284952583,67.79989999268167,69.18357142110375,7651.619206216639
2021-12-04,67.80241500675167,69.85703364331991,67.1175421278956,68.48728788560776,91384.80813078824
2021-12-05,65.81977670934218,67.81431539750406,65.15493047995488,66.48462293872947,13023.9123695806
2021-12-06,65.80406179013492,67.79812426862387,65.13937429730527,66.46874928296457,103000.08768886724
2021-12-07,65.3825840711414,67.36387449753961,64.72215392900866,66.04301421327413,33270.02939876284
2021-12-08,62.9279390364712,64.83484628000063,62.29230328862806,63.56357478431435,29829.731338244153
2021-12-09,65.71390959053171,67.70524018418419,65.05013272598089,66.37768645508254,15182.650982324762
2021-12-10,64.3753359974904,66.3261037549901,63.72508007832382,65.02559191665696,13643.776941425522
2021-12-11,65.30511605894901,67.28405896982625,64.64546842198993,65.96476369590809,14504.723737808117
2021-12-12,67.20416881469127,69.24065877877283,66.5253388266641,67.88299880271846,34781.46756332774
2021-12-13,68.74755091344852,70.83081003203787,68.05313120725208,69.44197061964498,145322.5411008436
2021-12-14,68.28909167916736,70.35845809368759,67.59930287432728,68.97888048400743,36490.67650983826
2021-12-15,67.61818728442532,69.66722326274123,66.93517529165334,68.30119927719728,337507.4239825594
2021-12-16,67.73341947142245,69.78594733419283,67.04924351716565,68.41759542567924,16145.528621621414
2021-12-17,66.27097264179386,68.27918393396943,65.60156887773535,66.94037640585239,32816.93479248558
2021-12-18,66.73048582086548,68.75262175483111,66.0564405095436,67.40453113218736,10154.044480086412
2021-12-19,65.97763454778686,67.9769568068107,65.31119379477892,66.64407530079481,8882.085608839625
2021-12-20,67.08310903406937,69.11593051995025,66.40550187210907,67.76071619602966,17945.80710779493
2021-12-21,66.31371479364714,68.32322130254553,65.64387929068101,66.98355029661327,86669.4042220583
2021-12-22,67.90834753137699,69.96617624444903,67.22240462701964,68.59429043573434,296681.1665839483
2021-12-23,69.83149662498263,71.94760258331544,69.12612797220504,70.53686527776024,27743.152722721898
2021-12-24,68.11719259445526,70.1813499458024,67.42914014400623,68.80524504490431,46876.35436516614
2021-12-25,67.93966707618411,69.9984448663715,67.25340781278831,68.6259263395799,31279.673758303852
2021-12-26,69.56762729324741,71.67573721122461,68.86492398725501,70.27033059923981,30833.580837131056
2021-12-27,69.89462817350905,72.01264720906994,69.18862182832208,70.60063451869601,19738.715632241583
2021-12-28,71.74948036665518,73.9237070444326,71.02473814072937,72.47422259258099,15535.706566682133
2021-12-29,70.37156300790068,72.50403461420069,69.660739139134,71.08238687666734,17468.221112760104
2021-12-30,70.92654399143116,73.07583320329272,70.21011425414397,71.64297372871835,28517.353533935173
2021-12-31,68.37621404461508,70.44822053081555,67.6855452158816,69.06688287334858,9326.633935284637
2022-01-01,69.52570559928697,71.63254516290172,68.8234257447487,70.22798545382521,29437.97418079834
2022-01-02,70.38403604059863,72.51688561758647,69.67308618160268,71.09498589959458,38224.37329693873
2022-01-03,69.92767901132194,72.04669958742261,69.22133881928838,70.63401920335549,87585.13554620475
2022-01-04,71.73059327752163,73.90424761926471,71.00604183027394,72.45514472476933,57832.78629339559
2022-01-05,71.12743562912863,73.28281246637495,70.40897668337986,71.8458945748774,25181.800277693226
2022-01-06,68.0004139016524,70.06103250473276,67.31354103395893,68.68728676934585,17823.342856894615
2022-01-07,68.38611527468626,70.4584217981616,67.69534643352782,69.0768841158447,7307.458404100011
2022-01-08,71.3861351189781,73.54935133470471,70.66506304706922,72.10720719088697,65706.11449753771
2022-01-09,70.5210399016828,72.6580411108247,69.80870616530216,71.23337363806343,20711.18088369912
2022-01-10,69.71479226681075,71.82736172944138,69.01060244593387,70.41898208768762,8383.004161452634
2022-01-11,68.88338261640517,70.97075784720533,68.18759087280512,69.57917436000523,19544.46461769674
2022-01-12,69.56100425703453,71.66891347694467,68.85836785039781,70.26364066367124,18191.649335112113
2022-01-13,68.61495169659966,70.69419265710269,67.921871376432,69.30803201676734,30538.64573108842
2022-01-14,69.06139998637191,71.15416968292864,68.36381008751967,69.75898988522415,3650.584351720314
2022-01-15,69.01498585323874,71.10634906091265,68.3178647840141,69.71210692246338,2782.160431637065
2022-01-16,69.83499914646043,71.95121124180773,69.12959511467801,70.54040317824287,1209.2307831406554
2022-01-17,67.43562037574543,69.47912402349529,66.75445249316213,68.11678825832871,18249.45078527937
2022-01-18,66.61516837984608,68.63380984590202,65.94228789116076,67.28804886853139,66391.09159311051
2022-01-19,64.6549858218443,66.61422781644565,64.0019051569772,65.30806648671143,5906.840177981841
2022-01-20,64.97594860012596,66.94491673952372,64.31962588699336,65.63227131325854,26302.02587815026
2022-01-21,66.60759860684387,68.62601068583913,65.93479458051212,67.28040263317563,179833.8459230742
2022-01-22,66.59517026185058,68.61320572433091,65.92249177435714,67.26784874934403,9677.047752916007
2022-01-23,67.58020888170049,69.62809399932777,66.89758050915805,68.26283725424291,31684.90742557785
2022-01-24,70.16313034703636,72.28928581209807,69.45441185868246,70.87184883539027,3934.2161890573752
2022-01-25,69.54424078600753,71.65164202194715,68.84177370736099,70.24670786465407,69778.97536999929
2022-01-26,69.51196387588314,71.61838702363718,68.8098228266318,70.21410492513449,11489.025593059105
2022-01-27,68.90278317040624,70.99074629678219,68.20679546161426,69.59877087919823,19826.53274337332
2022-01-28,68.37420370227251,70.44614926900805,67.68355518002734,69.0648522245177,41616.12284807047
2022-01-29,67.38817546325303,69.43024138638192,66.70748682221007,68.068864104296,2861.202351786866
2022-01-30,68.63876740625231,70.71873005492664,67.94544652336087,69.33208828914375,36039.10756470522
2022-01-31,69.0904319961728,71.18408145060228,68.3925488446963,69.78831514764929,55332.0165835251
2022-02-01,68.85358480963052,70.94005707658903,68.15809405397769,69.54907556528336,33567.654289738486
2022-02-02,69.49370233980137,71.59957210767415,68.79174575051046,70.1956589290923,34199.53289598978
2022-02-03,67.57733883118864,69.6251369775883,66.89473944905542,68.25993821332186,32842.392067291905
2022-02-04,68.32883060451897,70.39940122889833,67.63864039639252,69.01902081264542,35012.284071636575
2022-02-05,66.712781579381,68.73438102118043,66.0389150987812,67.38664805998081,42769.64905473613
2022-02-06,66.86934543250948,68.89568923349462,66.19389749884776,67.54479336617119,23068.46484379625
2022-02-07,67.28074320641912,69.31955360661364,66.60113973968761,67.96034667315062,7120.035910739159
2022-02-08,68.90792661158471,70.99604559981455,68.21188694884142,69.60396627432799,12477.56164124848
2022-02-09,67.99004101950479,70.05034529282311,67.30327292839867,68.67680911061089,5815.562706654727
2022-02-10,67.29620050812508,69.3354793114016,66.61644090703291,67.97596010921725,72749.13282559357
2022-02-11,65.84209288685356,67.83730782281883,65.17702124153182,66.50716453217532,6342.881594771649
2022-02-12,64.99170188775605,66.96114739950623,64.33522005050598,65.6481837250061,53242.24894867607
2022-02-13,63.561735438779436,65.48784863389398,62.9196977070746,64.20377317048428,9352.003516854515
2022-02-14,64.42296425163165,66.37517528955989,63.77222723898892,65.0737012642744,4204.39009590037
2022-02-15,64.79665981071427,66.7601949564935,64.14214809545453,65.45117152597402,10856.746373967504
2022-02-16,64.90686173711292,66.87373633520725,64.25123687108147,65.56248660314436,7936.54247647602
2022-02-17,65.36192791344817,67.34259239567388,64.70170641937293,66.0221494075234,10557.611463734835
2022-02-18,63.60130622870979,65.5286185386707,62.95886879205616,64.24374366536343,5087.389383218808
2022-02-19,62.611750850942855,64.50907663430476,61.97930892315556,63.24419277873016,111791.88227102766
2022-02-20,63.27267781490167,65.19003168808051,62.633559857175385,63.91179577262795,41295.35428510866
2022-02-21,62.21305303055172,64.09829706178056,61.58463835347544,62.841467707628,5647.604450444539
2022-02-22,63.02569072161171,64.93556013741812,62.38906758300957,63.66231386021385,12987.591109797035
2022-02-23,62.344764392912616,64.23399967754634,61.71501929803471,62.97450948779052,12637.797024095255
2022-02-24,61.283445539399736,63.140519646654276,60.664420836981556,61.902470241817916,24570.63530625651
2022-02-25,59.325290965272345,61.123027055129086,58.72604560198677,59.92453632855793,40635.47800286921
2022-02-26,57.114848026517286,58.84560099701781,56.53793036968378,57.691765683350795,18143.94724043046
2022-02-27,58.104413476793056,59.86515327912012,57.5175002093507,58.69132674423541,11016.820378598297
2022-02-28,59.425007790397125,61.22576560222734,58.824755186453714,60.02526039434053,4731.145090024992
2022-03-01,61.26282800149006,63.11927733486855,60.64401155703056,61.881644445949554,8189.9121190182195
2022-03-02,62.03557610529161,63.915442047876205,61.408954124430075,62.66219808615314,18684.697900399482
2022-03-03,60.45863768420082,62.29071761402509,59.847944374259406,61.06933099414225,8426.149401017565
2022-03-04,60.265535900561886,62.09176426118498,59.65679311368753,60.87427868743625,11214.089081833628
2022-03-05,60.72592210596685,62.56610156372342,60.11252895338133,61.339315258552375,17048.658573030083
2022-03-06,60.329377194968814,62.1575401402709,59.719989546534784,60.93876484340284,26254.585296486075
2022-03-07,58.71020745301878,60.489304648564804,58.11717505450344,59.30323985153412,41437.33068254282
2022-03-08,60.5669567595532,62.40231908560027,59.95516931753751,61.17874420156889,4643.489238432834
2022-03-09,62.037145426331854,63.917058924099486,61.41050759374264,62.663783258921065,2748.263596997231
2022-03-10,61.00309300345999,62.851671579322414,60.386900144839174,61.619285862080794,35096.76804456117
2022-03-11,59.971659764813296,61.788982787989454,59.36588542375458,60.577434105872015,21806.47973615494
2022-03-12,62.46576499218838,64.35866696164864,61.83479766903497,63.096732315341804,10998.170398746042
2022-03-13,61.12541459935768,62.97769989024731,60.50798616906114,61.742843029654225,68226.9966112566
2022-03-14,62.92789215411861,64.83479797697069,62.29225687983458,63.56352742840264,15963.245351952743
2022-03-15,63.503500537187236,65.42784903831412,62.86205103681161,64.14495003756286,83564.43834362704
2022-03-16,65.32506785079404,67.30461536142417,64.66521868058399,65.98491702100408,10998.33983828261
2022-03-17,62.615026646166,64.51245169604982,61.982551629538065,63.247501662793944,14841.596324094384
2022-03-18,62.749844015723205,64.65135444044209,62.11600720748358,63.383680823962834,11653.279499659991
2022-03-19,62.92363741180548,64.83041430307232,62.28804511471654,63.55922970889443,38959.263654201786
2022-03-20,62.321289826753535,64.20981376089759,61.691781848705524,62.95079780480155,77760.48821218603
2022-03-21,62.883373212810255,64.78892997683481,62.24818762480207,63.51855880081844,150101.75798714635
2022-03-22,63.019141797957296,64.92881276153176,62.38258481009914,63.65569878581545,10259.160305889889
2022-03-23,60.800998900365634,62.64345341249793,60.18684739632153,61.41515040440973,27464.343042697652
2022-03-24,59.62352422138428,61.430297682638354,59.021266400966255,60.225782041802304,3294.4550770219466
2022-03-25,62.1179334946882,64.00029511573936,61.49047962100448,62.74538736837192,116498.35145836574
2022-03-26,62.92554299248261,64.83237762861846,62.289931447104,63.56115453786123,58458.34935371736
2022-03-27,63.667541279239536,65.59686071194376,63.02443480167146,64.31064775680761,14159.42332334695
2022-03-28,64.41577284678493,66.36776596335417,63.76510847459519,65.06643721897468,34737.04934013179
2022-03-29,65.53308478610808,67.51893584023256,64.87113443473325,66.1950351374829,28595.074846056003
2022-03-30,65.01603083691592,66.98621358954973,64.35930325270463,65.67275842112718,12431.706248308321
2022-03-31,64.65871931357391,66.61807444428827,64.00560093666913,65.3118376904787,29660.741145395543
2022-04-01,63.41785379195348,65.3396069371642,62.77726941021658,64.05843817369039,5787.2320571669925
2022-04-02,62.44728369280797,64.33962562289307,61.816503049446275,63.07806433616967,69851.12494910654
2022-04-03,61.62547234992931,63.49291090598778,61.002992831243155,62.247951868615466,7536.176146941206
2022-04-04,60.65758389984086,62.49569250286634,60.0448810321657,61.27028676751602,22570.290110784863
2022-04-05,61.086104158390434,62.93719822379621,60.46907280325518,61.703135513525694,92957.09271262356
2022-04-06,61.1726240639209,63.02633994464578,60.554718770345936,61.790529357495856,4737.550771856677
2022-04-07,62.017645138617944,63.896967718576064,61.3912042786319,62.644085998603984,49316.34321780491
2022-04-08,62.58084816165262,64.47723749988452,61.948718382241985,63.21297794106325,6493.907524273503
2022-04-09,63.36322210535129,65.2833197449074,62.723189558832594,64.00325465187,10468.809071319034
2022-04-10,64.80461803754028,66.76839434170817,64.15002593615098,65.45921013892958,3740.6824802027418
2022-04-11,63.61942119560793,65.54728244395969,62.976800779490674,64.26204161172518,18309.329068037503
2022-04-12,62.479731022994244,64.37305620550923,61.84862262882259,63.110839417165906,44149.49737779101
2022-04-13,61.84350068645581,63.71754616180296,61.2188188613401,62.46818251157153,28137.122421539156
2022-04-14,60.30816004026826,62.13568004148851,59.698986706528174,60.917333374008344,10569.650301121215
2022-04-15,61.48357259590939,63.3467111594218,60.86252640807193,62.104618783746865,17623.998652914877
2022-04-16,62.01327527236592,63.89246543213458,61.38687855244303,62.639671992288804,9767.240370856158
2022-04-17,62.15086497792392,64.0342245227095,61.5230784629954,62.77865149285245,151041.63508128346
2022-04-18,61.97535253386048,63.85339351973504,61.3493388719023,62.60136619581867,12757.775332526882
2022-04-19,60.987957595246954,62.83607752237565,60.37191761953739,61.60399757095652,39319.65897248689
2022-04-20,61.34775514253764,63.20677802564485,60.728080848168574,61.96742943690671,52693.96472175814
2022-04-21,62.94737842204557,64.85487473786513,62.31154631677238,63.583210527318755,25491.780690782736
2022-04-22,63.35613818852316,65.27602116393295,62.7161771967199,63.996099180326425,145268.979286848
2022-04-23,64.5139837497065,66.46895295424305,63.862327348194306,65.16564015121868,16468.904241532386
2022-04-24,66.17095702281829,68.17613753866127,65.50256351753728,66.83935052809927,167477.85115871616
2022-04-25,65.8381152232084,67.8332096239117,65.1730837563073,66.5031466901095,52591.36750242135
2022-04-26,66.33600073230745,68.3461825726804,65.6659401188498,67.0060613457651,63562.687294971314
2022-04-27,65.73244009796409,67.72433222214482,65.06847605657052,66.39640413935767,27831.211981108216
2022-04-28,65.44807301988594,67.43134795988249,64.78698137322041,66.10916466655145,12434.408279944584
2022-04-29,66.53489013663064,68.55109892864975,65.86282053929092,67.20695973397034,43937.218631116106
2022-04-30,67.46139018858653,69.50567473975583,66.77996200486344,68.14281837230963,38569.998333103635
2022-05-01,65.78058235551057,67.7739333359806,65.11613202868723,66.44503268233392,22152.41821322044
2022-05-02,65.04060246623666,67.01152981369837,64.38362668374943,65.6975782487239,51809.123594836565
2022-05-03,64.81219528484898,66.77620120257168,64.15752664560807,65.46686392408988,19696.685532839332
2022-05-04,65.2535510525271,67.23093138745217,64.59442427421875,65.91267783083546,18464.48295869479
2022-05-05,65.23048192057355,67.20716319089397,64.57158816380007,65.88937567734702,10905.905736166
2022-05-06,65.49179246346665,67.47639223508685,64.83025920625991,66.15332572067338,16933.25429817681
2022-05-07,65.30501382170539,67.28395363448433,64.64536721744574,65.96466042596504,50259.177407096606
2022-05-08,65.80285918991359,67.79688522597158,65.13818384456093,66.46753453526625,10268.79527305838
2022-05-09,64.79167822885044,66.75506241760348,64.13721683259942,65.44613962510145,8953.62620581561
2022-05-10,64.92115381445613,66.88846150580329,64.26538458400708,65.57692304490519,17760.78763961676
2022-05-11,65.95306215172668,67.9516397926881,65.28686960473954,66.61925469871382,5652.917728227946
2022-05-12,65.67925236841269,67.66953274321308,65.01582557681256,66.34267916001282,26816.670628666358
2022-05-13,65.64154659947486,67.63068437521653,64.97850067422763,66.30459252472208,36759.23703102394
2022-05-14,64.4915715790537,66.44586162690382,63.840141563103664,65.14300159500374,34996.72316071731
2022-05-15,63.153597293509414,65.06734266604,62.51568216933255,63.79151241768628,20294.208092037185
2022-05-16,66.13017107654842,68.13411565462565,65.46218955052268,66.79815260257416,71738.79649695885
2022-05-17,66.59483550346562,68.61286082175245,65.92216039737,67.26751060956123,90411.8582511024
2022-05-18,66.83599929324933,68.86133260516597,66.16088818927712,67.51111039722154,40574.256135826305
2022-05-19,68.86507984649023,70.95190044789902,68.16947297935397,69.5606867136265,17727.371937985074
2022-05-20,67.36879613342997,69.41027480413996,66.6883032431933,68.04928902366663,3958.1490768276376
2022-05-21,65.24153222661299,67.21854835469217,64.5825268505866,65.90053760263939,113145.05487012592
2022-05-22,65.38794042732418,67.36939316754614,64.72745618058353,66.04842467406483,26978.268068770307
2022-05-23,64.15470029892516,66.09878212616532,63.506673023178436,64.80272757467188,38012.34562351363
2022-05-24,63.36101324739779,65.28104395186439,62.72100301257559,64.00102348221999,20703.503909299136
2022-05-25,65.07193451113119,67.0438113144988,64.41464224334199,65.72922677892039,11032.195069310095
2022-05-26,63.748002930769246,65.67976059533801,63.104083709246325,64.39192215229217,18371.7982327095
2022-05-27,62.867216449019274,64.77228361414107,62.23219406064534,63.50223883739321,15851.411682012398
2022-05-28,61.33002569228547,63.18851131932442,60.71053048327248,61.94952090129845,3104.934663639004
2022-05-29,61.11548300658476,62.967467340117636,60.49815489540714,61.73281111776239,21494.12847625696
2022-05-30,62.90344543898814,64.80961045229081,62.268057101220585,63.5388337767557,36538.65977380538
2022-05-31,63.717297802319244,65.64812500845014,63.07368873360895,64.36090687102954,20652.100868263777
2022-06-01,63.95496722599542,65.89299653587406,63.30895745603586,64.60097699595497,7849.62557936867
2022-06-02,63.02952085006107,64.93950633036596,62.39285902329278,63.666182676829365,3372.7855213304156
2022-06-03,62.80005735787296,64.70308939902063,62.16571334415707,63.43440137158885,41649.40653042073
2022-06-04,63.03798504956897,64.94822702076803,62.40123772583595,63.674732373301985,30740.968063857257
2022-06-05,62.90083783502391,64.80692383002463,62.26547583669033,63.53619983335748,5359.32843530202
2022-06-06,64.12011175964724,66.06314544933353,63.47243386308516,64.76778965620935,12629.525346974111
2022-06-07,63.88642981262873,65.82238223119323,63.24111233977389,64.53174728548356,3384.6035533518852
2022-06-08,62.7642085628639,64.66615427689008,62.130226658188505,63.398190467539294,30760.64550124414
2022-06-09,62.37504959377961,64.26520261177292,61.74499858778183,63.00510059977738,14949.960198124449
2022-06-10,63.356324511113115,65.276213132662,62.71636163726348,63.99628738496274,25895.127393100185
2022-06-11,65.92421506837975,67.92191855530035,65.25831390607289,66.59011623068662,21630.8978505877
2022-06-12,66.80996030270099,68.834504554298,66.13511221883532,67.48480838656666,21320.943076975644
2022-06-13,65.510440447969,67.49560531002867,64.84871882728244,66.17216206865555,28295.70248329842
2022-06-14,65.37562795853573,67.35670759364288,64.71526808016668,66.03598783690478,5899.882369373045
2022-06-15,65.77811287879392,67.77138902663617,65.11368749617984,66.442538261408,10741.604326316721
2022-06-16,64.39005202030529,66.3412657178903,63.73964745444361,65.04045658616695,8183.338511917603
2022-06-17,66.85941174581974,68.8854545259961,66.18406415242762,67.53475933921186,80733.80917911821
2022-06-18,65.6510730441991,67.64049950008392,64.98793089223749,66.3142151961607,28806.140473443294
2022-06-19,64.69643552079702,66.65693356688179,64.0429361721021,65.34993486949195,10233.708933424552
2022-06-20,64.43711102869837,66.38975075684074,63.78623111931758,65.08799093807916,9853.086613071011
2022-06-21,62.480661748691574,64.37401513501555,61.84954395325024,63.1117795441329,13853.53899171324
2022-06-22,61.637413097769574,63.505213494671686,61.01481296546887,62.26001323007028,33617.53884426404
2022-06-23,64.0737902626519,66.01542027061105,63.42658025999885,64.72100026530495,35878.095331111006
2022-06-24,64.7042396918676,66.6649742279848,64.05066151316186,65.35781787057333,14692.463014372683
2022-06-25,61.440226445385704,63.302051489185274,60.81961809745252,62.0608347933189,1049.5145820326823
2022-06-26,64.00609320812397,65.94567179018834,63.359567014102524,64.65261940214543,17126.62452963034
2022-06-27,64.56550175762432,66.52203211391597,63.91332497219378,65.21767854305487,19560.847135970882
2022-06-28,64.90938894696144,66.8763401271724,64.25373855355778,65.56503934036509,32469.11653057233
2022-06-29,67.6806877025186,69.73161763289795,66.99704439239216,68.36433101264505,122811.87151616396
2022-06-30,69.93711207515942,72.0564185016794,69.23067659965277,70.64354755066609,21737.796438902584
2022-07-01,67.14018598620777,69.17473707669892,66.4620022893774,67.81836968303816,32341.17719611588
2022-07-02,68.31645701030182,70.38665267728067,67.62639178797554,69.0065222326281,12338.722725731608
2022-07-03,67.66710732879031,69.71762573269304,66.98360119415607,68.35061346342455,9977.609727176306
2022-07-04,66.91401894559098,68.94171648939677,66.23811976432238,67.58991812685957,8133.268233084192
2022-07-05,64.65203274935857,66.6111852569149,63.99898191350647,65.30508358521068,16039.568165664206
2022-07-06,64.98155802320113,66.95069614511632,64.3251786492294,65.63793739717286,19752.057199386854
2022-07-07,65.23971546034149,67.21667653489729,64.58072843548956,65.89870248519343,19370.29986474249
2022-07-08,66.45050463922819,68.46415629496238,65.77928742065012,67.12172185780625,80088.82725618345
2022-07-09,67.72820466138731,69.78057449961118,67.04408138197935,68.41232794079527,22680.763174103296
2022-07-10,67.55472120806608,69.60183397194687,66.87235028677249,68.23709212935968,45811.58628001357
2022-07-11,65.06976374071843,67.04157476316445,64.4124933999031,65.72703408153377,22657.1539078625
2022-07-12,64.53630391861503,66.4919494919064,63.884422060851236,65.18818577637882,18073.874546297662
2022-07-13,62.977211126605816,64.88561146377569,62.34107768088252,63.613344572329105,75818.79160146601
2022-07-14,62.358992232376345,64.24865866366048,61.729103421948295,62.98888104280439,19593.495971244163
2022-07-15,62.94199820278656,64.84933148165888,62.306220443162445,63.57777596241066,14757.902006814413
2022-07-16,65.7923323791284,67.78603942092016,65.12776336519781,66.45690139305898,9503.090872638411
2022-07-17,67.23575494135909,69.27320206079422,66.55660590154737,67.9149039811708,976.835358638131
2022-07-18,65.78176057770543,67.77514726187832,65.1172983496478,66.44622280576306,23561.706890843892
2022-07-19,65.98317491387917,67.98266506278459,65.31667819757736,66.64967163018098,24241.789002495527
2022-07-20,66.73594398559533,68.75824531849216,66.06184354129638,67.41004442989427,23641.056451887463
2022-07-21,67.10691730720502,69.14046025590821,66.42906965763729,67.78476495677275,6404.31394116726
2022-07-22,67.33347281953597,69.37388108679464,66.65333673044974,68.01360890862219,51891.61641513781
2022-07-23,66.56535484120562,68.58248680609064,65.89297751957729,67.23773216283396,75342.30064144639
2022-07-24,66.7974339138181,68.82159857787319,66.12271235913308,67.47215546850313,92848.75847001946
2022-07-25,66.33605914122153,68.34624275156158,65.66599793777483,67.0061203446682,18877.511552225442
2022-07-26,66.43279182454349,68.44590672831754,65.76175352328548,67.10383012580151,30516.87976134929
2022-07-27,63.829577628705245,65.76380725381753,63.18483442033449,64.47432083707601,61702.667227900514
2022-07-28,62.0696971310343,63.95059704409595,61.44273049334709,62.69666376872152,77473.77728787465
2022-07-29,63.49315025572041,65.41718511195437,62.85180530364243,64.1344952077984,40628.60992522188
2022-07-30,65.0421976246175,67.01317331021198,64.38520572941934,65.69918951981566,4640.136299692733
2022-07-31,64.46075936664629,66.4141157110901,63.809640585165006,65.11187814812756,49700.51814035123
2022-08-01,64.38427722649199,66.33531593032508,63.73393099188096,65.03462346110302,5693.056721805459
2022-08-02,65.35061480017252,67.33093646078382,64.69050757996877,66.01072202037629,135021.7953635202
2022-08-03,63.82162070996751,65.75560921633017,63.1769578745133,64.46628354542173,11086.0651528522
2022-08-04,64.2638380160019,66.21122704678983,63.61470833907258,64.9129676929312,1671.397018604183
2022-08-05,63.863542832069626,65.79880170576871,63.2184565408366,64.50862912330265,65475.6625395404
2022-08-06,65.16667499827568,67.14142272549616,64.50842575586886,65.8249242406825,6298.567937539405
2022-08-07,66.33075625240458,68.34077916914411,65.6607486134914,67.00076389131776,5127.548827062011
2022-08-08,64.7777519951943,66.74071417686686,64.1234312679701,65.43207272241848,12664.66085781815
2022-08-09,67.69246632398485,69.74375318228742,67.00870403788399,68.3762286100857,25344.56447688187
2022-08-10,66.86306133315509,68.88921470688706,66.18767687524442,67.53844579106574,15598.965294579088
2022-08-11,66.63383479056107,68.65304190542656,65.96076575227258,67.30690382884957,39201.65514046657
2022-08-12,68.28642070274671,70.35570617858752,67.59665887746644,68.97618252802698,24008.47532277795
2022-08-13,66.57508317005066,68.59250993277948,65.90260758247439,67.24755875762693,28546.62063039575
2022-08-14,65.61912976310292,67.6075882407727,64.95631027054633,66.28194925565951,53959.460674576185
2022-08-15,67.74743755017423,69.8003902032098,67.06311999916237,68.43175510118608,7129.617143723689
2022-08-16,67.5456674102117,69.59250581658176,66.86338794142168,68.22794687900172,11127.155858770277
2022-08-17,71.06329021703824,73.21672325391819,70.34547920474492,71.78110122933155,13929.250765583583
2022-08-18,71.19145786692302,73.3487747719813,70.4723522319036,71.91056350194245,2604.6968623417392
2022-08-19,70.36632287601087,72.49863569043544,69.65555193786935,71.07709381415239,4568.648653626966
2022-08-20,70.44616550133406,72.58089778925327,69.73458807202766,71.15774293064047,297912.73863009724
2022-08-21,70.90988874449852,73.05867325190756,70.19362724202882,71.6261502469682,9673.034678603342
2022-08-22,71.44434592995594,73.60932610965158,70.72268587005739,72.16600598985448,13711.790638527697
2022-08-23,71.38807620077296,73.55135123716002,70.66698452197727,72.10916787956864,57475.26670708448
2022-08-24,72.337007277678,74.529037801244,71.60633043648933,73.06768411886667,54750.803930324844
2022-08-25,73.42899790949237,75.65411905826485,72.68729085990154,74.1707049590832,10454.10791025836
2022-08-26,73.03895267645922,75.25225427271556,72.3011854777071,73.77671987521133,24367.2175084911
2022-08-27,74.71244161437707,76.97645499663092,73.95777048695912,75.46711274179502,11841.334557466136
2022-08-28,72.89230941784187,75.1011672789886,72.1560234641263,73.62859537155745,10444.532513868162
2022-08-29,73.81737087815102,76.05426090476166,73.0717408692808,74.56300088702123,14082.84642328232
2022-08-30,74.94860142963843,77.2197711699305,74.19154484954107,75.70565800973579,21523.91081608638
2022-08-31,77.99357099213384,80.35701253735002,77.20575714372845,78.78138484053923,21613.52293632601
2022-09-01,78.65697044572782,81.04051500468927,77.86245559274067,79.45148529871497,13175.770531619251
2022-09-02,79.16240147408512,81.56126212481497,78.36278125717517,79.96202169099507,31789.86197232548
2022-09-03,80.51782637088459,82.95776050333565,79.7045149934009,81.33113774836828,15602.272132615106
2022-09-04,77.74317991815349,80.09903385506723,76.95789527251557,78.5284645637914,20956.420894622595
2022-09-05,77.8215887182948,80.17981867945525,77.03551206457465,78.60766537201495,6443.434890844333
2022-09-06,77.39437482488287,79.73965891048539,76.61261346301538,78.17613618675038,11364.760487506754
2022-09-07,79.11431936603601,81.51172298318862,78.31518482698515,79.91345390508688,139741.1939069315
2022-09-08,80.62761041141867,83.07087133297682,79.81319010423263,81.44203071860473,33675.59346153098
2022-09-09,80.40557933834165,82.84211204556414,79.5934017692675,81.21775690741582,49118.206941018776
2022-09-10,79.19554322970878,81.59540817606359,78.3955882475905,79.99549821182704,3576.88257945931
2022-09-11,77.78684902574304,80.14402626894737,77.00112327800825,78.57257477347781,64996.94349429699
2022-09-12,77.39588229333735,79.74121205980212,76.61410570451575,78.17765888215894,11167.128080591363
2022-09-13,71.67052788795543,73.84236206637833,70.94658316181447,72.3944726140964,6256.46787814414
2022-09-14,72.00776798042189,74.18982155558619,71.28041678870046,72.73511917214333,25850.152573949585
2022-09-15,72.86106473792158,75.06897579058587,72.12509438703349,73.59703508880968,245926.7388022651
2022-09-16,77.23303008575157,79.57342493683494,76.45289846872377,78.01316170277936,53011.55616726278
2022-09-17,76.0394503704148,78.34367613921525,75.27137511414797,76.80752562668161,27205.320586225076
2022-09-18,76.64289671176056,78.96540873332906,75.86872603790438,77.41706738561672,4631.8796897475795
2022-09-19,75.71789357461203,78.01237519808514,74.95306636678767,76.4827207824364,50109.24375586131
2022-09-20,75.55044176734818,77.83984909363146,74.7873059919204,76.31357754277593,9822.02714345175
2022-09-21,75.80751147843252,78.10470879596078,75.04177903925644,76.57324391760861,20729.842063135802
2022-09-22,76.1759900320735,78.48435336637876,75.40653558730507,76.94544447684191,14860.71780571389
2022-09-23,74.64978066429879,76.9118952298836,73.89574247577052,75.40381885282706,12402.62746047966
2022-09-24,72.8657021890819,75.07375377056924,72.12968499525279,73.60171938291101,23960.570900737875
2022-09-25,73.63146681277424,75.8627233828583,72.8877146227462,74.37521900280225,8287.54195669076
2022-09-26,73.07906608969905,75.29358324393236,72.34089370495461,73.81723847444349,17474.140114127968
2022-09-27,73.07306947526209,75.2874049139064,72.33495766238066,73.81118128814353,18213.83976791918
2022-09-28,72.13297539769833,74.31882313702252,71.40435948459026,72.86159131080639,86161.67904238193
2022-09-29,72.19981686756255,74.38769010597353,71.47052578809222,72.92910794703288,23837.285305405174
2022-09-30,72.83192863005964,75.03895677036448,72.09625258329135,73.56760467682791,28632.316037684333
2022-10-01,70.50234413790083,72.63877880874631,69.790199247619,71.21448902818265,7771.783263145237
2022-10-02,66.68231851512036,68.70299483376037,66.00875974224034,67.35587728800036,8763.560423276309
2022-10-03,66.82909816392487,68.85422235071047,66.15405676832967,67.50413955952007,11976.167805201572
2022-10-04,67.57541971998232,69.62315971149694,66.89283972281079,68.25799971715387,23017.778614272454
2022-10-05,68.50164020385353,70.57744748275819,67.80970444421864,69.19357596348841,26872.715584511763
2022-10-06,66.3582815014279,68.36913851662268,65.68799582969629,67.02856717315949,75850.98186911603
2022-10-07,63.90670162974773,65.8432683458007,63.26117939106341,64.55222386843205,7965.997695474585
2022-10-08,63.2618867956932,65.17891366828997,62.622877838160946,63.900895753225456,10376.400171653984
2022-10-09,64.9729667926844,66.9418445742809,64.3166741988189,65.6292593865499,19963.98444252399
2022-10-10,65.24050633855103,67.21749137911318,64.58151132503032,65.89950135207175,42126.77918926636
2022-10-11,65.38006728145464,67.36128144149873,64.71966256143995,66.04047200146934,1720.7207856624314
2022-10-12,65.33575422668211,67.3156255668846,64.67579711328129,65.99571134008295,20857.257814712746
2022-10-13,65.28815733968321,67.26658634997665,64.62868100291874,65.9476336764477,25591.748643297986
2022-10-14,65.99991361328243,67.99991099550311,65.33324781920888,66.666579407356,30964.95293186076
2022-10-15,66.16133231598809,68.16622117404833,65.49303602996801,66.82962860200817,162001.02589345135
2022-10-16,63.49058044398015,65.41453742713107,62.84926144959651,64.13189943836379,94964.6696551577
2022-10-17,62.28854053654724,64.17607206795776,61.65936335941039,62.91771771368408,15826.04754635053
2022-10-18,64.87618000874534,66.8421248574952,64.22086505916205,65.53149495832862,90299.80978652686
2022-10-19,64.07849486405597,66.02026743569402,63.43123734017661,64.72575238793532,40840.35432426989
2022-10-20,65.44946396223278,67.43278105199741,64.78835826564458,66.11056965882099,53657.23281252158
2022-10-21,67.2023636275696,69.2387988890111,66.52355187375576,67.88117538138343,6871.934136059421
2022-10-22,67.48943689021634,69.53457134143503,66.80772540647678,68.1711483739559,78863.63327208803
2022-10-23,66.79152868595496,68.81551440371118,66.11686678003622,67.4661905918737,4237.82632353117
2022-10-24,66.38931122486107,68.40110853470536,65.71871212157966,67.05991032814251,5505.554396042247
2022-10-25,64.19666258524202,66.14201599691603,63.548211448017355,64.84511372246669,37829.960834115656
2022-10-26,62.559243800823644,64.45497846145467,61.92733224727997,63.19115535436732,387722.6600974342
2022-10-27,61.04431500838025,62.89414273590693,60.42770576587136,61.660924250889146,23688.680375005224
2022-10-28,60.412486117542294,62.243167515043574,59.80225898504187,61.02271325004272,89682.59522476228
2022-10-29,59.8738616772447,61.68822112200969,59.26907519565637,60.47864815883303,48740.94830335326
2022-10-30,58.735391283349216,60.515251625268895,58.14210450270932,59.32867806398911,7394.280058750628
2022-10-31,59.979534370383675,61.79709601797106,59.37368048785454,60.5853882529128,13363.497812103464
2022-11-01,60.859306063319224,62.70352745917739,60.24456559803317,61.47404652860528,59915.40930451974
2022-11-02,63.142984348150456,65.05640811627623,62.50517642544186,63.780792270859045,32983.35209796501
2022-11-03,62.595580267739436,64.49241603342851,61.96330167917641,63.22785885630246,4816.99306799161
2022-11-04,60.676288076042404,62.51496347228611,60.0633962772945,61.28917987479031,15468.021100649337
2022-11-05,61.43895577255273,63.30074231111494,60.81836025969866,62.0595512854068,8746.776043522734
2022-11-06,61.78496254177307,63.65723413394801,61.160872011048085,62.40905307249805,76071.9161030978
2022-11-07,60.63944088536784,62.47699970007596,60.02692128046514,61.25196049027055,28940.76503068911
2022-11-08,61.25718458367862,63.11346290439616,60.63842514343945,61.8759440239178,8891.075385623317
2022-11-09,61.52838393314036,63.3928804159628,60.906885105532886,62.14988276074784,84962.36852194485
2022-11-10,63.13748150274667,65.05073851798142,62.49972916433508,63.77523384115825,7731.904036239036
2022-11-11,61.918370725050906,63.79468498944639,61.29293263691908,62.543808813182736,11492.601318820798
2022-11-12,60.64344655651219,62.481126755194374,60.03088649028479,61.256006622739584,2296.785886658862
2022-11-13,60.27445547746911,62.10095412830151,59.665622593858316,60.88328836107991,20873.21370476786
2022-11-14,60.69696630050747,62.53626830961376,60.08386563080538,61.31006697020957,28917.08864611955
2022-11-15,61.395423174017665,63.25589054292729,60.775267384381124,62.01557896365421,171200.58194018996
2022-11-16,61.60526559164841,63.47209182169836,60.982990181631756,62.22754100166506,75965.72425439341
2022-11-17,61.70343530793358,63.57323637787096,61.08016828462112,62.32670233124604,260657.34840667664
2022-11-18,61.41339843097135,63.27441050463715,60.79306107308275,62.03373578885995,20535.69036453345
2022-11-19,59.67326826759009,61.48154912418373,59.07050798205887,60.2760285531213,36852.51207729718
2022-11-20,59.48504079739608,61.287617791256565,58.88418179944259,60.085899795349576,47299.12266279914
2022-11-21,60.632432545794025,62.46977898657566,60.019983732200146,61.244881359387904,5388.234523939829
2022-11-22,62.47990091619359,64.37323124698733,61.848790805929006,63.11101102645817,14518.716889480369
2022-11-23,64.27074866773178,66.2183471122085,63.62154918623955,64.91994814922403,120565.41598721588
2022-11-24,62.99241579785117,64.90127688263455,62.35612876959005,63.628702826112296,54683.73177757734
2022-11-25,61.840967399631495,63.714936108711235,61.21631116327158,62.465623635991406,31477.43276717346
2022-11-26,62.20102658169918,64.085906175084,61.572733383904236,62.82931977949412,32064.56314944183
2022-11-27,62.5260943948156,64.42082452799183,61.89451768375685,63.15767110587434,42873.77446993611
2022-11-28,61.50428322794796,63.36804938637062,60.88302784180707,62.125538614088846,21757.17361044843
2022-11-29,62.6863224231276,64.58590795110116,62.053127247136416,63.31951759911879,171772.79360790615
2022-11-30,62.329879176501095,64.21866339397083,61.70028443734452,62.959473915657675,9574.189644631935
2022-12-01,61.22590722109333,63.081237742944644,60.60746371380956,61.8443507283771,8452.814718817091
2022-12-02,60.61487253359909,62.451686852799064,60.00260109386577,61.22714397333242,29885.456779214208
2022-12-03,58.12784770670555,59.88929763721178,57.540697729870146,58.714997683540965,14972.206387167476
2022-12-04,58.531328166322886,60.305004777423584,57.94010262928932,59.12255370335645,8674.798749760641
2022-12-05,57.55991754192711,59.30415746744006,56.978504233422804,58.14133085043143,7086.836448185447
2022-12-06,56.62425101648261,58.34013741092148,56.05228888500299,57.19621314796223,16514.58831308192
2022-12-07,55.445936688718426,57.12611658837656,54.88587672216572,56.00599665527114,14047.740619518054
2022-12-08,55.94661752112164,57.641969567216236,55.38150017242344,56.51173486981984,41186.46524727269
2022-12-09,55.97459033646225,57.67079004362777,55.40919043407374,56.539990238850756,2999.858919952561
2022-12-10,55.63746709445139,57.323450945798406,55.075472477335715,56.19946171156706,35892.637737429555
2022-12-11,54.013304182351526,55.65007097575612,53.46771525121666,54.55889311348639,15271.66079690259
2022-12-12,54.8182616174135,56.479421060365425,54.26454180309619,55.37198143173081,189099.47469160918
2022-12-13,53.44056824963895,55.059979408718924,52.900764529945626,53.980371969332275,20062.28802104494
2022-12-14,52.414968248568464,54.0033006197372,51.885524124845546,52.944412372291374,29070.607543945815
2022-12-15,52.33794526241495,53.92394360370025,51.809279148653175,52.866611376176714,6604.070665278566
2022-12-16,52.421873920401815,54.010415554353386,51.89236004241796,52.951387798385674,248255.09605464118
2022-12-17,51.86759496131323,53.43934026317121,51.3436798606939,52.39151006193256,27929.586766419292
2022-12-18,51.38423745909793,52.94133556391908,50.865204757490886,51.903270160704984,24269.97314350655
2022-12-19,53.45713022182994,55.07704325885509,52.917159209488226,53.99710123417166,17537.800361708552
2022-12-20,52.647921277637806,54.24331283150562,52.1161240930152,53.17971846226041,30014.544957665657
2022-12-21,51.88237858990984,53.45457188051317,51.358314159708726,52.40644302011095,17220.005683618518
2022-12-22,50.74973487712217,52.28760563097436,50.23711129250477,51.26235846173957,12491.337527981746
2022-12-23,52.507839665877,54.09898632241873,51.97745744702976,53.038221884724244,7895.697312865333
2022-12-24,52.368981447473935,53.95592027921557,51.840001836893386,52.89796105805448,25592.069677324987
2022-12-25,51.21296942255982,52.76487758687982,50.69566670111982,51.73027214399982,120359.85888081005
2022-12-26,50.46920011096879,51.99856981130118,49.959410210857996,50.97899001107959,30495.602137804977
2022-12-27,50.7846791460856,52.32360881717911,50.27170258905443,51.29765570311677,39673.84145781406
2022-12-28,51.16609756237159,52.71658536729194,50.64926829406481,51.682926830678376,19334.92962015098
2022-12-29,51.24021697929842,52.79295082715595,50.72263903001257,51.75779492858426,169108.1524306217
2022-12-30,51.637680204754986,53.202458392777864,51.11608747541403,52.159272934095945,86038.28701459635
2022-12-31,52.92901853379187,54.53292818633102,52.39438198294549,53.463655084638255,17059.55513454773
2023-01-01,53.373601516328314,54.990983380459475,52.8344742282846,53.91272880437204,21068.757744479637
2023-01-02,54.89225446297006,56.55565611336309,54.337787246172375,55.446721679767734,7357.0110669125115
2023-01-03,55.40411072143931,57.08302316754353,54.844473239404564,55.96374820347405,22224.743571184226
2023-01-04,55.51637020642759,57.19868445510721,54.95559879020105,56.07714162265413,17463.279686715767
2023-01-05,55.9861226302973,57.682671800912374,55.42060624009228,56.55163902050233,6768.406710326573
2023-01-06,55.70462577783802,57.39264474080281,55.14195279018308,56.267298765492946,17185.60536303873
2023-01-07,56.15674357534525,57.85846307762844,55.58950374125085,56.72398340943965,23999.974670523254
2023-01-08,58.20100488946326,59.96467170429548,57.61311595118586,58.78889382774067,77373.19453251858
2023-01-09,58.959005804027655,60.74564234354365,58.363460290855656,59.55455131719965,7349.889336688616
2023-01-10,57.88906904792223,59.643283261495625,57.304330976731094,58.47380711911336,17003.698530269492
2023-01-11,57.480582944287185,59.22241879108377,56.89997099535499,58.06119489321938,75927.70954511505
2023-01-12,57.67770817892859,59.425517517684,57.09510506601012,58.26031129184706,22615.445863905956
2023-01-13,59.88587275242034,61.700596169160356,59.280964946840335,60.490780558000345,6824.12977841315
2023-01-14,59.31326370182127,61.11063532914919,58.7141398260453,59.912387577597244,33111.08589361965
2023-01-15,58.921542155777374,60.707043433225174,58.32637506329477,59.51670924825997,53857.782264539885
2023-01-16,59.27975215053835,61.07610827631224,58.68096677528038,59.87853752579631,24396.46433291128
2023-01-17,59.89248346132136,61.70740720257353,59.28750888090398,60.49745804173875,37732.073671923856
2023-01-18,61.819657215109096,63.692980161021495,61.1952162331383,62.444098197079896,12701.155352487462
2023-01-19,62.77234891042592,64.67454130165095,62.13828478001757,63.40641304083426,2321.7200957390864
2023-01-20,61.712373513833995,63.58244543849563,61.089016205613454,62.33573082205454,185753.65100785153
2023-01-21,61.654062910270376,63.52236784694524,61.03129459804543,62.27683122249533,2700.7839210941124
2023-01-22,61.27673119780118,63.133601840158796,60.65777431701532,61.89568807858706,7521.939523103758
2023-01-23,63.309926042458024,65.22840864980523,62.67043184000895,63.949420244907095,10491.93113039038
2023-01-24,63.4460298499456,65.36863681509547,62.805160861562314,64.08689883832889,14248.922223506119
2023-01-25,63.929458874629326,65.86671520416355,63.28370676478458,64.57521098447407,6337.115150655814
2023-01-26,66.168835465931,68.17395169217133,65.50046339051755,66.83720754134444,15758.51303417336
2023-01-27,67.72840615412234,69.78078209818665,67.04428083943424,68.41253146881044,10864.161779051079
2023-01-28,69.27613277337892,71.37540952408737,68.57637385647611,69.97589169028174,39759.55036762956
2023-01-29,67.13746264156175,69.17193120645756,66.45930645326315,67.81561882986036,27477.810996694127
2023-01-30,65.58958978689928,67.57715311377503,64.92706867794071,66.25211089585787,27206.954926865958
2023-01-31,65.64515972273034,67.6344069870555,64.98207730128861,66.30824214417206,7494.624514092664
2023-02-01,68.54607691742639,70.62323076340901,67.85369230209885,69.23846153275393,45828.280371224166
2023-02-02,69.7817640109827,71.89636292040642,69.07689770784147,70.48663031412394,128116.64288904416
2023-02-03,71.27764124021539,73.43756976264616,70.5576650660718,71.99761741435898,25011.980792181486
2023-02-04,69.28560112123054,71.38516479157087,68.58574656445043,69.98545567801065,4171.94705732795
2023-02-05,69.49711163316954,71.60308471296256,68.79512060657186,70.1991026597672,22450.508589344896
2023-02-06,67.10637386840236,69.13990034926303,66.42853170811546,67.78421602868924,62317.15280976606
2023-02-07,65.68978499335226,67.68038453860537,65.02625181160123,66.3533181751033,16076.65684731484
2023-02-08,65.24865598068578,67.22588798010051,64.58957864754754,65.90773331382402,25206.964177010614
2023-02-09,66.94027751587625,68.9687707739331,66.26411309652397,67.61644193522854,45359.017130854554
2023-02-10,68.33968966480398,70.41058935161624,67.6493897691999,69.02998956040807,19250.316772885766
2023-02-11,69.07616323311531,71.16938030078546,68.37842421055859,69.77390225567203,11310.886654616268
2023-02-12,68.17930027508119,70.24533967735637,67.4906204743228,68.86798007583958,73272.60019142256
2023-02-13,67.90093612121439,69.95854024609967,67.21506807958595,68.58680416284281,49794.738482220164
2023-02-14,67.11191816122134,69.14561265095533,66.43401999797668,67.789816324466,38122.69574537628
2023-02-15,68.31872748947636,70.38899195885443,67.62863933301699,69.00881564593571,11700.08730330805
2023-02-16,70.34186687528933,72.47343859878293,69.63134296745812,71.05239078312053,49513.29378181699
2023-02-17,70.36377754410464,72.49601322725933,69.65303231638642,71.07452277182287,15797.013950342998
2023-02-18,70.00603677496696,72.12743182875383,69.29890509037133,70.71316845956258,34405.1506685762
2023-02-19,67.27571891090524,69.31437705972056,66.59616619463347,67.95527162717701,7953.71238834572
2023-02-20,66.95088235193538,68.97969696866069,66.27461081302694,67.62715389084381,19392.12997282441
2023-02-21,66.3081320350362,68.31746936943124,65.63835292357119,66.97791114650121,10949.031713030372
2023-02-22,67.37848688459789,69.4202592144342,66.6978961079858,68.05907766121,9645.631636192267
2023-02-23,67.7748128211766,69.82859502787892,67.09021875227583,68.45940689007737,21754.5417463142
2023-02-24,68.03459776887047,70.09625224671503,67.34737960958894,68.72181592815198,12102.45018317989
2023-02-25,69.53947714710378,71.64673403034935,68.83705818602193,70.24189610818564,6681.409929227576
2023-02-26,70.43340457020699,72.56775016324357,69.7219560391948,71.14485310121918,77519.0655489595
2023-02-27,72.46113701508169,74.65692904584174,71.72920633816167,73.1930676920017,22855.32076030283
2023-02-28,71.78419688381344,73.95947557726232,71.05910398599714,72.50928978162973,8580.834414246505
2023-03-01,70.19912106652089,72.32636715944577,69.49003903554592,70.90820309749584,40328.863016883384
2023-03-02,70.42560990019318,72.55971929110812,69.71424010322154,71.13697969716483,58365.1344398887
2023-03-03,68.66696582302329,70.74778296917552,67.97336010763922,69.36057153840737,5408.393999631907
2023-03-04,69.13045904818256,71.22532144358203,68.43217158304941,69.82874651331572,214211.1845229474
2023-03-05,68.90201849834472,70.98995845284001,68.20603851351295,69.59799848317648,39859.753646093945
2023-03-06,69.47785050418364,71.58323991340133,68.77605403444441,70.17964697392287,39523.18224500028
2023-03-07,71.32612275211437,73.48752041126936,70.60565686572939,72.04658863849937,10571.788762986507
2023-03-08,72.40635828107857,74.60049035020216,71.67498092470404,73.1377356374531,2130.714372272104
2023-03-09,72.1588138768086,74.34544460034826,71.42993696896204,72.88769078465515,20698.689488915203
2023-03-10,72.52487035091588,74.72259369488303,71.79229590292682,73.25744479890493,150528.16017140166
2023-03-11,74.1863802456116,76.4344523742665,73.4370228693933,74.9357376218299,8211.681072528123
2023-03-12,76.24066965053764,78.55099297328121,75.47056187628979,77.0107774247855,19838.22192109826
2023-03-13,76.36290969775432,78.67693726435293,75.59156717555477,77.13425221995385,24005.275105648863
2023-03-14,74.45554456281572,76.71177318593135,73.70346835511052,75.20762077052093,34691.89194573073
2023-03-15,75.47024453772401,77.75722164492778,74.70791883532276,76.23257024012527,24862.11084388337
2023-03-16,74.50790834631486,76.76572375074865,73.7553032115036,75.26051348112613,37486.42142696079
2023-03-17,73.95867668203792,76.19984870270574,73.21161934181532,74.70573402226053,10393.65667465803
2023-03-18,73.4148256228703,75.63951730841183,72.67326172768978,74.1563895180508,5283.091757418566
2023-03-19,75.39498399181001,77.67968047641031,74.63341849694325,76.15654948667678,18003.410124042362
2023-03-20,74.98686403479662,77.25919324797228,74.22942096373806,75.74430710585517,14863.851438427264
2023-03-21,70.36074761154755,72.49289147856415,69.6500329892087,71.07146223388642,36235.88825328292
2023-03-22,71.14888306542845,73.3049098249869,70.43020747890897,71.86755865194793,18354.299495426578
2023-03-23,72.88229722691288,75.09085168833448,72.14611240643902,73.61848204738675,16113.156905815533
2023-03-24,71.8462486733136,74.02340772402007,71.12052898974477,72.57196835688242,81968.01330170974
2023-03-25,72.9060801154913,75.1153552705062,72.16965506381968,73.64250516716294,6580.003329649924
2023-03-26,71.60313405156636,73.77292599252291,70.8798700712475,72.3263980318852,28275.96047670441
2023-03-27,73.35555732141651,75.57845299782308,72.61459209594766,74.09652254688537,26968.25922659821
2023-03-28,76.83372326825301,79.16201791274553,76.05762505342217,77.60982148308385,67907.22147755431
2023-03-29,78.85398001081019,81.24349455659231,78.05747516221615,79.65048485940423,14789.236540752863
2023-03-30,77.994012866966,80.35746780232861,77.20619455517846,78.78183117875354,22909.258812459975
2023-03-31,77.06090768059394,79.396086701218,76.28251467371925,77.83930068746862,16778.84049191618
2023-04-01,77.52193067127848,79.87108008555965,76.7388808665181,78.30498047603888,42179.51312951045
2023-04-02,77.00409990014401,79.33755747287566,76.22628070923346,77.78191909105456,11859.409943557182
2023-04-03,77.88725882247752,80.24747878679503,77.10051883437168,78.67399881058336,14129.154176657688
2023-04-04,78.31368224173285,80.68682412784597,77.52263494636182,79.10472953710389,41944.57778400587
2023-04-05,80.54720079589552,82.98802506243781,79.73359270704809,81.36080888474295,63799.30099503684
2023-04-06,80.61586247020387,83.05876739354338,79.8015608290907,81.43016411131704,7917.915076491932
2023-04-07,82.82653622308361,85.33643126014675,81.98990454406257,83.66316790210466,19884.48223681489
2023-04-08,82.73751203532788,85.24470936973177,81.90177959052659,83.57324448012918,10920.172379297284
2023-04-09,85.76866239014376,88.36771276560266,84.90231226499078,86.63501251529672,25418.40487920811
2023-04-10,88.32289713262408,90.99934856088541,87.43074665653697,89.21504760871119,100870.77322559575
2023-04-11,86.38053326377688,88.99812518086104,85.50800262474884,87.25306390280494,13501.03853508091
2023-04-12,84.45908197305629,87.01844809345192,83.6059599329244,85.31220401318816,3715.142959974398
2023-04-13,85.93789486425929,88.54207349650957,85.06983532017586,86.80595440834271,137519.9272829188
2023-04-14,86.05565238820076,88.66339943026745,85.18640337417852,86.92490140222299,5668.116015404416
2023-04-15,88.45086905793467,91.13119842332662,87.55742593613735,89.34431217973199,25496.175621951093
2023-04-16,91.85427009016226,94.63773282016719,90.92644918016062,92.7820910001639,5801.975472446436
2023-04-17,93.60372129916689,96.44019770217196,92.65822916483188,94.54921343350192,11624.559262349218
2023-04-18,92.1659716338197,94.95887986514757,91.23500222337708,93.09694104426232,16793.77382822361
2023-04-19,94.51155478211591,97.37554129066488,93.55689261259958,95.46621695163223,62049.900920577624
2023-04-20,90.78987285998525,93.54108112846966,89.87280343715712,91.70694228281339,65607.87307837498
2023-04-21,90.62801235997584,93.37431576482359,89.71257789169326,91.54344682825842,66836.67014420927
2023-04-22,91.32230698240504,94.0896496182355,90.39985943712823,92.24475452768186,59327.89197839251
2023-04-23,92.19833262817771,94.99222149569825,91.2670363390042,93.12962891735123,154783.35597258754
2023-04-24,93.99936366160627,96.8478292271095,93.04987513977186,94.94885218344068,4432.9913010634955
2023-04-25,93.95060787425781,96.79759599165956,93.0016118351239,94.89960391339173,258942.95645194096
2023-04-26,95.81561753086646,98.71912109240787,94.84778301035266,96.78345205138027,13176.406970669523
2023-04-27,95.74166731340054,98.64292995926117,94.77457976478034,96.70875486202075,21111.223919308355
2023-04-28,96.54060023775658,99.46607297223404,95.56544265959742,97.51575781591573,82676.82047388643
2023-04-29,95.22240292819836,98.10793028965892,94.26056047437817,96.18424538201855,20334.97753542434
2023-04-30,94.59249952498,97.45893890452486,93.63701973179839,95.54797931816162,25664.224857053257
2023-05-01,95.92791634820468,98.83482290421088,94.9589474962026,96.89688520020674,48478.93961636508
2023-05-02,96.1643969529926,99.07846958793178,95.19303940801288,97.13575449797233,4820.935526883391
2023-05-03,93.35789844306863,96.18692566861617,92.41488936788613,94.30090751825115,45451.91213657034
2023-05-04,94.09044064713805,96.94166612129375,93.14003215575282,95.04084913852328,15175.824403662966
2023-05-05,95.75482194740042,98.65648321853377,94.78760152368929,96.72204237111153,21218.853691401837
2023-05-06,96.0775531181622,98.98899412174288,95.10707278363532,97.0480334526891,20424.67548866355
2023-05-07,95.79633906077882,98.69925842625697,94.8286992722861,96.76397884927154,40832.444147457805
2023-05-08,95.00607834224841,97.88505041322564,94.046420985256,95.96573569924082,45549.7423155866
2023-05-09,95.34398717577315,98.23319890837233,94.38091659824009,96.30705775330621,12604.815093560117
2023-05-10,95.59196818595962,98.48869449462505,94.6263927497378,96.55754362218143,18621.898790316987
2023-05-11,97.0329119803826,99.97330325251541,96.05278155633833,98.01304240442687,10093.60262102667
2023-05-12,96.61171828245341,99.53934610919443,95.6358423402064,97.58759422470041,52288.737238111746
2023-05-13,95.46040711793589,98.3531467275703,94.49616058139108,96.4246536544807,17573.648976138524
2023-05-14,95.2768541496388,98.16403154811269,94.31446168348083,96.23924661579676,24178.40312712666
2023-05-15,97.39995225265174,100.35146595727755,96.4161143511098,98.38379015419368,19510.563231242333
2023-05-16,98.5409947260362,101.52708547531003,97.54563114294493,99.53635830912748,44310.18732644068
2023-05-17,98.00224464341049,100.97200963260475,97.01232298034573,98.99216630647524,3876.3883929833637
2023-05-18,97.67342263146982,100.63322331727194,96.68682240286911,98.66002286007053,35642.50555886733
2023-05-19,98.13228164095823,101.10598714522969,97.14104647286773,99.12351680904871,6980.581479284032
2023-05-20,99.95463031023665,102.98355850145595,98.94498757983021,100.96427304064308,21373.870916196072
2023-05-21,102.48388814857836,105.5894605167171,101.44869735919879,103.51907893795794,17357.47403076392
2023-05-22,101.8786876819407,104.96592064199952,100.84961002858778,102.90776533529365,112314.4735010116
2023-05-23,102.95804877422144,106.07798964616754,101.91806848357274,103.99802906487014,20257.890527302985
2023-05-24,103.11536394007106,106.24007193825503,102.07379460734307,104.15693327279905,4372.116281837157
2023-05-25,105.35175862417404,108.54423615823993,104.28759944615209,106.415917802196,14651.83093563337
2023-05-26,109.68518380874075,113.00897725749047,108.5772526591575,110.79311495832398,71029.81138897367
2023-05-27,113.99333427953678,117.44767774255305,112.84188645853135,115.1447821005422,26252.184958258476
2023-05-28,112.40243414949438,115.80856851766089,111.26705602677222,113.53781227221656,26821.552189840593
2023-05-29,111.12898356399569,114.49652852048041,110.00646857850077,112.25149854949059,30953.559481863842
2023-05-30,110.94100680317993,114.3028554941854,109.82039057284479,112.06162303351509,33435.50054948812
2023-05-31,114.312099742691,117.7761027651968,113.1574320685224,115.4667674168596,6971.234303490837
2023-06-01,113.61946884810054,117.06248305561874,112.47179744559446,114.7671402506066,15503.836874806859
2023-06-02,113.36555710873924,116.80087702112527,112.22045047127722,114.51066374620125,13959.573690878824
2023-06-03,115.77590547927433,119.28426625137355,114.6064518885746,116.94535906997407,6006.114985177954
2023-06-04,112.2088353685639,115.60910310700523,111.07541278908344,113.34225794804433,30330.144347450023
2023-06-05,109.59877253539906,112.91994746071418,108.49171422696068,110.70583084383743,54884.9336699262
2023-06-06,113.13234755184192,116.56060050795834,111.98959656646979,114.27509853721406,41255.01701183686
2023-06-07,110.56860821493463,113.91917210023568,109.45175358650094,111.68546284336831,12263.255105883474
2023-06-08,107.519910177878,110.77808927417735,106.43385047911156,108.60596987664445,48981.337625665125
2023-06-09,107.04159793708703,110.28528272305937,105.96036967509625,108.1228261990778,25621.63048670472
2023-06-10,108.55927572629945,111.84895074830852,107.46271738562974,109.65583406696913,202089.42951882788
2023-06-11,106.8449337548192,110.08265902011675,105.76569199972002,107.92417550991838,78457.41973990548
2023-06-12,109.85326141563158,113.18214812519616,108.74363251244338,110.96289031881977,41374.671248560786
2023-06-13,109.79131079394404,113.11832021194235,108.68230765461126,110.9003139332768,13118.297391350234
2023-06-14,109.0640773695546,112.36904941105625,107.96242002238738,110.16573471672181,7543.866756582262
2023-06-15,109.67684885814144,113.00038973263058,108.5690018999784,110.78469581630449,39050.511692789005
2023-06-16,111.764110279176,115.15090149975708,110.63517987231563,112.89304068603636,1744.0127578060244
2023-06-17,108.35845828135099,111.64204792624042,107.26392839972118,109.4529881629808,24416.800950810884
2023-06-18,110.8664019543836,114.22598989239523,109.74653930837974,111.98626460038749,9453.344256108301
2023-06-19,113.4982932824383,116.93763550311824,112.35184587554498,114.64474068933161,5499.603759267274
2023-06-20,112.80687170541042,116.22526175708953,111.66740835485072,113.94633505597012,6302.903028418239
2023-06-21,112.63398447831105,116.04713552310835,111.49626746337862,113.77170149324348,78437.05454780142
2023-06-22,110.9478622406482,114.309918672183,109.82717676346995,112.06854771782648,10196.28199671089
2023-06-23,106.20348290643024,109.42177026723115,105.13072045282993,107.27624536003054,44458.77223361602
2023-06-24,104.82050506577114,107.99688400715816,103.76171208530882,105.87929804623349,20320.36443070961
2023-06-25,104.06273564991798,107.21615188173368,103.01159690597942,105.11387439385655,36574.57670207127
2023-06-26,106.04117626112564,109.25454523873552,104.97005326858903,107.11229925366227,26269.726251618216
2023-06-27,106.92199166718972,110.16205202074092,105.8419715493393,108.00201178504011,55313.504025874914
2023-06-28,110.88910156811832,114.24937737321281,109.76900963308682,112.00919350314982,8415.81809425786
2023-06-29,108.18196010965443,111.4602013250985,107.08921303783973,109.27470718146911,110460.70936416897
2023-06-30,105.24315456894992,108.4323410710393,104.18009240158679,106.30621673631305,12280.48465127738
2023-07-01,103.73997935235982,106.88361509031013,102.69210077304307,104.7878579316766,20053.092077361325
2023-07-02,100.17769364443993,103.21338133063507,99.16579774904154,101.18958953983831,14785.414389207985
2023-07-03,101.3910830046797,104.46354006542757,100.36693065109708,102.41523535826232,25193.920536531365
2023-07-04,99.16748218309525,102.1725574007648,98.16579044387207,100.16917392231844,43426.94734492441
2023-07-05,98.88131108893612,101.87771445526751,97.88250996682565,99.88011221104658,144711.0075800291
2023-07-06,96.1699190399109,99.08415901081729,95.19850571627542,97.14133236354635,14144.235875135937
2023-07-07,99.08017635401964,102.08260594050509,98.07936649185783,100.08098621618146,24831.343261682898
2023-07-08,97.48206595816524,100.43606795689752,96.49739862525448,98.466733291076,5446.406217730462
2023-07-09,99.44552638298997,102.45902718247451,98.44102611649511,100.45002664948481,13329.932343390064
2023-07-10,99.82043966337794,102.8453014713591,98.8121523940509,100.828726932705,24738.348064654245
2023-07-11,103.08568751974329,106.20949623246278,102.04441794883678,104.12695709064978,27157.579362450666
2023-07-12,104.63214665884206,107.80281776971607,103.57525628855073,105.6890370291334,73803.7239446437
2023-07-13,104.8463321164156,108.02349369570092,103.78727825665382,105.90538597617737,1294.8322256417503
2023-07-14,105.84298158583161,109.05034466419015,104.7738605597121,106.91210261195113,20447.862115441843
2023-07-15,110.15320437740256,113.49118026762689,109.04054574732778,111.26586300747734,11119.289637296502
2023-07-16,114.05978540880123,117.51614254240128,112.90766636426788,115.21190445333458,4358.469538367393
2023-07-17,114.84893417588826,118.32920490849094,113.68884393168736,116.00902442008915,36497.25610039039
2023-07-18,112.84552053447665,116.26508176279413,111.70566679170415,113.98537427724914,69565.05858143663
2023-07-19,112.36528188193725,115.77029042381415,111.23027903464495,113.50028472922955,2621.4654666413558
2023-07-20,110.9958361428781,114.35934632902593,109.87466608082883,112.11700620492738,13882.310387848673
2023-07-21,113.17267133417266,116.60214622308699,112.02951303786789,114.31582963047744,5340.0689298615425
2023-07-22,115.2161908855443,118.70759060934867,114.05239097760949,116.37999079347908,53756.87962671797
2023-07-23,113.66392167422475,117.10828293708005,112.515801253273,114.81204209517652,7372.76414134617
2023-07-24,115.40815181598306,118.90536853767952,114.24241290875091,116.57389072321521,9767.87073852582
2023-07-25,115.78797669074993,119.29670325713629,114.61840116862113,116.95755221287871,290588.32016315055
2023-07-26,116.61012973563726,120.14377003065657,115.43224963729749,117.78800983397703,62792.224329444165
2023-07-27,114.12490845622284,117.58323901550231,112.97213160312968,115.277685309316,37613.60222816592
2023-07-28,112.31735116855143,115.72090726456814,111.18283246987919,113.45186986722366,2745.8234798155913
2023-07-29,113.12555658666228,116.55360375595508,111.98287419689801,114.26823897642655,8026.450857525631
2023-07-30,114.16177713979282,117.62122493190776,113.00862787575451,115.31492640383114,16963.224199736578
2023-07-31,111.52948444642873,114.9091657932902,110.4029239974749,112.65604489538255,106544.4661199923
2023-08-01,111.35370698037026,114.72806173735118,110.22892206137662,112.4784918993639,27988.350220259174
2023-08-02,109.78286838045535,113.10962196774187,108.67395051802652,110.8917862428842,18695.038826501463
2023-08-03,106.36750777101403,109.59076558225688,105.29308850059975,107.44192704142831,29498.42428470221
2023-08-04,110.35327530954697,113.69731395529082,109.23859576096568,111.46795485812825,27692.17115941038
2023-08-05,114.79394898093453,118.2725534955083,113.63441414274328,115.9534838191258,26646.15106846783
2023-08-06,113.1944987383526,116.62463506375724,112.05111996321773,114.33787751348748,29204.071059261125
2023-08-07,114.65774285806151,118.13221991436642,113.49958383929321,115.81590187682981,26457.346262582043
2023-08-08,112.47587507053373,115.88423492115598,111.33975512032632,113.61199502074115,25516.41123222819
2023-08-09,112.88803484932596,116.30888439021463,111.74775166902974,114.02831802962218,27690.33635360491
2023-08-10,108.52896618276367,111.81772273375651,107.43271399909938,109.62521836642794,53536.82343081586
2023-08-11,106.12585100581063,109.3417858847746,105.05387271282265,107.19782929879862,11492.93131360212
2023-08-12,108.31656729400105,111.5988875150314,107.2224605536576,109.4106740343445,29911.0033324145
2023-08-13,108.79160186853292,112.08831707667028,107.6926967991538,109.89050693791204,6008.560929462942
2023-08-14,107.95844132889046,111.22990924794775,106.86795202253802,109.04893063524288,61472.74900330554
2023-08-15,108.92026729063117,112.22088145095333,107.82006257052379,110.02047201073856,14846.779704898147
2023-08-16,111.41392348747816,114.7901029870987,110.28853032093797,112.53931665401834,5961.538090494197
2023-08-17,111.06759940173994,114.4332842320957,109.94570445828802,112.18949434519186,11644.355208160165
2023-08-18,113.91002992308923,117.3618490116677,112.75942356022973,115.06063628594872,14030.596308684688
2023-08-19,115.98134815570943,119.4959344634582,114.80981938645984,117.15287692495902,2742.61714579653
2023-08-20,116.8456230903009,120.38639954758276,115.66536427120695,118.02588190939485,29962.436290121314
2023-08-21,116.38635948299529,119.91321886126788,115.21073969023776,117.56197927575282,55206.34317611412
2023-08-22,114.80926975332137,118.28833853372505,113.64958015985347,115.96895934678926,5364.735757766985
2023-08-23,112.94609742533794,116.36870643822698,111.80522775437493,114.08696709630095,38457.25309278427
2023-08-24,110.20023286960668,113.53963386565538,109.08709920425711,111.31336653495624,48958.614162713624
2023-08-25,109.00825403302427,112.31153445826745,107.90716055794321,110.10934750810533,23184.57142140686
2023-08-26,109.74376924075096,113.0693380056222,108.63524631912722,110.85229216237471,19334.589713376983
2023-08-27,108.15373021914094,111.43111598335733,107.06126829773547,109.2461921405464,7114.8748227070355
2023-08-28,107.30883514454325,110.56061802771123,106.2249075168206,108.39276277226591,9880.410185805655
2023-08-29,103.94779702729073,107.09773027054197,102.89781927954033,104.99777477504115,15035.387952054245
2023-08-30,103.61004850078949,106.74974694020736,102.56348235431687,104.65661464726212,54071.59792047069
2023-08-31,106.38195878654415,109.60565450734852,105.30739354627603,107.45652402681227,75555.91662710554
2023-09-01,103.20684177661069,106.33432183044738,102.16434842533178,104.24933512788958,5330.054902058059
2023-09-02,104.465049694205,107.63065726069607,103.40984717204131,105.52025221636869,24002.608174583722
2023-09-03,102.51115140719479,105.61754993468554,101.47568523136454,103.54661758302504,34928.047754833104
2023-09-04,105.75730515999385,108.96207198302396,104.68904955231714,106.82556076767055,15191.64783371489
2023-09-05,106.94169065653647,110.1823479491588,105.86147155899569,108.02190975407724,16668.979931930124
2023-09-06,108.39947965708974,111.68431237397125,107.30453541812925,109.49442389605025,21876.891633302876
2023-09-07,109.56359286573495,112.8837017404542,108.4568899074952,110.6702958239747,12806.93055563779
2023-09-08,110.60623180134739,113.95793579532761,109.48899713668732,111.72346646600747,137320.41245014727
2023-09-09,112.6913626255383,116.10625240206977,111.55306603336115,113.82965921771546,118866.0570550966
2023-09-10,109.30489919264309,112.61716886514743,108.20080930180832,110.40898908347788,4579.069190714203
2023-09-11,107.07325713340636,110.31790128896414,105.99170908155376,108.15480518525895,21682.70388910314
2023-09-12,108.97278759186565,112.27499327646764,107.87205236366499,110.07352282006632,18419.867323213213
2023-09-13,112.33763642136842,115.74180722201595,111.20291282115258,113.47236002158427,18146.089240798836
2023-09-14,114.32985026415601,117.79439118125164,113.17500329179079,115.48469723652121,14792.407537897763
2023-09-15,114.8192325163546,118.29860319866837,113.65944228891668,115.97902274379253,8481.053017596769
2023-09-16,111.62987404943199,115.01259750547538,110.50229956408418,112.75744853477978,57105.61121958144
2023-09-17,109.86728076798276,113.19659230640649,108.75751025517486,110.97705128079068,19524.249948430854
2023-09-18,106.9317911148469,110.17214842135742,105.85167201267673,108.01191021701707,10883.262570229317
2023-09-19,107.68542625283226,110.94862098776657,106.59769467452081,108.77315783114369,40111.844744111506
2023-09-20,106.09412113304488,109.3090945007129,105.0224633438222,107.16577892226755,26936.5386012514
2023-09-21,108.4428060787733,111.72895171752401,107.34742419918973,109.53818795835687,23293.83992169757
2023-09-22,107.83882250022764,111.10666560629515,106.7495414648718,108.92810353558347,92177.47349473332
2023-09-23,106.5139755308736,109.7416717590819,105.4380767881375,107.5898742736097,36874.67155734023
2023-09-24,111.14123046282266,114.50914653745366,110.018591771279,112.26386915436633,108451.34001800918
2023-09-25,111.03283265470402,114.39746394727081,109.9112888905151,112.15437641889295,64645.75007508524
2023-09-26,110.66387218751747,114.01732285986648,109.54605529673447,111.78168907830047,9074.417391887302
2023-09-27,111.47002820307348,114.84790784559087,110.34406832223436,112.59598808391262,6055.680101946732
