date,open,high,low,close,volume
2021-01-01,9.9,10.2,9.8,10.0,33364.12916349574
2021-01-02,10.234996194932892,10.545147594779344,10.131612394984074,10.33837999488171,21566.242323805032
2021-01-03,10.01276601353476,10.316183165460057,9.911626962892996,10.113905064176526,5127.581452719441
2021-01-04,9.816387142270589,10.113853419309091,9.717231716591087,9.915542567950089,15158.446415555429
2021-01-05,9.902261777074127,10.202330315773343,9.802238930841055,10.0022846233072,174663.95909418105
2021-01-06,10.018011927215301,10.321588046221827,9.91681988754646,10.119203966884143,293464.8218712508
2021-01-07,10.219929171146044,10.529623994514106,10.11669756335669,10.323160778935398,48814.281393326804
2021-01-08,10.149094548038216,10.456642867675738,10.046578441492374,10.251610654584056,211081.30364130606
2021-01-09,10.418171901899441,10.73387408074488,10.312937842284295,10.523405961514587,47334.47447356872
2021-01-10,10.291131196536101,10.602983657037196,10.18718037636907,10.395082016703133,22823.246469714584
2021-01-11,10.495992396277774,10.814052771922556,10.389972271062847,10.602012521492702,5841.634096721181
2021-01-12,11.18403123718965,11.522941274680246,11.071061224692784,11.297001249686515,19941.929602277793
2021-01-13,11.599173763358408,11.950663877399572,11.482010392011352,11.716337134705462,81993.6819242434
2021-01-14,11.682696601262466,12.036717710391631,11.564689564886077,11.800703637638854,67199.5699476004
2021-01-15,11.680172689660223,12.034117316619623,11.562191147340423,11.798154231980023,28323.28232169459
2021-01-16,11.75016632913456,12.106231975471971,11.631477780355421,11.868854877913696,12230.53408121783
2021-01-17,11.265013523486811,11.606377569653079,11.151225508098056,11.378801538875567,212242.26788122108
2021-01-18,11.340031048335051,11.683668352830054,11.225485280170052,11.454576816500053,14584.84815726967
2021-01-19,11.019009379613125,11.352918754752917,10.907706254566527,11.130312504659722,7816.359637851719
2021-01-20,10.99197575453588,11.325065928915754,10.880945696409254,11.103005812662504,31168.400684060838
2021-01-21,11.054946937860013,11.389945329916378,10.943280807174558,11.166613068545468,14414.310239742646
2021-01-22,11.061263346627987,11.396453145010653,10.949533413833766,11.17299327942221,3789.2166051293952
2021-01-23,11.185564282400009,11.524520775806069,11.072578784597988,11.298549780202029,34595.30355655191
2021-01-24,11.137174122883593,11.47466424781946,11.024677414571636,11.249670831195548,9679.543041203848
2021-01-25,11.27118693516653,11.612738054414,11.157336562084039,11.38503730824902,20775.28213878245
2021-01-26,11.149710273377377,11.48758028166154,11.037086937282655,11.262333609472098,61006.21437639662
2021-01-27,11.329912224671697,11.673242898146595,11.21546866684673,11.444355782496663,107934.46968176309
2021-01-28,11.061920696280074,11.397130414349167,10.950184123590375,11.173657268969771,12752.974783458198
2021-01-29,10.88891809129042,11.21888530617801,10.778929019661224,10.998907162919616,60334.05682030045
2021-01-30,10.797317277998818,11.124508710665449,10.688253467109941,10.906381088887695,9705.920879044343
2021-01-31,10.68550070812958,11.009303759891083,10.577566357542413,10.793435058716748,101272.75418688636
2021-02-01,10.389271502466809,10.70409791163247,10.284329366078254,10.494213638855362,43882.54554106141
2021-02-02,10.458530329596465,10.77545549109939,10.35288860909549,10.56417205009744,12108.327490947617
2021-02-03,10.943584521428992,11.275208294805628,10.83304326363678,11.054125779221204,67424.40735532952
2021-02-04,10.718360927141898,11.043159743115895,10.610094655150567,10.826627199133231,31968.567273785982
2021-02-05,10.794918593863322,11.122037339131907,10.685879012107126,10.903958175619517,24790.061187236788
2021-02-06,10.955493067831322,11.287477706250453,10.84483152169161,11.066154613971031,24988.713943038496
2021-02-07,10.767753467190001,11.09404902680182,10.658988280652729,10.876518653727274,22947.201306117095
2021-02-08,10.567272652013724,10.88749303540808,10.460532524215607,10.674012779811843,21155.987788806106
2021-02-09,10.55008826016858,10.869787904416114,10.44352171208607,10.656654808251092,24111.51044127156
2021-02-10,10.623364790697192,10.945284935869834,10.516058075639643,10.730671505754739,4975.546573293554
2021-02-11,10.26733638222718,10.578467787749217,10.163625913719835,10.371046850734526,3344.6495117051386
2021-02-12,10.257297941538589,10.568125151888243,10.153688871422037,10.36090701165514,41304.02956156275
2021-02-13,10.09634342788258,10.402293228727508,9.99436016093427,10.19832669483089,5647.754742434378
2021-02-14,9.702562031441827,9.99657906269764,9.604556354356555,9.800567708527097,16748.75375957569
2021-02-15,9.705589869635329,9.999698653563671,9.607553608325881,9.803626130944776,52185.00827696949
2021-02-16,9.963547094883516,10.265472764425441,9.862905205036208,10.064188984730825,9130.644200663255
2021-02-17,9.822818605835844,10.120479775709658,9.723598215877907,9.922038995793782,12552.925117475725
2021-02-18,9.927268020400863,10.228094324049374,9.82699258585136,10.027543454950367,22910.512864483335
2021-02-19,10.133765004357345,10.440848792368174,10.03140374168707,10.236126267027622,7094.61637395178
2021-02-20,10.2133155211518,10.522809930883675,10.110150717907842,10.316480324395759,7481.449775029552
2021-02-21,10.303071947116177,10.61528624854394,10.199000513306922,10.407143380925431,14387.39791735532
2021-02-22,10.20379673473772,10.51300269639644,10.10072808085148,10.30686538862396,139687.15144617186
2021-02-23,10.188790448247541,10.497541673952012,10.085873373012719,10.291707523482366,24216.884151328723
2021-02-24,10.240962571941735,10.551294771091484,10.137518505558486,10.344406638324985,2691.4612052140274
2021-02-25,10.117942321972807,10.424546634759862,10.015740884377122,10.220143759568492,57950.05092295386
2021-02-26,10.291624550791871,10.603491961421929,10.187668747248518,10.395580354335223,6674.505605246759
2021-02-27,10.360574311969971,10.674531109302395,10.255922046192497,10.465226577747446,751.2655861644845
2021-02-28,10.420144872402618,10.735906838233001,10.314890883792492,10.525398861012746,22088.896317461094
2021-03-01,10.179974592198294,10.488458670749758,10.077146566014473,10.282802618382116,10150.970197885677
2021-03-02,10.158556689494674,10.466391740691483,10.055945005762405,10.261168373226944,41750.47647206942
2021-03-03,10.02049995331928,10.324151467056229,9.91928278207363,10.12171712456493,33422.248523219234
2021-03-04,10.024182586902485,10.3279456955965,9.922928217337814,10.125436956467157,17718.473283883402
2021-03-05,10.372731774386528,10.687056979670968,10.267956705958381,10.477506842814675,45151.27805159843
2021-03-06,10.500312315047161,10.818503597321317,10.39424855428911,10.606376075805214,36555.826405480744
2021-03-07,10.362594817464554,10.676612842236208,10.25792214254067,10.467267492388439,11601.204639133932
2021-03-08,10.11859835964584,10.425222552362381,10.016390295406993,10.220806423884687,38243.93439485129
2021-03-09,10.048306591963351,10.352800731113756,9.946808545579884,10.14980463834682,14421.682329909794
2021-03-10,10.047876611775852,10.352357721223605,9.9463829086266,10.149370314925102,20735.225507239535
2021-03-11,9.826047749773183,10.123806772493582,9.726794742199717,9.92530075734665,31520.6538485068
2021-03-12,9.63499878729107,9.926968447512012,9.537675567217422,9.732322007364717,79608.91027446861
2021-03-13,9.404874802461256,9.689871008596446,9.30987606708286,9.499873537839653,39801.157213297134
2021-03-14,9.466719936922352,9.753590238041213,9.371096503216066,9.56234337062864,64668.2019257134
2021-03-15,9.693016507187217,9.986744280132283,9.595107249538861,9.790925764835572,57467.05757104951
2021-03-16,9.81055912722797,10.10784879775003,9.711462570387283,9.909655684068657,56587.00497675221
2021-03-17,9.808077177847906,10.105291637782692,9.709005691202979,9.907148664492835,148579.14591804793
2021-03-18,10.18449466588879,10.49311571637027,10.081620982394963,10.287368349382616,4287.754712977681
2021-03-19,10.285142008322241,10.596812978271402,10.181251685005854,10.389032331638628,18684.465811699716
2021-03-20,10.117529460512442,10.424121262346151,10.015332193234538,10.219726727790345,56889.90252811655
2021-03-21,10.012655838927495,10.316069652228329,9.91151790116055,10.11379377669444,22901.400667335576
2021-03-22,9.79667359959661,10.093542496554084,9.697717300610785,9.895629898582435,7819.239390667559
2021-03-23,9.469462240414707,9.756415641639395,9.373811106673143,9.565113374156269,24993.34292532576
2021-03-24,9.303398028839194,9.585319181228261,9.209424311376171,9.397371746302216,26154.953220770032
2021-03-25,9.305435219459442,9.587418104897607,9.211440924313388,9.399429514605497,45258.46733968326
2021-03-26,9.302451919960376,9.584344402383417,9.208487759152694,9.396416080768056,2435.4362293057457
2021-03-27,9.532623813352265,9.821491201635666,9.436334683924464,9.628912942780065,12186.504316123777
2021-03-28,9.303914052195674,9.58585084165615,9.209935122375516,9.397892982015833,39777.93819309698
2021-03-29,9.4665989469084,9.7534655816632,9.370976735323467,9.562221158493333,22478.69167650294
2021-03-30,9.58694851612625,9.877462107524016,9.490110652326996,9.683786379925506,8340.590191777774
2021-03-31,9.510538040805887,9.798736163254551,9.414471999989667,9.606604081622109,67788.49033487089
2021-04-01,9.630151959378034,9.921974746025855,9.532877697162094,9.727426221593975,20787.20079452919
2021-04-02,9.667715953837947,9.960677043348188,9.570062257334534,9.765369650341361,10236.697626597323
2021-04-03,9.965828805660827,10.26782361795358,9.865163868229908,10.066493743091744,46762.75542803026
2021-04-04,10.006663735858334,10.309895970278284,9.905586324385016,10.10774114733165,107196.30474895371
2021-04-05,10.053116173074287,10.35775605710684,9.951569545063435,10.154662801085138,6868.111269937901
2021-04-06,9.697990256792623,9.991868749422704,9.600030759249265,9.795949754335984,64866.51294563988
2021-04-07,9.806583998652426,10.103753210732803,9.707527594625633,9.905640402679218,23575.107856958733
2021-04-08,10.144900764494494,10.452321999782207,10.042427019398591,10.247374509590399,52001.03334942571
2021-04-09,10.333322588577008,10.646453576109646,10.228945592732796,10.437699584421221,76360.59245629453
2021-04-10,10.02789629693034,10.331771942291866,9.926604415143164,10.129188178717515,4933.479304465944
2021-04-11,10.221789696782166,10.531540899714958,10.118539295804567,10.325040097759763,25181.166468506584
2021-04-12,10.346112384940533,10.659630942059943,10.241606199234061,10.450618570647002,14985.7238219485
2021-04-13,10.47329392013602,10.790666463170446,10.367503072457879,10.579084767814162,32065.31715828146
2021-04-14,10.551579587260681,10.871324423238278,10.444997975268148,10.658161199253213,3104.291749599438
2021-04-15,10.664394632220755,10.987558105924416,10.556673474319537,10.772115790121976,9738.458667523057
2021-04-16,10.606186388211091,10.92758597573264,10.499053192370575,10.713319584051607,54824.63150435226
2021-04-17,10.36013904302367,10.674082650388025,10.25549117390222,10.464786912145122,20009.649661478164
2021-04-18,10.679927757233058,11.003561931694666,10.572049699079187,10.787805815386927,36292.1160327932
2021-04-19,10.611994034525635,10.933569611329442,10.504802175591031,10.719185893460237,22673.620427358528
2021-04-20,10.229416442187972,10.53939875861791,10.126089003377992,10.33274388099795,9252.780230000324
2021-04-21,10.479159489823488,10.796709777393897,10.373309393966686,10.585009585680291,28555.448824181192
2021-04-22,10.524937579945975,10.84387508236858,10.41862507913844,10.63125008075351,16020.43250045937
2021-04-23,10.358866577983692,10.67277162580138,10.254231562044462,10.46350159392292,6300.454362125266
2021-04-24,10.341070597856016,10.654436373548624,10.236615339291813,10.445525856420218,120879.85571037036
2021-04-25,10.52129304289146,10.840120104797261,10.415017355589526,10.627568730193394,12995.461229065839
2021-04-26,10.753520836841416,11.079385104624489,10.644899414247057,10.862142259435773,20167.27193372325
2021-04-27,10.96358627350396,11.295816160579838,10.852842977812001,11.07432956919592,41006.124831908
2021-04-28,10.989596025369826,11.32261408674467,10.878590004911546,11.100602045828108,54564.74077921055
2021-04-29,10.92027874368271,11.251196281370065,10.809972897786926,11.030584589578496,31881.90970477263
2021-04-30,11.141933865068385,11.479568224615912,11.029389078552542,11.254478651584227,32344.979250941313
2021-05-01,11.303916048282185,11.64645895883619,11.189735078097515,11.418097018466852,57240.30083912619
2021-05-02,11.41051396212724,11.756287112494732,11.295256245338077,11.525771678916405,38719.52835678093
2021-05-03,11.64294089105926,11.995757281697419,11.525335427513205,11.760546354605312,6636.554830504422
2021-05-04,11.927524943724631,12.288965093534468,11.807044893788017,12.048004993661243,30156.596844213585
2021-05-05,11.47078636708081,11.818385953962046,11.354919838120399,11.586652896041223,6822.615199518159
2021-05-06,11.213633078652164,11.553440141641623,11.100364057655678,11.32690209964865,6308.001356480009
2021-05-07,11.290287606150414,11.632417533609518,11.17624429699738,11.404330915303449,99160.51255084557
2021-05-08,11.503200477765052,11.8517823104246,11.387006533545204,11.619394421984902,19463.494346991007
2021-05-09,11.8906762443745,12.250999766931304,11.770568403522233,12.010784085226769,12333.2174101986
2021-05-10,11.985734138395435,12.348938203195297,11.864666116795481,12.10680215999539,20072.839247580047
2021-05-11,12.102149159694672,12.468880952412693,11.979905228788667,12.22439309060068,6471.957750327668
2021-05-12,12.145542854798178,12.51358960797388,12.022860603739609,12.268225105856745,28521.27256750981
2021-05-13,12.121494898288832,12.488812925509706,11.999055555881874,12.24393424069579,114771.09979317879
2021-05-14,12.56223619915436,12.942910023371159,12.435344924415425,12.689127473893292,19769.55074753189
2021-05-15,12.326229335389815,12.699751436462234,12.201721968365677,12.450736702413955,6857.751533473334
2021-05-16,12.216432028719687,12.58662693868089,12.093033725399287,12.339830332040089,6505.192290423119
2021-05-17,11.914255094427052,12.275293127591508,11.793909083372233,12.03460110548187,7559.125349126013
2021-05-18,11.975086673387805,12.33796808773289,11.854126201939444,12.096047144836167,43120.20441904924
2021-05-19,12.172886342301716,12.54176168600783,12.049927894399678,12.295844790203754,13572.665453312904
2021-05-20,12.133744892291176,12.501434131451514,12.011181812571063,12.256307972011289,16359.743693121158
2021-05-21,12.305172028271091,12.678056029127792,12.180877361318856,12.429466695223324,12646.163006716437
2021-05-22,12.249011738427908,12.620193912319664,12.125284347130656,12.37273912972516,3759.0553525330533
2021-05-23,11.913260509382551,12.274268403606266,11.792924544641314,12.03359647412379,10863.069204272408
2021-05-24,11.882462013256772,12.242536619719099,11.762437144435998,12.002486882077548,70235.04571236693
2021-05-25,12.129031653210678,12.496578066944336,12.006516181966125,12.25154712445523,9681.211725488129
2021-05-26,12.314750231020897,12.687924480445773,12.190358814545938,12.439141647495855,1733.1496190938437
2021-05-27,12.514126108169368,12.893342050841166,12.387720793945434,12.6405314223933,4015.1841827512053
2021-05-28,12.780348080467482,13.167631355633162,12.651253655412255,12.909442505522708,9805.778728374782
2021-05-29,13.4674979705608,13.875603969668703,13.331462637524833,13.603533303596768,8148.423414289772
2021-05-30,13.51945801501212,13.92913856092158,13.3828978330423,13.65601819698194,16663.767546875566
2021-05-31,13.544603929152094,13.955046472459735,13.407789748049549,13.681418110254642,17078.129344431403
2021-06-01,13.563654814873482,13.974674657748437,13.42664820058183,13.700661429165134,34556.20435608541
2021-06-02,13.266730946621982,13.668753096519618,13.132723563322768,13.400738329921193,49630.30512109578
2021-06-03,13.563824219575011,13.974849195925769,13.42681589412476,13.700832545025264,73238.72719990101
2021-06-04,13.338579746972995,13.742779133244904,13.20384661821569,13.473312875730297,10102.587465370452
2021-06-05,13.24741437191163,13.648851171060468,13.113602105528685,13.381226638294576,23126.231896974004
2021-06-06,13.924345064303173,14.346294914736603,13.783695114158697,14.06499501444765,11400.143085602454
2021-06-07,13.369047636748151,13.774170292407186,13.234006751528474,13.50408852196783,16831.923766607597
2021-06-08,13.61265140083968,14.025155988743913,13.47514987153827,13.750152930141091,18657.08695195001
2021-06-09,13.090510276363588,13.487192405950365,12.958282899834662,13.222737652892514,16897.545664131496
2021-06-10,12.927870166789386,13.319623808207247,12.7972856196501,13.058454713928674,29454.965560592314
2021-06-11,12.501607793151011,12.880444392943467,12.375328926553525,12.627886659748496,32613.169680462954
2021-06-12,12.651610718639466,13.034992861628542,12.52381667097644,12.779404766302491,37058.248857809005
2021-06-13,12.501806476807308,12.88064909731662,12.375525603304204,12.628087350310413,26553.69749272647
2021-06-14,12.714646075052935,13.09993838035757,12.586215306618056,12.843076843487813,13147.38786610684
2021-06-15,12.645164698975229,13.028351508035085,12.517435762621945,12.772893635328515,26694.483787720263
2021-06-16,12.461480197514877,12.839100809560783,12.335606660166242,12.587353734863512,7478.226489597334
2021-06-17,12.6079135592293,12.989971545872612,12.480560897014863,12.735266221443737,22741.370018707898
2021-06-18,12.356020062336025,12.730444912709844,12.231211778878086,12.480828345793965,101555.27421217495
2021-06-19,12.207108562735115,12.577020943424058,12.083804435838802,12.33041268963143,8794.10687233863
2021-06-20,11.87461774518394,12.23445464655315,11.754672111394203,11.994563378973677,51455.79510338995
2021-06-21,12.091944575195425,12.458367138080135,11.969803720900522,12.214085429490328,15611.347799858231
2021-06-22,12.244377849795853,12.61541960281997,12.120697265454481,12.368058434137225,20261.162484239758
2021-06-23,12.004394072335689,12.368163589679195,11.88313756655452,12.125650578116858,36154.34441765926
2021-06-24,11.775798803021722,12.132641190992077,11.656851340364936,11.894746265678506,13675.772832893708
2021-06-25,11.500812224318542,11.849321685661529,11.384642403870881,11.616982044766205,33426.1011350062
2021-06-26,11.443756712973178,11.790537219426911,11.328163210821932,11.559350215124422,1761.4945038084456
2021-06-27,11.666901926344119,12.020444408960607,11.549054432138622,11.784749420549614,29863.066056873755
2021-06-28,11.832588743407596,12.191152038662374,11.713067644989337,11.952109841825855,32945.08362491927
2021-06-29,11.350589664514493,11.694546927075539,11.23593724366081,11.465242085368175,32435.514844863887
2021-06-30,11.481381389695633,11.829302037868228,11.36540784030477,11.597354939086499,12908.002624807483
2021-07-01,11.874774223011329,12.234615866132884,11.754827008637477,11.99472143738518,43759.54864214775
2021-07-02,12.060163206558633,12.425622697666471,11.938343376189353,12.181983036927912,6343.497387439114
2021-07-03,12.03759717976086,12.402372851874826,11.916005289056205,12.159189070465516,47105.886325992346
2021-07-04,12.024576208306126,12.388957305527525,11.90311584256566,12.146036574046592,158978.73616242802
2021-07-05,12.289558351372712,12.661969210505218,12.165421398328542,12.41369530441688,15441.942834511701
2021-07-06,12.253561150015111,12.624881184864053,12.129787805065464,12.377334494964758,20838.69212631607
2021-07-07,12.518302988906974,12.897645503722337,12.39185548396852,12.644750493845429,5198.7822203426185
2021-07-08,12.747270331587806,13.133551250726832,12.618510025208131,12.876030637967482,4565.234046829175
2021-07-09,12.758040669445014,13.1446479624585,12.629171571773853,12.886909767116176,9563.148864674298
2021-07-10,12.822372020490443,13.210928748384093,12.69285311119256,12.951890929788327,10635.365937746665
2021-07-11,12.313288330927598,12.686418280349647,12.188911681120247,12.437664980734947,57613.86633669415
2021-07-12,12.226121185340713,12.596609706108614,12.102625011751412,12.349617358930013,22248.959704115066
2021-07-13,12.143431247718567,12.511414012800948,12.02077032602444,12.266092169412694,47478.04661787022
2021-07-14,11.901996396068585,12.26266295352521,11.78177421024971,12.02221858188746,9145.813711347637
2021-07-15,11.926787817914269,12.288205630578338,11.806315213692914,12.047260422135626,10860.785866185615
2021-07-16,11.612696078325795,11.964595959487182,11.495396117938666,11.729996038712924,73742.80291558406
2021-07-17,11.704949104485001,12.059644531893637,11.58671729534879,11.823180913621213,26057.62158027178
2021-07-18,11.643414411829612,11.996245151582025,11.525804165245473,11.76102465841375,12736.717322764032
2021-07-19,11.300496368974414,11.64293565288273,11.186349941004977,11.414642796943854,9498.777524257897
2021-07-20,11.547860950436462,11.897796130752718,11.431215890331044,11.664506010541881,19802.511157911125
2021-07-21,11.459510938803804,11.806768846040283,11.34375830305831,11.575263574549297,4231.897330519051
2021-07-22,11.510390938520628,11.859190663930343,11.394124363384057,11.6266575136572,30394.586196080218
2021-07-23,11.601344265439728,11.952900152271235,11.484158969829226,11.71852956105023,11534.390394242952
2021-07-24,11.55823186627802,11.908481316771294,11.441482049446929,11.674981683109111,8156.028851596242
2021-07-25,11.453142581897676,11.800207508621849,11.337454272989618,11.568830890805733,25415.729188799713
2021-07-26,11.63570936249572,11.988306615904683,11.518176944692733,11.753241780298708,10016.68415937212
2021-07-27,11.301031184243422,11.643486674675042,11.186879354099549,11.415183014387296,26210.472420048183
2021-07-28,11.076065669706342,11.411704023333808,10.964186218497186,11.187945120915497,8490.369854744884
2021-07-29,11.337448587175524,11.681007635271753,11.222928904476783,11.451968269874268,1556.2731159453108
2021-07-30,11.639839895777351,11.992562316861514,11.522265755415964,11.757414036138739,34813.48707717517
2021-07-31,11.710120277460007,12.064972407080008,11.591836234253341,11.828404320666674,19621.59192051746
2021-08-01,11.658593245022832,12.011883949417463,11.540829676891288,11.776356813154376,21342.26666917109
2021-08-02,11.600493049135265,11.952023141533303,11.483316351669252,11.717669746601278,87068.26223306727
2021-08-03,11.644692323582763,11.997561787933757,11.5270691687991,11.762315478366428,16679.70357333403
2021-08-04,11.659394643263132,12.012709632452925,11.541622980199868,11.777166306326396,19978.27663651613
2021-08-05,11.626663824249693,11.978986970439077,11.509222775519898,11.744104872979488,74638.06263154064
2021-08-06,11.43340429971557,11.779871096676647,11.317915367395209,11.548893232035928,25504.519116440028
2021-08-07,11.641119472461522,11.99388066859672,11.523532407083124,11.758706537839922,9460.31906414964
2021-08-08,11.710681596256572,12.065550735537075,11.592391883163073,11.828971309350074,4500.554165731421
2021-08-09,11.410739187532803,11.756519162912586,11.295479195739542,11.525999179326064,6594.243886647145
2021-08-10,11.229746250692044,11.570041591622106,11.116314470382024,11.343178031002065,16480.006151872185
2021-08-11,11.29140523220088,11.633569027116058,11.177350633895822,11.40545983050594,32669.690397270115
2021-08-12,11.375918747651024,11.720643558185904,11.261010477472732,11.490827017829318,42365.85732227479
2021-08-13,11.108684682027246,11.445311490573527,10.996475745845153,11.22089361820934,43888.60156886346
2021-08-14,11.18576171606589,11.524724192310313,11.072774223984418,11.298749208147365,29725.873689348224
2021-08-15,11.260775101313568,11.602010710444281,11.147029898269997,11.374520304357139,43118.121954609545
2021-08-16,11.017399970174447,11.35126057533125,10.906113101788847,11.128686838560048,8627.106172684687
2021-08-17,11.380974801868316,11.725852826167356,11.266015460435304,11.49593414330133,35238.138717962844
2021-08-18,11.569429521121167,11.920018294488475,11.452566596665399,11.686292445576937,162615.67765296524
2021-08-19,11.68581946693948,12.03993520836189,11.567780886465343,11.803858047413616,136783.50851944223
2021-08-20,12.072701382358611,12.43854081818766,11.950754903748928,12.194647860968294,4871.233328060919
2021-08-21,12.386443644297282,12.7617904213972,12.261328051930642,12.51155923666392,11435.850287705447
2021-08-22,12.076684972561551,12.442645123245235,11.95469825566699,12.198671689456113,21948.481869474123
2021-08-23,11.80053812032673,12.158130184579054,11.681340765575953,11.919735475077504,70619.77242209358
2021-08-24,11.296413704424454,11.638729271225195,11.182308515490874,11.410518893358034,21243.964002003995
2021-08-25,11.494256308093274,11.842567105308222,11.378152709021625,11.610359907164923,83674.35560307244
2021-08-26,11.539105266575113,11.888775123137997,11.42254864772082,11.655661885429408,28250.25375137073
2021-08-27,11.227087484494778,11.567302256752196,11.113682560408972,11.340492408580584,98572.19798796729
2021-08-28,11.219862755869439,11.559858596956392,11.106530808840454,11.333194702898423,64134.07295995756
2021-08-29,11.421092373780635,11.767186082077018,11.305727804348507,11.536456943212762,29875.468986045795
2021-08-30,11.408666689427248,11.754383861834134,11.293427631958286,11.52390574689621,7038.054596791355
2021-08-31,11.227220007550025,11.567438795657603,11.1138137448475,11.340626270252551,148590.42763076207
2021-09-01,11.191525488141721,11.530662624146016,11.07847977614029,11.304571200143153,11307.17470779046
2021-09-02,11.242899003226599,11.583592912415284,11.12933436683037,11.356463639622827,184146.4507994375
2021-09-03,11.000879719232717,11.334239710724619,10.889759722068751,11.111999716396685,40742.3215302486
2021-09-04,11.057366656271116,11.392438373127817,10.94567608398555,11.169057228556683,26218.902793049063
2021-09-05,10.89855233676645,11.228811498486644,10.788465949526385,11.008638724006515,17645.566700886546
2021-09-06,10.85177931444345,11.180621111850826,10.742165381974324,10.961393246912575,6143.997407803352
2021-09-07,10.764072014777907,11.090256015225723,10.655344014628636,10.87280001492718,8691.758849131964
2021-09-08,10.16727210027891,10.475371254832815,10.064572382094273,10.269971818463544,15029.580367073479
2021-09-09,10.24602930376557,10.556515040243314,10.142534058272988,10.34952454925815,14203.340298873296
2021-09-10,10.17288630336007,10.481155585280073,10.070129876053402,10.275642730666737,23084.023554484105
2021-09-11,10.209002416118105,10.518366125697442,10.10588117959166,10.312123652644551,11300.520935792638
2021-09-12,10.306003027759203,10.618306149812513,10.201901987074768,10.41010406844364,67263.23052906005
2021-09-13,10.501224200948812,10.81944311612908,10.395151229222055,10.607297172675567,91042.17344611436
2021-09-14,10.66622767725705,10.989446697779991,10.558488003749401,10.773967350764696,43834.23027656829
2021-09-15,10.152709110616172,10.460366962453026,10.05015649333722,10.255261727895123,42996.23273331993
2021-09-16,10.320668293929812,10.633415817988292,10.216419119243652,10.424917468615972,55236.38508617612
2021-09-17,10.488401649133628,10.806232002137678,10.382458198132278,10.594345100134978,16050.798247085637
2021-09-18,10.506404066716822,10.824779947526423,10.400278773113623,10.612529360320023,14797.06890555747
2021-09-19,10.764145801200739,11.090332037600762,10.655417055734064,10.872874546667413,44663.75033179454
2021-09-20,10.737088628301118,11.06245495037085,10.628633187611207,10.845544068991028,25506.343590364948
2021-09-21,10.838877119839463,11.167327941652779,10.729393512568357,10.948360727110568,10625.213969368135
2021-09-22,10.722037377797005,11.046947601366611,10.61373396994047,10.83034078565354,18503.75801193036
2021-09-23,10.8287125577639,11.156855362544626,10.719331622836993,10.93809349269081,11130.67741909708
2021-09-24,10.922506360199803,11.253491401417978,10.812178013127077,11.032834707272528,75395.42698631027
2021-09-25,10.507689753016574,10.826104594017076,10.401551472683073,10.613828033350075,24270.179696286723
2021-09-26,10.419602467841784,10.735347997170324,10.314353958065604,10.524850977617964,19571.012787900407
2021-09-27,10.389882423193427,10.70472734510838,10.284934115888442,10.49483073049841,16101.44162534071
2021-09-28,10.755517946051944,11.081442732295942,10.646876350637276,10.86415954146661,5643.057577905128
2021-09-29,10.349609842495973,10.66323438317767,10.245068328935407,10.454151356056538,10436.34306796828
2021-09-30,10.497277302764457,10.815376614969441,10.391244198696128,10.603310406832785,12761.51714381866
2021-10-01,10.529193037527193,10.848259493209836,10.422837552299645,10.63554852275474,58758.32466293678
2021-10-02,10.638302105382193,10.96067489645438,10.53084450835813,10.745759702406255,2285.4145615570014
2021-10-03,10.661346240518755,10.984417338716293,10.55365587445291,10.769036606584601,9137.776654786
2021-10-04,10.774409501575324,11.10090675919882,10.665577082367493,10.883241920783156,13776.00741032117
2021-10-05,10.853107281941227,11.181989320787931,10.743479935658993,10.962734628223462,2029.2875225634054
2021-10-06,10.581103042514501,10.901742528651305,10.474223213802233,10.687982871226769,63642.0875565844
2021-10-07,10.32176789299779,10.634548738240149,10.217507611250337,10.426028174745243,8198.203532417601
2021-10-08,10.05878015742055,10.363591677342386,9.957176317446605,10.160383997394495,16374.145578412785
2021-10-09,10.3828730500827,10.697505566751873,10.277995544526311,10.487750555639092,8370.412278380338
2021-10-10,10.006518997505779,10.309746845915045,9.905443048036025,10.107594946975535,20556.934040668366
2021-10-11,9.873997099127791,10.173209132434694,9.774259754692158,9.973734443563426,35272.50379943675
2021-10-12,9.976399559231131,10.27871469738965,9.875627846511625,10.077171271950638,9128.485729196684
2021-10-13,10.04893355935194,10.353446697514121,9.947429179964546,10.150437938739334,24651.591787349058
2021-10-14,9.925800624815114,10.226582461930724,9.825540012443243,10.026061237186983,62178.055149166394
2021-10-15,10.029619236690037,10.333547092347311,9.928309951470945,10.130928521909128,40246.77897598747
2021-10-16,10.147226443766241,10.4547181541834,10.044729206960522,10.249723680571961,15229.659081470485
2021-10-17,10.189002537908726,10.497760190572627,10.086083320354092,10.29192175546336,40986.05059560248
2021-10-18,10.232853907608707,10.542940389657456,10.12949174692579,10.336216068291623,34749.25075487763
2021-10-19,10.263570276308693,10.574587557408957,10.159897849275271,10.367242703342114,271537.9678823918
2021-10-20,10.27576478594349,10.587151597638748,10.171969182045071,10.37956038984191,6259.197142085308
2021-10-21,10.46640435490509,10.783568123235547,10.360683098794937,10.572125611015242,138587.2692745436
2021-10-22,10.393547938505652,10.708503936642188,10.288562605793473,10.49853327121783,70394.60484016917
2021-10-23,10.115686201304138,10.422222146798203,10.013507552806116,10.21786484980216,33166.653168286735
2021-10-24,10.182572634527492,10.491135441634388,10.07971836549186,10.285426903563124,28055.049801517438
2021-10-25,10.352550278350854,10.666263923149366,10.247979063418018,10.457121493283692,6610.880623370271
2021-10-26,10.841904043275584,11.17044659004151,10.732389861020273,10.951418225530892,72981.33574528944
2021-10-27,10.738944252089452,11.064366805183072,10.630470067724913,10.847418436453992,30961.58907565126
2021-10-28,10.591410797747487,10.912362640103472,10.484426850295494,10.698394745199483,23700.96208344296
2021-10-29,10.74075429231551,11.06623169511295,10.632261824716362,10.849246759914656,38521.68591660403
2021-10-30,10.600326873582308,10.9215489000545,10.493252864758244,10.707400882406372,7060.784029349143
2021-10-31,10.535516252439606,10.854774320695352,10.429096896354359,10.641935608524856,14610.995487714525
2021-11-01,10.504680081144485,10.823003719967046,10.398572201536966,10.610787960752006,29035.753074539647
2021-11-02,10.363349397764965,10.677390288606329,10.258669100817844,10.468029694712087,60982.133364366695
2021-11-03,10.005444550117112,10.3086398395146,9.904379453651282,10.106509646582941,44690.98365478505
2021-11-04,10.601843857237526,10.92311185291139,10.494754525346238,10.708933189128814,4356.503657385302
2021-11-05,10.77737095749498,11.10395795620695,10.66850862459099,10.88623329039897,5038.883825599296
2021-11-06,10.928511589967307,11.259678607845105,10.818122584008043,11.038900595926574,5375.132064186325
2021-11-07,10.812795853275958,11.140456333678259,10.703575693141858,10.922016013410058,12311.359824635012
2021-11-08,10.918356843211606,11.249216141490747,10.808070410451892,11.02864327597132,36968.16196100563
2021-11-09,10.814073679277062,11.141772881679397,10.704840611809615,10.923306746744506,45216.345149082146
2021-11-10,10.930332325763214,11.261554517453009,10.81992492853328,11.040739722993145,56025.25705084658
2021-11-11,10.583670280566853,10.904387561796153,10.476764520157086,10.69057604097662,54154.919196854724
2021-11-12,10.660915996874644,10.983974057385998,10.553229976704193,10.768602017045096,26389.520404466155
2021-11-13,10.871011099359107,11.200435678127565,10.761202906436289,10.980819292281927,3927.7098345111117
2021-11-14,11.026855085953299,11.361002209770065,10.915472711347709,11.138237460558887,64840.233859483706
2021-11-15,10.859732091901224,11.188814882564898,10.750037828346667,10.969426355455782,9235.558344284187
2021-11-16,10.606221156800348,10.92762179791551,10.499087609761961,10.713354703838736,6189.276702983836
2021-11-17,10.63552424664908,10.9578128601839,10.52809470880414,10.74295378449402,48790.164961947565
2021-11-18,10.921553428041138,11.252509592527232,10.811234706545772,11.031872149536502,18221.153777066294
2021-11-19,10.955233993749092,11.287210781438459,10.844575064519303,11.06589292297888,5194.536126380067
2021-11-20,10.908592590728333,11.239156002568585,10.798404786781582,11.018780394675083,110005.05596088906
2021-11-21,10.611723900029137,10.933291290939112,10.504534769725813,10.718913030332462,33183.27882228848
2021-11-22,10.348495082030151,10.66208584209167,10.243964828676312,10.453025335383991,55864.239664531044
2021-11-23,10.149293218326727,10.456847558276023,10.046775105010296,10.25181133164316,29919.446882308606
2021-11-24,10.223625405070857,10.53343223552755,10.120356461585294,10.326894348556422,4393.526200565421
2021-11-25,10.260781105110281,10.5717138658712,10.157136851523308,10.364425358697254,1738.9525074982303
2021-11-26,10.436786587952831,10.753052848193827,10.331364501205831,10.542208674699829,2443.4814985750777
2021-11-27,10.593249459785907,10.914257019173359,10.486246939990089,10.700251979581724,8232.862066702064
2021-11-28,10.74151745372309,11.067017982623788,10.633017277422855,10.850017630023322,10463.92291329489
2021-11-29,10.509432206479838,10.827899849100438,10.403276325606305,10.615588087353371,347914.17158225726
2021-11-30,10.629982753488989,10.952103442988655,10.522609190322434,10.737356316655545,10402.475771203111
2021-12-01,10.471329141787722,10.78864214608432,10.365558140355523,10.577100143219921,15185.56074002119
2021-12-02,10.06350771241041,10.368462491574363,9.961856119355758,10.16515930546506,44735.56579902175
2021-12-03,9.479149751152448,9.766396713308584,9.38340076376707,9.574898738537827,3959.633915092302
2021-12-04,9.467816319413643,9.75471984424436,9.372181811136738,9.563450827690549,11415.186271190985
2021-12-05,9.29696979682786,9.578696154307492,9.203061011001315,9.390878582654404,30171.697817379805
2021-12-06,9.493561353902363,9.781245031293345,9.397666794772036,9.58945591303269,21826.730902634157
2021-12-07,9.671267817041462,9.964336538769992,9.573578243131951,9.768957390950971,6557.823929596124
2021-12-08,9.821322565706945,10.118938401031398,9.72211728726546,9.92052784414843,34810.94708220224
2021-12-09,9.762742340686964,10.05858301767748,9.664128781690126,9.861355899683803,25105.447448658702
2021-12-10,9.963275132357008,10.265192560610252,9.862635989605927,10.06391427510809,25961.507713623865
2021-12-11,9.96059916230903,10.26243550056082,9.859987049558434,10.061211275059627,18580.503868078355
2021-12-12,9.7451959460615,10.04050491412397,9.646759623374011,9.84363226874899,26186.813306514952
2021-12-13,9.723971145379505,10.018636937663732,9.625749214618097,9.822193076140914,15194.17142135953
2021-12-14,9.670507763231939,9.963553453026847,9.572825866633636,9.768189659830242,187705.71125753797
2021-12-15,9.772003411084103,10.0681247265715,9.673296305921639,9.87071051624657,36927.293521687236
2021-12-16,9.874559551832185,10.173788629160434,9.774816526056103,9.974302577608269,15016.532819455779
2021-12-17,10.036207724218851,10.340335231013363,9.934831888620682,10.137583559817022,22842.731307235266
2021-12-18,10.122027903564607,10.428756021854445,10.019785197467995,10.22427060966122,23182.128062179414
2021-12-19,9.836887335380917,10.13497483039246,9.737524837043734,9.936249833718097,14817.38685093277
2021-12-20,9.74693239234394,10.042293979990726,9.648478529795012,9.845386254892869,34363.700859245764
2021-12-21,9.758363491804774,10.054071476404918,9.659794163604726,9.856932820004822,6653.461076383216
2021-12-22,9.530447893359657,9.819249344673587,9.43418074292168,9.626715043797633,11330.916903363495
2021-12-23,9.33214335856106,9.614935581547758,9.23787928423216,9.42640743288996,125677.90218691756
2021-12-24,9.457684758816226,9.744281266659142,9.362152589535254,9.553216928097198,30056.72263955251
2021-12-25,9.627823980232066,9.91957622205728,9.530573232956993,9.725074727507137,7017.001428374928
2021-12-26,9.46987725744882,9.756843234947269,9.374221931616002,9.565532583281636,26701.540784091078
2021-12-27,9.721464108064753,10.016053929521261,9.623267500912585,9.819660715216923,8548.422583936834
2021-12-28,9.663915327747597,9.956761246770252,9.566300021406711,9.761530634088482,26227.721735242543
2021-12-29,9.748919346106854,10.044341144473728,9.650445413317895,9.847393278895812,16191.783587256625
2021-12-30,10.001541987312379,10.304619017230937,9.90051631067286,10.102567663951898,9613.008533320814
2021-12-31,9.686802006879432,9.980341461633355,9.58895552196146,9.784648491797407,12058.508558275318
2022-01-01,9.8920779191018,10.191837856044279,9.792157940120974,9.991997898082627,47151.1695474084
2022-01-02,9.852959274252695,10.1515337977149,9.753434433098628,9.952484115406763,2697.4525730698997
2022-01-03,9.805686299433642,10.102828308507389,9.706638963075727,9.904733635791558,25805.743054748218
2022-01-04,9.665082231128824,9.95796351086,9.567455137885098,9.76270932437255,103857.79621204639
2022-01-05,9.948099276743546,10.249556830584261,9.847613425463308,10.048585128023785,20062.451606895957
2022-01-06,9.748660237825744,10.044074184426526,9.65018892229215,9.847131553359338,22389.75660222437
2022-01-07,9.909973818830728,10.210276055764993,9.809873073185972,10.010074564475483,18832.74309937734
2022-01-08,10.010160894791076,10.313499103724139,9.909048158480056,10.111273631102097,101724.57506816024
2022-01-09,9.813463200550506,10.11084087329446,9.714337309635855,9.912589091465158,45953.337372972215
2022-01-10,9.475445499380431,9.762580211482868,9.379733928679618,9.571157070081243,17963.62042906017
2022-01-11,9.15469643887927,9.432111482481671,9.06222475767847,9.24716812008007,29991.022934489578
2022-01-12,9.16460863549885,9.442324048695784,9.072036831099872,9.257180439897828,62418.07592512177
2022-01-13,9.002842229094282,9.275655629975928,8.9119044288004,9.093780029388164,12951.050701493485
2022-01-14,8.909767258528431,9.179760205756565,8.819769609452386,8.999764907604476,41402.99581778822
2022-01-15,9.199294821035897,9.478061330764257,9.106372651126444,9.29221699094535,9359.987192772956
2022-01-16,9.140467500242657,9.417451363886375,9.048139545694752,9.232795454790564,4078.313544490012
2022-01-17,9.168523325345294,9.446357365507273,9.075911978624633,9.261134672065953,43506.106257360676
2022-01-18,9.405699181528322,9.690720368847362,9.310692119088642,9.500706243968002,4056.7237434201547
2022-01-19,9.545670608534476,9.834933354247642,9.449249693296753,9.642091523772198,19097.89984556097
2022-01-20,9.702454113659456,9.99646787467944,9.604449526652795,9.800458700666118,6556.914765337371
2022-01-21,9.696106553848116,9.989927964570786,9.598166083607225,9.794047024089005,135538.65099585525
2022-01-22,9.713640261864253,10.007992997072261,9.615522683461585,9.811757840266923,18704.3112634564
2022-01-23,9.773273666531763,10.069433474608482,9.674553730506188,9.871993602557335,52360.495268486324
2022-01-24,9.983419150770827,10.28594700382449,9.882576533086272,10.08426176845538,14822.277572554205
2022-01-25,9.927535130610195,10.228369528507475,9.82725699797777,10.027813263242622,21769.05205824793
2022-01-26,9.919991296722618,10.220597093593002,9.81978936443249,10.020193229012746,6493.037458348195
2022-01-27,9.887734767004051,10.1873630932769,9.787858658246435,9.987610875761668,9808.649044875727
2022-01-28,9.676203738969926,9.969422034090227,9.57846430726316,9.773943170676693,13323.260154551923
2022-01-29,9.846931993607617,10.145323872201788,9.747468034076226,9.946395953139007,119765.53528211595
2022-01-30,10.046341416247792,10.350776004618936,9.944863220124077,10.147819612371507,24204.81486268566
2022-01-31,9.78873651592494,10.085364895195394,9.689860389501455,9.887612642348424,9431.862602726034
2022-02-01,9.862479282891291,10.161342291463754,9.762858280033804,9.962100285748779,21291.313563314514
2022-02-02,9.702300071963366,9.996309165053164,9.604297040933433,9.800303102993299,42896.83669404106
2022-02-03,9.810741667558494,10.108036869605721,9.711643266876086,9.909840068240904,35689.91912469597
2022-02-04,10.180991753021177,10.48950665462788,10.07815345248561,10.283830053556745,31216.22411286426
2022-02-05,10.322283746171276,10.635080223327982,10.218018253785708,10.426549238556845,2809.5881285134797
2022-02-06,9.970180588845016,10.272307273355473,9.869471694008197,10.070889483681835,11647.987634497682
2022-02-07,10.026712488875871,10.33055226126605,9.925432564745812,10.12799241300593,4910.422719136503
2022-02-08,10.204924270191754,10.514164399591504,10.101844227058503,10.308004313325004,34819.64695395388
2022-02-09,10.29492429507091,10.606891697951847,10.190935160777263,10.398913429364555,62828.15041737962
2022-02-10,10.15403367144221,10.461731661485913,10.051467674760975,10.256599668123444,26226.713183723445
2022-02-11,10.166452993528011,10.474527326665223,10.063761549148941,10.269144437907082,36093.89590865874
2022-02-12,10.051203278766506,10.355785196304884,9.94967597292038,10.152730584612632,5695.966814690826
2022-02-13,10.001196313812803,10.304262868776828,9.900174128824794,10.102218498800811,4313.725782283384
2022-02-14,9.977387319234184,10.279732389514008,9.87660562914091,10.078169009327459,53594.64540466608
2022-02-15,10.06485551050423,10.369851132034663,9.963190303327421,10.166520717681042,15885.144418068217
2022-02-16,9.946971691317785,10.248395075903172,9.846497229789321,10.047446152846247,71065.18673220325
2022-02-17,10.145449332828505,10.452887191399066,10.042970046638318,10.247928619018692,12364.670559406271
2022-02-18,9.817764565328467,10.115272582459633,9.718595226284746,9.91693390437219,46634.782936420655
2022-02-19,9.677458268100258,9.97071457925481,9.579706164382074,9.775210371818442,105470.09469958732
2022-02-20,9.682866754003536,9.976286958670311,9.58506001911461,9.780673488892461,9582.282228311613
2022-02-21,9.551395997288505,9.840832239630581,9.454917249841147,9.647874744735864,871.5523643785558
2022-02-22,9.649773800655815,9.942191188554476,9.552301338022927,9.747246263288702,9460.70067216523
2022-02-23,9.706481479400013,10.000617281806074,9.608436211931325,9.8045267468687,42859.29141702174
2022-02-24,9.662146989558101,9.954939322575013,9.564549545219132,9.759744433897072,1850.1334296894486
2022-02-25,10.04241727326673,10.346732948214207,9.940978714950905,10.143855831582556,61516.78462397016
2022-02-26,9.69641460311059,9.990245348659396,9.598471021260988,9.794358184960192,61960.967653543776
2022-02-27,9.872405672576795,10.171569480836698,9.772684403156827,9.972126941996763,39264.29729382837
2022-02-28,9.74347145745697,10.038728168289,9.645052553846293,9.841890361067646,108095.6241743243
2022-03-01,9.723995612127606,10.018662145828443,9.625773434227327,9.822217790027885,26415.649146180436
2022-03-02,9.581346599730374,9.871690436085839,9.484565320945219,9.678127878515529,19673.115593755032
2022-03-03,9.618200897407037,9.909661530661797,9.521047352988784,9.71535444182529,3846.4959100756096
2022-03-04,9.856058860372322,10.154727310686635,9.75650271026755,9.955615010477093,13839.11354023955
2022-03-05,9.872553921920963,10.171722222585235,9.772831155032872,9.972276688809053,21018.302868685503
2022-03-06,9.84982683739291,10.14830643852603,9.750333637015205,9.949320037770617,33119.2484589322
2022-03-07,9.454432981665402,9.740930950806778,9.358933658618277,9.549932304712527,2535.723641151563
2022-03-08,9.382810294326346,9.667137879002901,9.288034432767493,9.477586155885197,82343.1988208378
2022-03-09,9.703849810059971,9.997905864910274,9.605831125109871,9.801868495010073,40759.52710037983
2022-03-10,9.43218522244693,9.718009017066535,9.336910624240396,9.527459820653466,6933.389365944122
2022-03-11,9.544663640853502,9.833895872394518,9.448252897006498,9.641074384700508,13135.484471481452
2022-03-12,9.631766669656482,9.9236383869188,9.53447609723571,9.729057242077255,216667.08113526815
2022-03-13,9.584659816239233,9.875104053094969,9.487845070620654,9.681474561857812,13069.430835664152
2022-03-14,9.777067213018945,10.073341977049822,9.678308958341987,9.875825467695904,41940.071356743145
2022-03-15,9.771751444350938,10.067865124482784,9.67304688430699,9.870456004394887,17150.395873407477
2022-03-16,9.848243471329917,10.146675091673249,9.748766264548806,9.947720678111027,20442.269040986776
2022-03-17,10.0540240192721,10.358691413795498,9.952468221097636,10.155579817446567,7288.730274072047
2022-03-18,9.956645053482534,10.258361570254731,9.856072881225135,10.057217225739933,14603.100437106681
2022-03-19,9.912365334098267,10.212740041192154,9.812240431733636,10.012490236462895,36485.43476495643
2022-03-20,10.0210881099314,10.324757446595987,9.91986499770987,10.122311222152929,4889.653100583437
2022-03-21,9.96087622612218,10.262720960247094,9.86026131474721,10.061491137497152,20648.25102570764
2022-03-22,9.734470162858376,10.029454107187417,9.63614218141536,9.832798144301389,16270.410440074582
2022-03-23,9.739695663186442,10.034837956010273,9.641314898911832,9.838076427461052,10685.03026813995
2022-03-24,9.839180371445,10.137337352397878,9.739794711127374,9.938566031762626,51404.57966355448
2022-03-25,10.026435272924179,10.330266644830973,9.925158148955246,10.12771239689311,11285.37200670079
2022-03-26,10.236855625284713,10.547063371505462,10.13345304321113,10.340258207358296,43538.435962604875
2022-03-27,10.080124371713856,10.385582686008215,9.978304933615737,10.181943809811976,59750.471472163445
2022-03-28,9.907661163088347,10.20789331954557,9.807583777602607,10.007738548574089,24719.969843207276
2022-03-29,9.451792020933375,9.73820996096166,9.35631937425728,9.54726466760947,12489.55152297084
2022-03-30,9.604451466866069,9.895495450710495,9.507436805584593,9.701466128147544,16800.47447546809
2022-03-31,9.649537103413783,9.941947318668747,9.552067031662128,9.747007175165438,7453.955486880601
2022-04-01,9.771859929457396,10.067976897016711,9.673154273604291,9.870565585310501,8683.557508767415
2022-04-02,9.779838507432196,10.076197250081655,9.681052259882374,9.878624754982015,23276.881703969717
2022-04-03,9.859997635125863,10.158785442250888,9.760401699417521,9.959593570834205,7492.292724701792
2022-04-04,10.14212413021005,10.4494612250649,10.039678431925099,10.244569828494999,8539.062679672088
2022-04-05,9.921600940668327,10.222255514627975,9.821382749348444,10.02181913198821,44419.547169445505
2022-04-06,10.527369597386976,10.846380797307793,10.421032530746702,10.633706664027248,1740.3601459517406
2022-04-07,10.743844561087238,11.069415608392912,10.635320878652013,10.852368243522463,55899.252829412115
2022-04-08,10.752851914087024,11.078695911483601,10.644237248288166,10.861466579885883,130103.4120267055
2022-04-09,10.456260184543495,10.773116553772086,10.35064139480063,10.561878974286358,22810.1914265093
2022-04-10,10.016046516773473,10.319563077887821,9.914874329735358,10.11721870381159,102386.90904989309
2022-04-11,10.073642329603315,10.378904218379173,9.97188836667803,10.175396292528601,29305.106653545634
2022-04-12,9.993698228082783,10.296537568327716,9.892751781334473,10.094644674831095,27809.718583528065
2022-04-13,10.17137522661276,10.479598718328297,10.06863406270758,10.27411639051794,18152.485498489572
2022-04-14,10.539666918491339,10.859050764506227,10.433205636486376,10.646128200496301,21436.193585766734
2022-04-15,10.675575508804442,10.999077796950031,10.567741412755913,10.783409604852972,28144.089093884984
2022-04-16,10.714814784506364,11.039506141612618,10.606584332137613,10.823045236875116,16095.781205652618
2022-04-17,11.110751837138075,11.44744128674832,10.998522020601326,11.222981653674823,12135.111861695626
2022-04-18,11.170540968055516,11.509042209511744,11.057707220903438,11.283374715207591,1062.2468660174045
2022-04-19,10.862123102793669,11.191278348332872,10.752404687613936,10.971841517973404,10780.429024507797
2022-04-20,11.054932962521407,11.389930931082661,10.94326697300099,11.166598952041825,5384.434453617387
2022-04-21,10.881135304302946,11.210866677160611,10.771224846683724,10.991045761922168,12114.25938614298
2022-04-22,11.090300677508013,11.426370395008256,10.978277438341266,11.20232391667476,9369.917914771948
2022-04-23,11.278355986539138,11.620124349767597,11.164433198796317,11.392278774281957,15719.809349134928
2022-04-24,11.150187708691357,11.488072184712308,11.037559550017708,11.262815867365008,37309.535035298635
2022-04-25,11.099342811523565,11.435686533084885,10.987228237669791,11.211457385377338,13786.8431461024
2022-04-26,11.357212766725079,11.701370729353112,11.242493445849068,11.47193208760109,8421.175700762911
2022-04-27,11.28691257979236,11.628940233725464,11.17290336181466,11.400921797770062,25625.075765502697
2022-04-28,11.477999928072043,11.82581810771059,11.362060534859195,11.593939321284893,109673.26423374693
2022-04-29,11.21869659124138,11.558657094006271,11.105376423653084,11.332016758829678,69564.0229481938
2022-04-30,11.44560836819199,11.79244498540993,11.329996162452677,11.561220573931303,64197.97714812639
2022-05-01,11.475063337379769,11.82279252942158,11.359153606699167,11.590973068060373,21598.845987458353
2022-05-02,11.389673101853717,11.7348147110008,11.274625898804688,11.504720304902744,40216.06067799521
2022-05-03,11.680792857606729,12.034756277534207,11.562805050964236,11.798780664249222,7472.780899991594
2022-05-04,11.218006797562266,11.557946397488395,11.10469359758689,11.331319997537642,33299.74255467718
2022-05-05,10.808349222009515,11.135874956009802,10.69917397734275,10.917524466676277,23476.43587564876
2022-05-06,10.691854744667888,11.015850342991158,10.583856211893465,10.799853277442311,8110.504966046448
2022-05-07,10.804693209600252,11.132108155345716,10.695554894351766,10.91383152484874,35348.365152955324
2022-05-08,11.041879851945346,11.376482271701265,10.930345712026705,11.153413991863985,12722.451172464978
2022-05-09,11.03988646216331,11.374428476168259,10.928372457494994,11.151400466831626,2985.0999074270835
2022-05-10,10.90367064520348,11.234084907179342,10.793532557878192,11.013808732528767,19574.334567866164
2022-05-11,11.16505939339087,11.503394526523927,11.05228101567985,11.277837771101888,3920.5389871610505
2022-05-12,11.458409725635596,11.805634262776069,11.342668213255438,11.574151238015753,179708.2803503694
2022-05-13,11.44381267626053,11.790594878571454,11.328218608823555,11.559406743697505,32899.92946623723
2022-05-14,11.493616364669036,11.841907769659008,11.377519229672378,11.609713499665693,16943.885270874216
2022-05-15,11.319256244695671,11.66226400968645,11.204920323032077,11.433592166359263,24452.69530763266
2022-05-16,11.347190521141341,11.691044779357744,11.232572435069207,11.461808607213475,2887.30771831433
2022-05-17,11.562517858390727,11.91289718743287,11.445724748710012,11.67931096807144,34674.6113583249
2022-05-18,11.679411463140552,12.03333302262966,11.561437609977515,11.797385316303588,24584.45505301885
2022-05-19,11.683671663186185,12.037722319646374,11.565654777699457,11.801688548672916,18164.67170359698
2022-05-20,12.164219484772758,12.532832196432539,12.041348580886163,12.287090388659351,16850.261203933114
2022-05-21,12.085393273856067,12.451617312457765,11.963318594322166,12.207467953389965,14157.756811290128
2022-05-22,11.833426560189256,12.192015243831355,11.713896998975224,11.95295612140329,94264.74857645512
2022-05-23,11.983738398077357,12.346881985897882,11.862690535470515,12.104786260684198,4146.269098386536
2022-05-24,11.911384912614828,12.272335970572854,11.791067893295487,12.03170193193417,17408.494003318567
2022-05-25,12.006087901336919,12.369908746831978,11.884814286171899,12.127361516501939,14662.291955482087
2022-05-26,12.303456478109842,12.676288492598019,12.179179139947117,12.427733816272568,19191.53664738346
2022-05-27,12.695664510608378,13.08038161699045,12.567425475147687,12.823903546069069,38560.47044583755
2022-05-28,13.161462758560763,13.560294963365635,13.028518690292472,13.294406826829054,12688.206972281088
2022-05-29,12.600729954882867,12.982570256545985,12.473449854328495,12.72801005543724,16674.196289620537
2022-05-30,12.425779037692752,12.802317796410716,12.3002661181201,12.551291957265407,14251.575158002133
2022-05-31,12.517443514041336,12.8967599841638,12.391004690667181,12.64388233741549,473.43351182360277
2022-06-01,12.9428333937237,13.335040466260782,12.812097702878006,13.073569084569394,38725.51109122831
2022-06-02,12.748804000832546,13.13513139479717,12.620028202844338,12.877579798820754,12173.880499059149
2022-06-03,12.783907930374154,13.171299079779432,12.654777547239062,12.913038313509247,132429.3845326573
2022-06-04,13.0868978045927,13.483470465337934,12.954706917677623,13.219088691507778,4426.102940314248
2022-06-05,12.580213642890481,12.961432238129587,12.453140777810779,12.707286507970183,79711.40925861521
2022-06-06,12.18721618579879,12.556525767186633,12.064112992002842,12.310319379594738,17896.01571158837
2022-06-07,11.93484434051187,12.29650629022435,11.814290357274377,12.055398323749364,68579.34199130283
2022-06-08,12.0659573118409,12.431592381896685,11.94407895515564,12.187835668526162,59530.25304302192
2022-06-09,12.118961942939693,12.486203213937866,11.996548185940302,12.241375699939084,51304.633748641885
2022-06-10,11.675407283071918,12.029207503771067,11.557473876172201,11.793340689971634,10000.126594175525
2022-06-11,11.59795947312822,11.949412790495742,11.480808367339048,11.715110578917395,68451.81982360745
2022-06-12,11.373373627861607,11.718021313554383,11.258491065964014,11.488256189759198,28286.491647912266
2022-06-13,11.180110922800683,11.518902162885553,11.067180509439059,11.293041336162306,15198.555496015144
2022-06-14,10.85526626709242,11.184213729731583,10.745617112879364,10.964915421305474,6049.297683120297
2022-06-15,11.230039341798523,11.570343564277268,11.116604600972275,11.343474082624772,3938.0157519638483
2022-06-16,10.768516322711795,11.094834999157607,10.659743430563191,10.877289214860399,9494.733386074171
2022-06-17,10.92338269424563,11.254394291040953,10.813045495313855,11.033719893177404,7380.86098141199
2022-06-18,11.136777981134498,11.47425610177494,11.024285274254352,11.249270688014645,206267.01384458964
2022-06-19,11.166539538447129,11.504919524460679,11.053746209775944,11.279332867118312,8922.06480369636
2022-06-20,11.21480447241609,11.554647032186274,11.101523619159362,11.328085325672818,7181.607141102634
2022-06-21,11.257345580647863,11.598477264909919,11.143635019227178,11.371056142068548,51887.30404290084
2022-06-22,11.359183775743436,11.70340146591748,11.244444545685422,11.473923005801451,50367.028485825766
2022-06-23,11.258634432877136,11.599805173267352,11.144910852747064,11.372358013007208,15044.941482328519
2022-06-24,11.387773944918223,11.732858003855139,11.272745925272584,11.502801964563862,22671.238774928886
2022-06-25,11.256059020636204,11.59715171823124,11.142361454771192,11.369756586501216,5991.4891843918695
2022-06-26,11.23799328435085,11.578538535391786,11.124478200670538,11.351508368031162,4353.033112122783
2022-06-27,11.428239629797861,11.774549921609918,11.312802865860508,11.543676393735213,27113.39100710641
2022-06-28,11.097732238226483,11.434027154536377,10.985633932789852,11.209830543663115,34398.744777934364
2022-06-29,11.064293154993093,11.39957476575046,10.952532618073972,11.176053691912216,6134.551440115388
2022-06-30,11.19422908488194,11.533448148060181,11.081156063822526,11.307302105941353,6244.227925318888
2022-07-01,10.807151496963685,11.134640936265615,10.697988350529709,10.916314643397662,10428.376703301556
2022-07-02,10.878472773703786,11.208123463816023,10.76858921033304,10.988356337074531,9798.477097995183
2022-07-03,11.199331603259376,11.53870528820663,11.086207041610292,11.312456164908461,9886.0165560616
2022-07-04,11.420309983713405,11.766379983219872,11.304953317211249,11.53566665021556,11324.035220407048
2022-07-05,11.298670109044977,11.64105405174331,11.184542128145534,11.412798089944422,22397.43384457846
2022-07-06,11.260293840679989,11.60151486615514,11.146553498854937,11.374034182505039,63918.363602497426
2022-07-07,11.251152010996131,11.592096011329348,11.137504010885058,11.364800011107203,17926.83348203886
2022-07-08,11.467258325104206,11.814751001622517,11.351427432931436,11.583089217276976,14240.100681291304
2022-07-09,11.842504906129866,12.201368691164104,11.722883644451786,11.962126167807945,42517.494447658515
2022-07-10,11.812822491319427,12.170786809238196,11.69350105201317,11.932143930625683,36294.3221768296
2022-07-11,11.84066760079744,12.199475709912514,11.721064897759083,11.960270303835799,23954.843275234056
2022-07-12,12.066224900341673,12.431868079139907,11.944343840742263,12.188105959941085,76731.32048807527
2022-07-13,12.218267842192072,12.588518382864558,12.094850995301242,12.3416846890829,48327.65888233078
2022-07-14,12.46938443976365,12.847244574301943,12.34343106158422,12.595337817943081,22666.877212345193
2022-07-15,12.55587845662794,12.936359621980303,12.429051401510486,12.682705511745395,24057.382770505654
2022-07-16,12.848983665907,13.238346807298122,12.71919595210996,12.97877137970404,15871.261480849264
2022-07-17,12.712983415346363,13.098225337023525,12.584569441453976,12.84139738923875,34357.97433864906
2022-07-18,12.689027687284565,13.07354367780834,12.560855690443306,12.817199684125823,50700.88468804383
2022-07-19,12.237898289323976,12.608743692030764,12.11428315508838,12.361513423559572,27745.240928655734
2022-07-20,12.267457769690866,12.639198914226954,12.143544054845504,12.39137148453623,6780.13673739718
2022-07-21,12.009137021881477,12.373050264968795,11.887832607519039,12.130441436243917,29500.714014362533
2022-07-22,11.947168345552381,12.309203749963059,11.826489877415488,12.067846813689274,69290.2810039016
2022-07-23,12.11525015451382,12.482378947074846,11.992873890326813,12.23762641870083,45609.697292387675
2022-07-24,12.7790577697275,13.166301944567728,12.64997637811409,12.908139161340909,7577.007823537522
2022-07-25,12.74395542748753,13.130135894987152,12.615228604987657,12.872682249987404,18972.58226895327
2022-07-26,12.628564762558272,13.011248543241855,12.50100350233041,12.756126022786132,10958.989604115066
2022-07-27,12.29061340830995,12.663056238864797,12.166465798125,12.414761018494898,17208.571735206016
2022-07-28,13.020051214133138,13.414598220622022,12.888535545303512,13.151566882962767,3404.4562020641597
2022-07-29,12.871087244082517,13.261120190872898,12.741076261819057,13.001098226345977,47371.697356897035
2022-07-30,13.139842398546518,13.538019440926716,13.007116717753119,13.272568079339917,23350.568430955293
2022-07-31,13.45861435859716,13.86645115734253,13.32266875901537,13.59455995817895,26606.19761752376
2022-08-01,13.670345447299164,14.084598339641564,13.532261149851697,13.80842974474663,4492.6588833095075
2022-08-02,13.25129978319695,13.652854322081707,13.117448270235366,13.385151296158536,49546.89027014866
2022-08-03,13.197529796294726,13.59745494163699,13.06422141451397,13.33083817807548,16223.680384072612
2022-08-04,13.359940946355053,13.764787641699145,13.22499204790702,13.494889844803083,47537.30472091664
2022-08-05,14.019749958348436,14.444590866177178,13.878136322405522,14.16136359429135,68113.14129280334
2022-08-06,14.310724289959275,14.744382601776223,14.166171519353625,14.455277060564924,3680.7173818318647
2022-08-07,14.570917010670103,15.01245995038738,14.423736030764344,14.718097990575862,32419.11927480784
2022-08-08,14.460146030691869,14.898332274046167,14.314083949573769,14.606208111809968,24154.825541197984
2022-08-09,14.084467111804859,14.511269145495916,13.942199767241174,14.226734456368545,33557.48813625317
2022-08-10,14.304878259705323,14.738359419090333,14.160384539910318,14.449371979500325,8547.085729868555
2022-08-11,14.115276710098572,14.543012367980346,13.972698157471314,14.25785526272583,36764.557044752255
2022-08-12,14.144936529844534,14.573570970142853,14.002058383078428,14.28781467661064,50488.7985659631
2022-08-13,14.239279376199192,14.670772690629471,14.0954482713891,14.383110481009286,5721.41089813883
2022-08-14,13.96991935394314,14.393250243456569,13.828809057438663,14.111029650447616,3263.5241722855976
2022-08-15,13.862957137182681,14.28304674740034,13.722927267110128,14.002987007255234,95341.35445600947
2022-08-16,14.081230789510533,14.507934752829033,13.938996135071033,14.223465443950033,36692.5528823991
2022-08-17,13.723880126131958,14.13975528146929,13.585255074352846,13.862505177911068,3082.2749359437926
2022-08-18,13.577285324470653,13.988718213090976,13.440141028263877,13.714429620677427,6965.819522018456
2022-08-19,13.725791793614537,14.141724878269523,13.587147432062876,13.8644361551662,81124.98422136331
2022-08-20,13.568744843593448,13.979918929762947,13.43168681487028,13.705802872316614,30940.620270144533
2022-08-21,14.105957238858327,14.533410488520701,13.963472822304201,14.248441655412451,38757.666349940424
2022-08-22,14.148230654945118,14.576964917216184,14.005319234188097,14.29114207570214,23061.44794036442
2022-08-23,14.370211859647915,14.805672825091792,14.225058204499957,14.515365514795874,19840.66905667865
2022-08-24,14.720953773085588,15.16704328136091,14.572257270327148,14.869650275844029,17867.32518441125
2022-08-25,14.56722472871185,15.008655781097058,14.420081044583448,14.714368412840253,69986.84243873863
2022-08-26,14.650201336924836,15.094146831983165,14.502219505238726,14.798183168610946,11119.39202679048
2022-08-27,14.132049407553763,14.560293328994787,13.98930143374009,14.274797381367438,44901.98317643041
2022-08-28,14.199795502151368,14.630092335549893,14.056363224351859,14.343227779950876,46938.55463705924
2022-08-29,13.99839757105723,14.422591436846844,13.856999615794027,14.139795526320436,10185.211121826942
2022-08-30,13.90103863888515,14.322282234002884,13.76062410717924,14.041453170591062,21418.399657352795
2022-08-31,14.003625698253622,14.427977992140097,13.862174933624797,14.145076462882447,11301.822420548484
2022-09-01,14.186961335430901,14.616869254686383,14.043658695679072,14.330263975182728,76948.19268273535
2022-09-02,14.483504746324869,14.922398829546836,14.337206718584213,14.629802774065524,8989.738937884109
2022-09-03,14.695930771166918,15.141262006656824,14.547487026003616,14.84437451633022,135499.29247270492
2022-09-04,15.011576218048175,15.466472467079939,14.859944135037587,15.163208301058763,70256.8786207502
2022-09-05,14.990806957076591,15.445073834563761,14.83938466458087,15.142229249572315,13827.590023781555
2022-09-06,14.879197652889362,15.330082430249647,14.7289027271026,15.029492578676123,38288.98145356391
2022-09-07,15.052951083066848,15.509101115887056,14.900901072126779,15.205001094006917,18968.336427061437
2022-09-08,15.023857918453807,15.479126340225136,14.872101777863364,15.17561405904425,7058.758325563546
2022-09-09,14.611523973449993,15.054297427190901,14.463932822203022,14.759115124696962,127405.86695997686
2022-09-10,14.653104106375087,15.097137564144031,14.50509295378544,14.801115258964735,12971.37422481582
2022-09-11,14.486535010931165,14.925520920353323,14.340206374457113,14.632863647405218,8919.133437971706
2022-09-12,14.869123898476293,15.319703410551332,14.718930727784612,15.019317069167972,18593.11022969274
2022-09-13,15.060085517409014,15.516451745209288,14.90796344147559,15.21220759334244,59765.64502890328
2022-09-14,14.799257762782663,15.247720119230623,14.649770310633341,14.948745214931982,8050.347204089421
2022-09-15,14.961102537811342,15.414469281381383,14.809980289954662,15.112224785668023,36219.520817201184
2022-09-16,14.826113750888037,15.275389925157373,14.676355026131592,14.975872475644483,15011.05758811648
2022-09-17,14.7106501586933,15.15642743622946,14.562057732847911,14.859242584538686,24506.760220357566
2022-09-18,14.890734578619217,15.341968959789497,14.740323118229124,15.04114603900931,34673.261822478555
2022-09-19,15.105360025202495,15.563098207784389,14.95278063100853,15.25793941939646,32400.071725537473
2022-09-20,15.256901660305072,15.71923201364765,15.102791542524214,15.411011778085932,12969.682743468205
2022-09-21,15.123152039818683,15.581429374358644,14.970392928305364,15.275911151332004,52447.1206938748
2022-09-22,15.292307101030458,15.75571034651623,15.1378393525352,15.446774849525715,18689.54881878988
2022-09-23,15.237807495693573,15.69955923798732,15.083890248262325,15.391724743124822,6207.904460668488
2022-09-24,15.3176683686365,15.781840137383062,15.16294444572098,15.472392291552021,18889.554309208703
2022-09-25,15.48271203712554,15.951885129159647,15.326321006447502,15.639103067803575,5431.3649007902995
2022-09-26,15.289731594136496,15.753056793958816,15.13528986086239,15.444173327410603,8870.581484092436
2022-09-27,15.158806706229473,15.618164485206124,15.005687446570589,15.311925965888356,4055.3237225050925
2022-09-28,15.5020053246036,15.9717630617128,15.345419412233866,15.658591236973333,73909.84838867717
2022-09-29,15.530263846147234,16.00087790209109,15.373392494165948,15.68713519812852,21080.37883850725
2022-09-30,15.543695550228717,16.014716627508378,15.386688524468832,15.700702575988604,19475.691557833525
2022-10-01,15.381281262212685,15.847380694400949,15.225914784816597,15.536647739608773,32339.41551248589
2022-10-02,15.358614074591664,15.824026622306564,15.203476558686697,15.51375159049663,27546.21403664421
2022-10-03,15.618221571245028,16.09150101279791,15.460461757394068,15.775981385095989,19748.892294126756
2022-10-04,15.750474752444248,16.22776186615468,15.591379047874103,15.909570457014391,8826.980404749
2022-10-05,15.972549291197273,16.456565936385072,15.811210409468009,16.13388817292654,84473.31248478993
2022-10-06,16.329801618851768,16.824644092150308,16.164854127752257,16.494749109951282,24396.317487445576
2022-10-07,16.29520668731814,16.78900082935808,16.13060863997149,16.459804734664786,11306.604587493774
2022-10-08,16.60773645036247,17.111001191282543,16.439981536722446,16.775491364002495,25087.078435865864
2022-10-09,16.257466956437714,16.75011747026916,16.0932501184939,16.42168379438153,73649.72666950473
2022-10-10,15.922458250252953,16.404956985109106,15.761625338634238,16.08329116187167,16252.134172994993
2022-10-11,16.19955006457574,16.690445521078033,16.03591824574164,16.363181883409837,10417.710850823423
2022-10-12,15.930086058815112,16.41281593938527,15.76917609862506,16.090996019005164,49321.88027720025
2022-10-13,15.719228452481968,16.195568708617785,15.560448367103362,15.878008537860573,10684.877397190183
2022-10-14,15.30231624511445,15.766022797996706,15.147747394153699,15.456885096075203,24660.865333739195
2022-10-15,15.43622235199419,15.903986665690983,15.280300914095257,15.59214378989312,17127.91804707129
2022-10-16,16.149604590913842,16.638986548214262,15.986477271813703,16.312731910013984,12733.962894325447
2022-10-17,16.538247741206245,17.03940676366704,16.371194733719314,16.705300748693176,12091.749303783534
2022-10-18,16.18818175431125,16.678732716563104,16.024664766893963,16.351698741728534,27506.473555295404
2022-10-19,16.23891663236863,16.73100501516768,16.07488717143561,16.402946093301644,40238.791001042475
2022-10-20,16.344998645871424,16.840301635140253,16.17989764944848,16.510099642294367,17421.96571630813
2022-10-21,17.043777582913968,17.560255691487118,16.871618213389585,17.21593695243835,7694.834843599724
2022-10-22,17.761058501290684,18.29927239526919,17.581653869964516,17.940463132616852,22232.901322788104
2022-10-23,17.450993280027514,17.97981125821017,17.274720620633296,17.627265939421733,5256.507252470192
2022-10-24,17.441620885543497,17.97015485177209,17.265442896800632,17.61779887428636,37753.01605341662
2022-10-25,16.99187844596936,17.506783853422977,16.820243310151486,17.16351358178723,55944.212615653436
2022-10-26,17.130854795680357,17.649971607670672,16.95781585835025,17.30389373301046,14115.461424121813
2022-10-27,17.185979939705742,17.706767210605918,17.01238418273902,17.35957569667247,16362.342982793256
2022-10-28,17.259389220882685,17.782401015454887,17.085051956025282,17.433726485740085,12111.515707567985
2022-10-29,17.14173204195215,17.661178467465852,16.968583233447582,17.314880850456717,19079.834180630376
2022-10-30,16.950355755134744,17.464002899229737,16.779140040436413,17.121571469833075,10219.30477442742
2022-10-31,16.907523723258578,17.419872926993687,16.736740655346875,17.07830679117028,56094.97850875991
2022-11-01,17.336766705697787,17.862123272537115,17.16164785008468,17.511885561310898,33732.06254921498
2022-11-02,17.66360906362941,18.19886994434545,17.485188770057395,17.842029357201422,7150.004997762327
2022-11-03,17.488198842571986,18.018144262043865,17.311550369414693,17.66484731572928,13841.260924605158
2022-11-04,17.54614989638461,18.077851408396267,17.36891605904739,17.72338373372183,33996.49567062905
2022-11-05,17.40223631971849,17.929576814255412,17.22645615487285,17.57801648456413,33439.087947289314
2022-11-06,18.466388639563945,19.025976174096186,18.27985946138653,18.652917817741358,33837.73058562074
2022-11-07,18.873880639980012,19.445816416949103,18.683235380990315,19.06452589896971,22037.345045798058
2022-11-08,19.35681581545022,19.943385991675985,19.161292423374963,19.552339207525474,5719.155234235213
2022-11-09,19.26888588252289,19.852791515326615,19.074250671588317,19.463521093457466,40397.978050823505
2022-11-10,19.622538683422857,20.217161067769005,19.424331221974143,19.820746144871574,14422.501832730182
2022-11-11,19.536584977773515,20.12860270437271,19.339245735573783,19.733924219973247,20514.963024828023
2022-11-12,19.2585664871739,19.84215941102766,19.064035512555982,19.45309746179182,8813.426557430277
2022-11-13,19.266292613450343,19.850119662342777,19.071683597152862,19.46090162974782,2427.9548087775815
2022-11-14,18.70940283775039,19.27635443889434,18.520418970702405,18.898386704798373,53329.78797134257
2022-11-15,19.31666343113604,19.902016868443194,19.12154561870032,19.511781243571757,41800.922761591224
2022-11-16,19.68632291896374,20.282878158932338,19.48747117230754,19.88517466561994,74930.38232799133
2022-11-17,19.90500403975557,20.508185980354224,19.703943392889354,20.10606468662179,123643.74867480027
2022-11-18,20.170869510874947,20.78210798090146,19.96712335419944,20.37461566755045,36709.707697985046
2022-11-19,19.780922022756798,20.380343902234276,19.58111472959764,19.98072931591596,71867.54095291451
2022-11-20,19.950827460255944,20.55539798935461,19.74930395055639,20.1523509699555,3510.8459990997635
2022-11-21,20.01619948835067,20.62275098799766,19.814015655135005,20.218383321566332,24134.085972010293
2022-11-22,19.984480519790846,20.590070838572387,19.782617080197,20.186343959384693,4420.198365562182
2022-11-23,19.812546492212064,20.412926688945763,19.612419759967498,20.01267322445663,11699.960632757884
2022-11-24,20.468380220234597,21.088634166302313,20.26162890487869,20.675131535590502,5590.772577198793
2022-11-25,20.594411839933528,21.218484925992122,20.386387477914,20.80243620195306,29515.936010561287
2022-11-26,20.90815609250699,21.541736580158716,20.696962596623077,21.119349588390897,31009.869003150605
2022-11-27,21.255252550446553,21.899351112581297,21.04055302973497,21.469952071158133,4105.643815703194
2022-11-28,20.999245861418157,21.635586645097494,20.787132266858375,21.211359455977934,14712.786243468987
2022-11-29,21.682915022163712,22.33997305313837,21.46389567850549,21.90193436582193,43086.40546319202
2022-11-30,21.15867332420012,21.799845243115275,20.9449493512284,21.372397297171837,28511.195037875725
2022-12-01,21.637904940748935,22.29359902986254,21.419340244377736,21.85646963712014,12675.89878733427
2022-12-02,21.81829148567451,22.479451833725253,21.597904702990927,22.03867826835809,41704.3947764001
2022-12-03,21.641224092532937,22.297018762003635,21.422625869376038,21.859822315689836,66677.62373964587
2022-12-04,22.05494541994669,22.723277099339015,21.83216819348258,22.277722646410798,33654.26536134314
2022-12-05,21.924035944802405,22.58840067040248,21.702581036269045,22.14549085333576,33034.20406338202
2022-12-06,21.70424340791772,22.361947753612196,21.48500862601956,21.923478189815878,6119.757618015115
2022-12-07,21.634680687314184,22.29027707177825,21.416148559159495,21.853212815468872,40762.87850534519
2022-12-08,22.298670409375635,22.97438769450823,22.073431314331437,22.523909504419834,326521.12346235494
2022-12-09,23.33267764087462,24.03972847847688,23.096994028340532,23.568361253408707,31173.584975995087
2022-12-10,23.232165816533854,23.936170841277306,22.997497474952706,23.466834158115006,3954.499451615872
2022-12-11,22.404782602410197,23.083715408543842,22.178471667032316,22.63109353778808,95943.40860734384
2022-12-12,22.85905725883088,23.551755963643938,22.628157690559863,23.0899568271019,9973.714538003462
2022-12-13,22.41445198156251,23.093677799185617,22.188043375688142,22.64086058743688,174266.6038750144
2022-12-14,22.374994674479773,23.053024816130673,22.148984627262806,22.60100472169674,17422.18812088594
2022-12-15,22.341491370505544,23.018506260520862,22.115819740500438,22.56716300051065,5805.090250415009
2022-12-16,22.669502975933447,23.356457611567794,22.440518097388665,22.89848785447823,21673.33868579529
2022-12-17,22.466755232328012,23.147565996944014,22.239818310789342,22.693692153866678,8960.505985927019
2022-12-18,22.069868755734394,22.738652657423316,21.846940788504753,22.292796722964034,51846.6903856549
2022-12-19,21.56739353760717,22.220950917534662,21.34954107763134,21.785245997583,5031.810206031594
2022-12-20,20.999922762467396,21.63628405829974,20.78780233052328,21.21204319441151,49192.521583199356
2022-12-21,20.542661070727434,21.16516595165857,20.33515944375039,20.75016269770448,8021.524969538216
2022-12-22,20.38976080376814,21.007632343276267,20.183803623932096,20.59571798360418,17088.212758968897
2022-12-23,20.614621694409156,21.239307200300342,20.406393192445424,20.822850196372883,28997.412635228455
2022-12-24,21.206962499837427,21.84959772710523,20.99275075741483,21.42117424226003,108351.33867880327
2022-12-25,21.22912590508029,21.872432750688784,21.01469028987746,21.443561520283122,14977.802951085685
2022-12-26,21.59142638342175,22.245712031404228,21.37333116742759,21.80952159941591,16093.987681037532
2022-12-27,21.351165871136146,21.998170897534212,21.135497529003455,21.566834213268834,30967.040166713967
2022-12-28,21.43343591807575,22.08293397619926,21.216936565367913,21.649935270783587,139748.73089271758
2022-12-29,21.23039370052747,21.873738964179818,21.01594527931002,21.44484212174492,111448.30083103274
2022-12-30,20.794461771218785,21.424596976407233,20.584416702822633,21.004506839614933,150000.18856372344
2022-12-31,21.039054892621117,21.676602010579334,20.826539186635042,21.251570598607188,13268.854180109207
2023-01-01,20.969718462631086,21.60516447665021,20.75790312462471,21.18153380063746,64291.19541500079
2023-01-02,21.368583934989985,22.016116781504834,21.15273965281837,21.5844282171616,20325.598793949757
2023-01-03,20.693182459538573,21.320248594676105,20.48416041449273,20.902204504584418,44910.81764979695
2023-01-04,20.66046597546538,21.286540701994635,20.451774399955628,20.86915755097513,51767.20721364034
2023-01-05,20.401727090622675,21.01996124488397,20.19564903920224,20.607805142043105,33960.99267279254
2023-01-06,19.713983445506464,20.311376883249086,19.51485229959226,19.913114591420673,11914.855486008368
2023-01-07,18.53574306837466,19.097432252264802,18.34851334041128,18.72297279633804,48168.783128667994
2023-01-08,19.014205755594038,19.590393808793856,18.8221430711941,19.206268439993977,31025.795165600266
2023-01-09,19.20319768490481,19.785112766265563,19.009225991117894,19.39716937869173,24649.21704108861
2023-01-10,19.009819814268575,19.585874960155504,18.817801432306265,19.201838196230884,9636.27899934035
2023-01-11,19.0985538655295,19.677297922060696,18.9056391800191,19.291468551039898,65151.85062047213
2023-01-12,18.715029079429385,19.28215117274543,18.52598838165737,18.9040697772014,30793.91624608802
2023-01-13,18.317450825984984,18.872525093439076,18.132426070166954,18.502475581803015,184236.67783491692
2023-01-14,18.44839575246565,19.007438047994913,18.262048320622565,18.63474318430874,100791.81289289956
2023-01-15,17.93395037009073,18.477403411608634,17.75279935625143,18.115101383930032,36343.19396744993
2023-01-16,17.59335236786171,18.12648425779691,17.415641737883305,17.771062997840108,23587.50387573896
2023-01-17,17.33377218127067,17.859038004945543,17.158683573379047,17.508860789162295,6755.637503913311
2023-01-18,17.708108781294655,18.244718138303586,17.52923899562501,17.8869785669643,12479.712871709233
2023-01-19,17.767933182613394,18.306355400268345,17.58845911006174,17.947407255165043,39060.0155006863
2023-01-20,17.567960687103156,18.10032313216689,17.39050653874858,17.745414835457733,112618.16483469224
2023-01-21,17.920801867691228,18.463856469742478,17.739783667007476,18.101820068374977,37163.01569724993
2023-01-22,17.76317825029049,18.301456379087174,17.583752207358263,17.94260429322272,49220.03784209838
2023-01-23,17.50385124373008,18.034270978388566,17.32704466551058,17.680657821949573,29801.43048366472
2023-01-24,17.624245285051753,18.158313323992715,17.446222605404763,17.80226796469874,9563.394105944308
2023-01-25,18.037707223610518,18.584304412204776,17.855508160745767,18.219906286475272,67687.50192883256
2023-01-26,17.81033395204321,18.350041041499065,17.63043158889126,17.990236315195162,161800.48342637424
2023-01-27,17.777284341749652,18.31598992786328,17.59771581304511,17.956852870454195,21473.143026279748
2023-01-28,18.051869487824543,18.59889583594044,17.869527371785914,18.234211603863177,55440.364235637586
2023-01-29,17.709339865724182,18.245986528321886,17.53045764485828,17.888222086590083,38669.442955049395
2023-01-30,17.419828892195486,17.94770249498929,17.24387102459755,17.59578675979342,91345.36085272048
2023-01-31,16.920242942435372,17.43297757705463,16.749331397562287,17.091154487308458,20927.000382013648
2023-02-01,16.75419036383331,17.26189310213129,16.58495611773398,16.923424609932635,2854.012220291223
2023-02-02,16.210931697735205,16.70217205221203,16.047184912909596,16.374678482560814,138041.04214209763
2023-02-03,16.211845255399034,16.70311329344143,16.048089242718238,16.375601268079834,24857.005734444614
2023-02-04,16.296692660536817,16.790531832068236,16.132079603359674,16.461305717713955,10698.487807555648
2023-02-05,16.72561946818091,17.232456421762148,16.55667381698716,16.894565119374654,4147.249360261409
2023-02-06,16.655066723255725,17.159765714869536,16.486833726051124,16.82329972046033,13951.57439321457
2023-02-07,16.663154957223362,17.168099046836193,16.494840260685752,16.831469653760973,58416.85885766769
2023-02-08,16.723315302977642,17.230082433370907,16.55439292617989,16.8922376797754,10581.40908635905
2023-02-09,16.34926550399323,16.844697791993024,16.1841214079933,16.51440959999316,18526.108571064626
2023-02-10,16.42753425190768,16.925338320147308,16.26159956249447,16.59346894132089,12471.572702557702
2023-02-11,16.182246553535883,16.67261766121879,16.018789517641583,16.345703589430187,16725.55636325314
2023-02-12,16.324408038453544,16.81908706992183,16.159515027964115,16.489301048942973,4089.7411703019307
2023-02-13,16.095798751189587,16.58355022849836,15.933214925419994,16.25838257695918,20372.41854497506
2023-02-14,15.620654738135851,16.094007912018757,15.46287034684155,15.778439129430152,25283.499931725517
2023-02-15,15.677588366707965,16.152666802062754,15.51922888825637,15.835947845159561,32609.063799080206
2023-02-16,15.797801042569994,16.276522286284237,15.638227294665246,15.957374790474741,31893.340594473273
2023-02-17,15.903727614746417,16.38565875458722,15.74308390146615,16.064371328026684,22565.17261730925
2023-02-18,15.74245781126342,16.219501987362314,15.583443085897123,15.901472536629718,4567.578762502123
2023-02-19,16.086468640042252,16.5739373867102,15.9239790578196,16.2489582222649,162364.43561341596
2023-02-20,16.25241621787216,16.7449136790198,16.088250397489613,16.416582038254706,44393.21733956018
2023-02-21,16.520001380960483,17.020607483413833,16.3531326801427,16.686870081778267,85199.81576020841
2023-02-22,16.267901464444083,16.760868175487843,16.1035792274295,16.43222370145867,40061.41446817631
2023-02-23,16.3727413121845,16.8688849883113,16.207360086808897,16.5381225375601,22118.27506220535
2023-02-24,16.53395398659752,17.034982895282294,16.366944350369263,16.70096362282578,41090.38014104493
2023-02-25,17.026734351018753,17.542695998019322,16.854747135351897,17.19872156668561,9488.801633724595
2023-02-26,16.983238090681958,17.497881669187475,16.81169023118012,17.154785950183797,38741.44086742966
2023-02-27,16.411718744693793,16.90904355513906,16.245943807878707,16.577493681508884,19344.55569767158
2023-02-28,16.391201876075893,16.88790496322971,16.225634180357957,16.556769571793833,32866.452975196175
2023-03-01,16.632784974605382,17.136808761714637,16.46477704556896,16.8007929036418,11883.930254967197
2023-03-02,17.531775313382663,18.063041231970015,17.354686673853546,17.70886395291178,44070.313289519305
2023-03-03,17.406865944981675,17.93434673119324,17.231039016244484,17.582692873718862,14371.565568196309
2023-03-04,17.68494081833971,18.220848115865156,17.506305052497897,17.863576584181526,17322.441725933175
2023-03-05,18.279938755373472,18.83387629341509,18.095292909359596,18.464584601387344,7873.175284560684
2023-03-06,17.263777352692053,17.78692212095545,17.089395763270918,17.438158942113184,78368.4795513654
2023-03-07,16.79066191002946,17.29946984669702,16.621059264473605,16.96026455558531,1850.7648935997697
2023-03-08,16.43559677085125,16.933645157846744,16.26958064185275,16.601612899849748,13565.774377999274
2023-03-09,16.539676823342027,17.040879151322088,16.372609380682007,16.706744266002048,155807.3912061217
2023-03-10,16.841203727817653,17.35154323472122,16.671090558849798,17.01131689678551,8850.29695238077
2023-03-11,16.55618817272264,17.057890844623326,16.388953948755745,16.723422396689536,13798.448722293173
2023-03-12,16.94691937484274,17.460462386201613,16.77573837105645,17.11810037862903,6714.586327295262
2023-03-13,16.839772296561872,17.350068426760718,16.669673586495588,17.009871006628153,12845.12127161665
2023-03-14,17.104005409261212,17.62230860348125,16.931237677854533,17.276773140667892,24143.020194109773
2023-03-15,16.774843607098838,17.28317220125335,16.605400742380667,16.94428647181701,31117.713618794107
2023-03-16,16.65612603682764,17.160857128852722,16.487882339485946,16.824369734169334,29394.27731277548
2023-03-17,16.722050649286317,17.22877945684045,16.553141046768275,16.890960251804362,1438.751707246567
2023-03-18,16.73306029502352,17.24012272820605,16.564039483962677,16.902081106084363,227634.48239961572
2023-03-19,16.81243532644739,17.32190306361246,16.642612747392363,16.98225790550241,42941.71749078278
2023-03-20,16.486600494632846,16.98619444901566,16.32006917650524,16.65313181276045,12721.734741723585
2023-03-21,16.498859055605873,16.998824481533322,16.332203913630057,16.66551419758169,8491.112553256686
2023-03-22,16.50319827290459,17.003295190265334,16.33649930045101,16.66989724535817,18871.26796124642
2023-03-23,17.02963868768656,17.545688344889182,16.857622135285684,17.201655240087433,23741.339957219083
2023-03-24,17.005963187563005,17.521295405367944,16.834185781628022,17.177740593497983,6149.822505163661
2023-03-25,16.882882292584213,17.394484786298886,16.712348128012653,17.05341645715577,36698.24657692708
2023-03-26,17.726526966999323,18.263694450847787,17.547471139049833,17.90558279494881,38693.33259204356
2023-03-27,17.811393020292016,18.351132202725108,17.631479959480988,17.991306081103048,32617.209661230787
2023-03-28,18.24539165332807,18.798282309489526,18.06109476794092,18.429688538715222,7892.453424878927
2023-03-29,17.997803700025404,18.543191690935263,17.81600770305545,18.179599696995357,30670.341594643698
2023-03-30,18.167971622278287,18.71851621689278,17.98445675740679,18.351486487149785,6038.116655156708
2023-03-31,18.432525309777425,18.991086682800983,18.246338185436237,18.61871243411861,28610.3898979996
2023-04-01,17.97542102620855,18.520130754275478,17.793851116852906,18.156990935564192,7629.58910992573
2023-04-02,17.277615234940665,17.80117933296917,17.10309386893116,17.452136600950166,23002.200197171813
2023-04-03,17.247393420774138,17.77004170625214,17.073177325614804,17.421609515933472,6606.220749606676
2023-04-04,17.55131619271912,18.083174259165155,17.374030170570443,17.7286022148678,17841.58951786094
2023-04-05,17.90055770191827,18.442998844400645,17.71974398775748,18.08137141607906,63920.470608806
2023-04-06,18.194948518404008,18.746310594719283,18.011161159632252,18.378735877175767,218036.30744633943
2023-04-07,18.33792166056308,18.89361625633772,18.152690128638202,18.52315319248796,7701.3210317839375
2023-04-08,18.71057864255942,19.277565874152128,18.521582898695183,18.899574386423655,14923.682906075908
2023-04-09,18.728149077955834,19.2956687469848,18.538975854946177,18.917322300965488,18259.139957285563
2023-04-10,18.215854486876612,18.767850077388026,18.03185595670614,18.399853017047082,75386.83128606569
2023-04-11,18.063940640819737,18.61133278145064,17.881476593942768,18.246404687696703,23830.002541918926
2023-04-12,17.844505081536788,18.385247659765177,17.664257555460658,18.024752607612918,12348.505525547813
2023-04-13,18.449842607314547,19.00892874693014,18.263480560776017,18.636204653853078,43285.17855171408
2023-04-14,18.438392152798354,18.99713130894376,18.252145767416554,18.624638538180157,32249.475737907323
2023-04-15,18.46410984593581,19.023628326115684,18.277603685875853,18.65061600599577,17075.458501541903
2023-04-16,18.08627599051939,18.63434495992907,17.903586334049496,18.268965646989283,3663.704081314809
2023-04-17,17.764633697516402,18.302955930774477,17.585192953097046,17.94407444193576,15033.187993211011
2023-04-18,17.59781431965809,18.131081420253793,17.420058619459525,17.77557001985666,44206.85111785793
2023-04-19,17.75232086950136,18.29026998675898,17.573004497082152,17.931637241920566,39693.00278495112
2023-04-20,17.533712361972356,18.06503697900182,17.35660415629587,17.710820567648845,8813.026876693055
2023-04-21,17.399228453193885,17.92647780026037,17.223478670838393,17.57497823554938,4950.463152460372
2023-04-22,17.575734404943933,18.108332417214964,17.398201734186923,17.753267075700943,27518.343330058622
2023-04-23,17.571893451751045,18.104375071501078,17.394399578501034,17.749387325001056,6296.359127974048
2023-04-24,17.761116814285998,18.299332475324967,17.581711593939673,17.94052203463232,78265.99829863767
2023-04-25,17.225079612982828,17.74705172246716,17.051088909821384,17.39907031614427,3373.029425864134
2023-04-26,17.850614004407774,18.391541701511038,17.67030477204002,18.03092323677553,7769.221182822615
2023-04-27,17.871858026617232,18.41342948196927,17.691334208166555,18.052381845067913,10617.572170168818
2023-04-28,17.908631838043913,18.45131765131797,17.727736566952558,18.089527109135265,2940.974775301197
2023-04-29,17.382804804404742,17.90955646514428,17.207220917491565,17.558388691317923,68362.72740629996
2023-04-30,17.166343521013882,17.686535748923394,16.99294611171071,17.339740930317053,8446.075466243912
2023-05-01,17.932481193661214,18.47588971468125,17.751345019987866,18.11361736733456,125224.68783748733
2023-05-02,18.254310778553027,18.807471711236452,18.069923800991887,18.43869775611417,16009.03125212186
2023-05-03,18.137944629401094,18.68757931514052,17.954733067487954,18.321156191314238,38750.36719435984
2023-05-04,18.545242133663507,19.107219168016947,18.35791645554569,18.73256781178132,64314.398835829845
2023-05-05,18.737349602799217,19.305148075611314,18.548083445195182,18.926615760403248,38802.28125677339
2023-05-06,18.36205512912766,18.918481042131532,18.176579824793038,18.547530433462285,151270.02759831786
2023-05-07,18.493806878119408,19.054225268365453,18.307000748037392,18.680613008201423,14214.033253621245
2023-05-08,18.81421211974704,19.384339759739376,18.62416957308293,19.004254666411153,39415.019199297756
2023-05-09,19.02769355112064,19.604290325397027,18.835494626361847,19.219892475879437,27803.454125309865
2023-05-10,18.72640246345422,19.293869204771017,18.53724688301529,18.915558043893153,61255.936898342414
2023-05-11,19.140500177916234,19.720515334822785,18.947161792280717,19.33383856355175,70028.84780356038
2023-05-12,19.117282737081673,19.696594335175057,18.924178871050543,19.3103866031128,16527.27243726131
2023-05-13,19.063964673120758,19.641660572306236,18.871399373392265,19.25652997284925,4176.041553330652
2023-05-14,19.542825635215966,20.135032472646753,19.34542335607237,19.74022791435956,37678.90462035477
2023-05-15,19.176019776394416,19.757111284770005,18.982322606935888,19.369716945852947,7954.880601058885
2023-05-16,19.554499683059827,20.147060279516186,19.35697948424104,19.752019881878613,2646.057400749683
2023-05-17,19.161437735111637,19.742087363448356,18.967887858999397,19.354987611223876,51525.72960842954
2023-05-18,19.07790635416942,19.656024728538192,18.885200229379834,19.270612478959013,13284.951263719351
2023-05-19,19.41645491635836,20.00483233806619,19.22032910912242,19.612580723594306,34925.91621308234
2023-05-20,19.609661986700967,20.20389416811615,19.411584592895906,19.80773938050603,17606.479057742188
2023-05-21,19.96865306164445,20.573763760482162,19.766949495365214,20.170356627923688,40392.51934739935
2023-05-22,19.973959198567677,20.579230689433363,19.77220203494578,20.175716362189572,79148.70780527715
2023-05-23,19.98595773124341,20.59159281400836,19.78407937032176,20.18783609216506,4976.099405793745
2023-05-24,19.585804830686584,20.179314067980116,19.387968418255404,19.78364124311776,3412.8245340373255
2023-05-25,19.830687194791256,20.43161710978493,19.6303772231267,20.030997166455816,3367.435019383946
2023-05-26,20.18431935877089,20.795965399945764,19.980437345045928,20.388201372495846,60245.686029845725
2023-05-27,19.994170364346388,20.60005431478113,19.792209047534808,20.19613168115797,13484.524453564729
2023-05-28,19.336086488368128,19.922028503167162,19.140772483435114,19.53140049330114,11273.035256269415
2023-05-29,19.203298583744733,19.785216722646087,19.009325870777612,19.39727129671185,183094.93650845237
2023-05-30,19.310020027577416,19.895172149625218,19.11496932022815,19.505070734926683,8200.227631505444
2023-05-31,18.68156418121163,19.247672186702893,18.49286151271454,18.870266849708717,8198.180978050517
2023-06-01,18.855615263622965,19.426997544338814,18.665154503384347,19.04607602386158,8860.981768815345
2023-06-02,19.112716506310438,19.69188973377439,18.919658763822454,19.30577424879842,13039.43613675348
2023-06-03,19.341267442977475,19.927366456401035,19.145901105169624,19.53663378078533,28478.131164802704
2023-06-04,18.47287993376946,19.032664174186717,18.286285186963706,18.65947468057521,9250.94834364414
2023-06-05,19.045287822369747,19.62241775638095,18.852911177699344,19.237664467040148,13306.0518794807
2023-06-06,19.3876209195809,19.975124583810626,19.19178636483766,19.583455474324143,49938.415060488594
2023-06-07,19.474506615760298,20.064643179874246,19.277794427722313,19.67121880379828,50664.615597711156
2023-06-08,19.960464363883517,20.565326920364836,19.758843511723075,20.162085216043955,34783.909783556956
2023-06-09,19.634944671665227,20.229942995049022,19.43661189720396,19.83327744612649,50992.69283094502
2023-06-10,19.30431694078161,19.889296242017416,19.109323840369676,19.499310041193546,5493.218874875149
2023-06-11,19.657164341755358,20.25283598847522,19.458607126182073,19.855721557328646,34520.24440326525
2023-06-12,19.678192591097034,20.274501457493912,19.47942296896474,19.876962213229326,21087.863166609623
2023-06-13,19.82573007119991,20.42650977032718,19.625470171490818,20.025989970909,7077.652666129668
2023-06-14,19.53702612493922,20.129057219634348,19.339682426707512,19.73436982317093,20524.5130591992
2023-06-15,19.691051885936364,20.287750427934437,19.492152371937006,19.889951399935722,47173.094791448275
2023-06-16,19.681471425955422,20.277879650984374,19.482668684279105,19.88027416763174,45588.41273406945
2023-06-17,19.35482247716929,19.941332249204724,19.159319219824145,19.550325734514434,18382.038310743905
2023-06-18,19.725511337138855,20.323254104930943,19.526263747874825,19.924758926402884,6052.228611696481
2023-06-19,19.954089745408226,20.558759131632716,19.752533283333396,20.155646207483056,30374.982792620613
2023-06-20,20.029643215058876,20.636602100363692,19.827323586623937,20.231962843493815,18359.093955902998
2023-06-21,20.16978428268468,20.78098986700846,19.96604908791009,20.373519477459276,36099.27871599819
2023-06-22,20.050521731404313,20.658113299022624,19.847991208864876,20.25305225394375,30277.057808219284
2023-06-23,19.767156973705898,20.366161730484865,19.567488721446242,19.966825225965554,22825.834389423042
2023-06-24,19.802449010906216,20.402523223357917,19.602424273422315,20.002473748390116,80659.35225633791
2023-06-25,19.886646809278204,20.48927247016542,19.685771588982465,20.087522029573943,13233.933642247
2023-06-26,19.392098771347435,19.979738128054933,19.196218985778266,19.5879785569166,1469.1819166645062
2023-06-27,19.04696039561354,19.624141013662435,18.854566856263904,19.23935393496317,7913.162045829978
2023-06-28,19.06472081103517,19.64243962349078,18.872147873549963,19.25729374852037,43078.566338263314
2023-06-29,19.37161023577322,19.958628727766346,19.17593740510884,19.567283066437593,6854.523921180099
2023-06-30,19.491004647990046,20.081641152474592,19.294125813161866,19.68788348281823,13600.153332254822
2023-07-01,19.398090669046415,19.98591159841146,19.202150359258066,19.594030978834763,39894.97136343316
2023-07-02,19.565345023572455,20.158234266711013,19.367715275859602,19.762974771285307,3910.9176166539596
2023-07-03,20.31534789925355,20.930964502261233,20.110142364917657,20.520553433589445,15238.825987561744
2023-07-04,20.18094538570458,20.792489185271386,19.977097452515643,20.384793318893514,15706.162232949466
2023-07-05,19.886844501317388,20.48947615287246,19.685967284132364,20.08772171850241,19356.701111290404
2023-07-06,19.014660667437777,19.59086250584498,18.82259338796871,19.206727946906845,42753.11662454435
2023-07-07,19.732385832422214,20.33033691825319,19.53306880381189,19.93170286103254,71783.48849087005
2023-07-08,18.9237785055913,19.49722633909407,18.732629227757045,19.114927783425557,22843.475510944707
2023-07-09,19.32267330115902,19.9082088557396,19.127494782965496,19.517851819352547,78968.61487346572
2023-07-10,19.11867311136723,19.698026842014723,18.9255552011514,19.311791021583062,27749.489783326706
2023-07-11,18.195348802052912,18.746723008175728,18.011557400011974,18.37914020409385,106774.26223878546
2023-07-12,18.4706454588069,19.030361987861657,18.284073282455314,18.657217635158485,16060.60933794036
2023-07-13,18.12051142217576,18.669617828908358,17.937475953264894,18.303546891086626,154772.08858734777
2023-07-14,18.491156031949572,19.051494093523804,18.304376678091497,18.67793538580765,20401.302966275725
2023-07-15,18.648876032847998,19.213993488388848,18.460503547667717,18.837248518028282,37763.362153278875
2023-07-16,18.65970614383459,19.225151784556854,18.471224263593836,18.848188024075345,26501.698102298124
2023-07-17,18.883047990071137,19.455261565527838,18.692310131585568,19.073785848556703,18916.6130820968
2023-07-18,18.200357432790767,18.75188341560261,18.016515438520155,18.384199427061382,31936.180948358666
2023-07-19,18.55889654594032,19.121287350362756,18.37143294446618,18.746360147414467,9109.657934459483
2023-07-20,19.149653170099956,19.729945690406016,18.95622232999794,19.343084010201977,17975.194768984158
2023-07-21,19.05432835292499,19.631732242407566,18.861860389764132,19.24679631608585,23732.06859710334
2023-07-22,18.79449816565466,19.36402841309874,18.604654749839963,18.98434158146935,3330.4027915030983
2023-07-23,19.21863902676933,19.801022027580522,19.024511359832267,19.412766693706395,5723.133388073417
2023-07-24,20.257320521704855,20.871178719332274,20.052701122495716,20.461939920913995,38986.20826745931
2023-07-25,20.47259708007749,21.09297880977681,20.26580317017772,20.679390989977264,82787.13591134966
2023-07-26,20.395642346857596,21.01369211494419,20.1896257574954,20.601658936219795,24750.81524989949
2023-07-27,21.029920690996033,21.66719101496561,20.81749724967284,21.242344132319225,44722.33834812056
2023-07-28,20.893491999888294,21.52662812109703,20.682446626152046,21.104537373624538,62369.12692649229
2023-07-29,21.313723750039312,21.95959416670717,21.09843361115003,21.5290138889286,52298.02693423718
2023-07-30,21.39226829615657,22.040518850585556,21.17618477801357,21.608351814299564,194503.35691391208
2023-07-31,21.813786777796615,22.474810619548027,21.59344549721281,22.034128058380418,108239.91353210722
2023-08-01,21.50264380193347,22.154239068658725,21.285445379691716,21.71984222417522,6525.395355951109
2023-08-02,20.692479808986917,21.31952465168349,20.483464861421393,20.90149475655244,14294.884637730085
2023-08-03,20.831065376252198,21.462309781593174,20.62065057447187,21.041480178032522,44463.98075958318
2023-08-04,20.14738969508986,20.757916655547128,19.94388070827077,20.350898681908948,17736.52821714014
2023-08-05,19.679961128571996,20.27632358701357,19.481173642424807,19.87874861471919,45565.13160389673
2023-08-06,20.146473723578616,20.75697292732342,19.942973988997014,20.349973458160218,24253.753899835563
2023-08-07,20.823658794307363,21.454678757771223,20.613318806486074,21.03399878212865,41558.7598659045
2023-08-08,21.179831735934048,21.82164481884114,20.96589404163168,21.39376943023641,17919.56666028356
2023-08-09,21.347075263881997,21.993956332484483,21.1314482410145,21.56270228674949,21135.41372748942
2023-08-10,21.569928899091543,22.223563108154924,21.352050829403748,21.787806968779336,19049.002563461883
2023-08-11,22.178028557193695,22.850090028623807,21.95400806671699,22.4020490476704,7274.488551264576
2023-08-12,22.550733761591236,23.234089330124306,22.322948572080215,22.77851895110226,6467.499385458418
2023-08-13,23.02406417845995,23.721763092958735,22.79149787362702,23.256630483292877,32524.10960901749
2023-08-14,22.669850892568967,23.356816071131664,22.440862499714736,22.8988392854232,27653.358107970675
2023-08-15,22.251489233009682,22.925776785525127,22.026726715504534,22.47625175051483,38753.09886071584
2023-08-16,22.39092323710134,23.069436062468046,22.164752295312436,22.61709417889024,9584.42152967641
2023-08-17,22.198471636023914,22.871152594691306,21.974244649801452,22.42269862224638,18707.482991858258
2023-08-18,22.122549063016947,22.792929337653824,21.899088971471322,22.346009154562573,3299.50454899062
2023-08-19,22.171391761256487,22.8432521176582,21.947438309122585,22.395345213390392,10499.218406687596
2023-08-20,22.09544492834185,22.765003865564328,21.872258615934353,22.31863124074934,101553.08409289863
2023-08-21,22.70475186378265,23.392774647533642,22.475410935865654,22.934092791699648,8289.538120228404
2023-08-22,23.4803694045297,24.19189575012151,23.243193955999097,23.717544853060303,27323.07212189131
2023-08-23,23.509256199962937,24.22165790299212,23.271788965619876,23.746723434306,98985.56707723947
2023-08-24,24.010530829573238,24.738122672893642,23.768000215133103,24.253061444013372,58245.73969383119
2023-08-25,23.774459187032512,24.494897344215318,23.534313134638246,24.014605239426782,15939.267138596551
2023-08-26,23.308266047020933,24.014577139354902,23.072829016242945,23.543703077798924,101216.79313866931
2023-08-27,23.84565082506515,24.56824630461258,23.604785665216006,24.086515984914293,9222.21740520529
2023-08-28,23.68312002438276,24.400790328151935,23.443896589793034,23.922343458972485,4725.668221370072
2023-08-29,24.17362210942746,24.906156112743446,23.92944410832213,24.417800110532788,21880.726974378224
2023-08-30,23.431644234434728,24.141694059720628,23.194960959339426,23.668327509530027,14719.299422432641
2023-08-31,23.765174531296363,24.485331335275042,23.525122263303473,24.005226799289257,119854.46672519091
2023-09-01,23.619617250826895,24.33536322812468,23.381035258394302,23.85819924325949,68950.83656498096
2023-09-02,23.94599325449586,24.671629413723007,23.704114534753476,24.18787197423824,14608.481406517765
2023-09-03,23.343254593520435,24.050625944839236,23.107464143080836,23.579045043960036,24817.94433176601
2023-09-04,23.90156094368189,24.62585066924801,23.66013103515985,24.14299085220393,53069.55172877637
2023-09-05,23.76357933299275,24.483687797628896,23.52354317811404,24.003615487871468,25343.178853604757
2023-09-06,23.6777586309741,24.395266468276347,23.438589351873354,23.91692791007485,115752.7573800969
2023-09-07,23.861678588824333,24.58475975818265,23.62065153237156,24.102705645277105,29629.911626190475
2023-09-08,24.560776794281335,25.305042757744406,24.312688139793647,24.808865448769026,46788.42186322971
2023-09-09,24.570133030896773,25.314682516681525,24.32194986896852,24.818316192825023,26830.860229555725
2023-09-10,24.48313685393101,25.22505009192892,24.23583244126504,24.73044126659698,11286.546697450178
2023-09-11,24.904704724806724,25.659392746770564,24.65314205081878,25.15626739879467,25377.425022893094
2023-09-12,24.95268614116843,25.70882814544626,24.700638806409152,25.204733475927707,3497.9182838842
2023-09-13,25.599401090345207,26.375140517325363,25.340821281351822,25.857980899338592,60948.29386394824
2023-09-14,25.980712701416618,26.76800702570197,25.718281259988167,26.24314414284507,6922.49391397956
2023-09-15,25.96193753108977,26.748662910819764,25.699695737846437,26.2241793243331,16022.037001042758
2023-09-16,25.70432906405756,26.48324812660476,25.444689376541827,25.963968751573294,146292.08883137922
2023-09-17,25.724917592111378,26.504460549448087,25.465069939665806,25.984765244556947,77711.74768671331
2023-09-18,26.060814103878993,26.850535743390477,25.797573557375163,26.32405465038282,23161.46627832215
2023-09-19,25.5826576061229,26.35788965479329,25.32424692323277,25.84106828901303,1222.6985898084497
2023-09-20,25.413039125243998,26.18313121994836,25.156341760342546,25.669736490145453,23451.189935587405
2023-09-21,25.562831296918514,26.337462548340287,25.304620879777925,25.821041714059106,10366.838191032202
2023-09-22,26.11763338762731,26.90907682361602,25.853818908964406,26.381447866290213,16896.498841409746
2023-09-23,26.01568727878793,26.8040414387512,25.752902558800173,26.278471998775686,8177.741669102317
2023-09-24,25.526302307096362,26.299826619432615,25.268460869650944,25.78414374454178,44284.157013669916
2023-09-25,25.926414264830587,26.712063181946665,25.66453129245856,26.18829723720261,63156.31914960538
2023-09-26,25.829796706987686,26.612517819320647,25.568889669543363,26.090703744432005,11571.863777939372
2023-09-27,27.134033276596167,27.956276709220294,26.859952132388127,27.40811442080421,59379.132899707314
