date,open,high,low,close,volume
2021-01-01,99.0,102.0,98.0,100.0,73265.53475095154
2021-01-02,100.43240381269209,103.47580998883427,99.41793508731135,101.44687253807281,11289.169473375838
2021-01-03,98.41598339897735,101.39828592621909,97.42188255656343,99.41008424139126,125551.697150168
2021-01-04,97.94806581493923,100.91618902145254,96.95869141276813,98.93744021711034,6445.788194775977
2021-01-05,98.51367860300067,101.49894159097039,97.5185909403441,99.50876626565724,4245.049909120365
2021-01-06,93.13932234908589,95.96172605663395,92.19852111323652,94.08012358493524,67301.95557437054
2021-01-07,96.76918896439116,99.70158862997879,95.79172240919529,97.74665551958704,100987.70997157591
2021-01-08,96.5179305481217,99.4427163223072,95.54300195672653,97.49285913951687,72861.2892714679
2021-01-09,95.2552903881377,98.14181433929339,94.29311573775247,96.21746503852293,16355.479059168994
2021-01-10,95.07923685607992,97.9604258517187,94.11884052420032,96.03963318795951,35873.87729926062
2021-01-11,94.53980969482373,97.40465241284869,93.58486212214873,95.49475726749871,31557.190457300712
2021-01-12,96.94722210195118,99.88501671110122,95.9679572322345,97.92648697166786,19130.042018412918
2021-01-13,95.38339548488567,98.27380140867008,94.4199268436242,96.34686412614714,66738.82630872405
2021-01-14,96.58314174380706,99.50990361483152,95.60755445346557,97.55872903414854,13120.268781451703
2021-01-15,97.07914334034092,100.02093556277549,96.09854593286272,98.0597407478191,6588.9931234650585
2021-01-16,95.38224678773943,98.27261790251941,94.41878974947943,96.34570382599942,27676.14793173542
2021-01-17,94.28811298507783,97.14532853008019,93.33570780341039,95.24051816674529,9024.964733947703
2021-01-18,96.47907210356004,99.40268034912246,95.5045360217059,97.45360818541418,4116.350751208873
2021-01-19,92.49906604945403,95.30206805095264,91.56473204895448,93.43340004995356,49312.94266157483
2021-01-20,93.4408695275351,96.2724110283695,92.49702236059031,94.3847166944799,11393.117521586868
2021-01-21,95.96646590398785,98.87454062835113,94.99710766253344,96.93582414544228,37232.50001698744
2021-01-22,97.74782640224687,100.7098817477695,96.76047462040599,98.73517818408774,7926.898583103945
2021-01-23,97.87108112788485,100.83687146509348,96.8824843488153,98.85967790695439,9465.834408067256
2021-01-24,96.83687593414807,99.77132672003134,95.85872567218698,97.81502619610916,4492.957140579634
2021-01-25,99.49813571895622,102.51323074074278,98.49310404502737,100.50316739288508,23544.83289634796
2021-01-26,99.5641734041288,102.58126956789027,98.55847468287496,100.56987212538262,33981.48972945803
2021-01-27,99.64022180524583,102.65962246601086,98.63375491832414,100.6466886921675,27517.050484518415
2021-01-28,100.6984033406962,103.74987010859608,99.68124775139624,101.71555892999616,23212.958329565066
2021-01-29,101.95337253575491,105.04286867320204,100.9235404899392,102.98320458157062,14425.635284322978
2021-01-30,101.87873267330397,104.96596699673744,100.84965456549283,102.90781078111513,10787.667760035576
2021-01-31,101.65548528206834,104.73595453304011,100.62866219841109,102.6823083657256,17498.81824101065
2021-02-01,104.94126387041804,108.12130216952163,103.88125110405018,106.0012766367859,157599.47932825497
2021-02-02,105.77090433637642,108.97608325566055,104.70251136328172,106.83929730947114,10881.527138515623
2021-02-03,107.22920021697324,110.47856992051788,106.14607698245837,108.31232345148813,17963.444773585285
2021-02-04,107.50076817894173,110.75836721466725,106.41490183369989,108.58663452418357,15593.202280493426
2021-02-05,107.20434571650229,110.452962253366,106.12147353754773,108.28721789545686,23815.892151587555
2021-02-06,107.89074939586065,111.16016604422006,106.8009438464075,108.98055494531378,56161.32375382554
2021-02-07,108.24146770816257,111.5215121841675,107.14811954949425,109.33481586683088,22407.354777413977
2021-02-08,107.5440864855716,110.80299819725559,106.45778258167692,108.63039038946626,15963.920473656352
2021-02-09,105.361188881092,108.55395218051903,104.29693444794965,106.42544331423434,3363.7189507661947
2021-02-10,109.97061098385774,113.30305374094435,108.85979673149554,111.08142523621994,373318.498404799
2021-02-11,108.01308711520791,111.2862109671839,106.92204583121591,109.10412839919991,24547.167976416036
2021-02-12,108.87613447530708,112.17541127758912,107.77637554121307,109.9758934094011,13900.720066535567
2021-02-13,110.73145714975851,114.08695585126635,109.61295758258923,111.84995671692779,99163.22984767873
2021-02-14,110.87737687054853,114.23729738177727,109.75740336680562,111.99735037429144,6864.440613428059
2021-02-15,108.01516006056636,111.28834672906837,106.92409783773235,109.10622228340036,74745.88390623829
2021-02-16,107.92326210817106,111.19366399023686,106.83312814748247,109.01339606885966,33640.225258378654
2021-02-17,107.10053988603566,110.34601079167311,106.01871625082319,108.18236352124815,28640.528977434442
2021-02-18,106.57997499726923,109.8096712093077,105.50340959325642,107.65654040128206,51669.93783509117
2021-02-19,106.94049894716915,110.1811201273864,105.86029188709672,108.02070600724156,29151.305618840393
2021-02-20,107.07153800114015,110.31613006178077,105.99000731425994,108.15306868802035,7144.562687151002
2021-02-21,108.64360980710636,111.9358404073217,107.54619960703457,109.74102000717814,4196.36767509254
2021-02-22,109.39853830310376,112.71364552440994,108.29350256266838,110.50357404353916,11711.836648853203
2021-02-23,110.64346563103788,113.99629792288752,109.52585486708801,111.76107639498777,75804.93582100816
2021-02-24,107.95538892152052,111.22676434338479,106.86493044756577,109.04584739547528,26004.131214969286
2021-02-25,109.36828012354316,112.6824704303172,108.26355002128516,110.47301022580118,87426.42278571965
2021-02-26,110.34878397349364,113.69268651814497,109.2341497919432,111.46341815504408,44345.48340018044
2021-02-27,113.06666565382432,116.49292824939475,111.92457812196751,114.20875318568113,8916.126830917023
2021-02-28,115.41978710591845,118.9173564121584,114.25393067050513,116.58564354133176,11027.83102969461
2021-03-01,117.38733198949544,120.944523867965,116.20160136333892,118.57306261565196,13393.245295962319
2021-03-02,115.1334145817065,118.62230593266732,113.97045079805291,116.29637836536011,8399.380748557965
2021-03-03,116.05975848953457,119.57672086800532,114.88743769671099,117.23207928235816,31658.603158607926
2021-03-04,116.22912159372976,119.75121618747914,115.05509006247996,117.40315312497955,82193.76023190524
2021-03-05,119.69409714479627,123.3211909976689,118.4850658605054,120.90312842908715,4226.480400400593
2021-03-06,120.51293554049442,124.16484267808517,119.2956331612975,121.73023791969133,21643.576470839314
2021-03-07,117.43238536919333,120.99094250159312,116.2461996583934,118.61857107999326,6459.409928263597
2021-03-08,118.00016608177548,121.57592869031413,116.80824521226259,119.19208695128836,105528.83073545476
2021-03-09,117.92884799848187,121.50244945298132,116.73764751364871,119.12004848331502,42551.555275630504
2021-03-10,120.25281608546041,123.89684081532285,119.03814117550625,121.46749099541455,65258.79553022298
2021-03-11,122.63662656763731,126.35288797877783,121.3978727639238,123.87538037135081,65510.12431886936
2021-03-12,122.76920294658605,126.48948182375533,121.52910998752962,124.00929590564247,171119.21397153725
2021-03-13,122.29969749494326,126.00574893418397,121.06434701519635,123.53504797469016,10639.346490508327
2021-03-14,119.8599374046264,123.49205671991811,118.64923096619583,121.07064384305697,72039.86548254265
2021-03-15,122.16784659226606,125.86990254960746,120.93382793981893,123.40186524471319,44122.91258931761
2021-03-16,124.34051987449077,128.108414416142,123.0845550272737,125.59648472170785,12157.001639334125
2021-03-17,123.95281715440557,127.70896312878149,122.70076849628025,125.20486581253087,12407.187682127957
2021-03-18,126.16357011911776,129.98670860757588,124.88919062296506,127.43794961527047,36330.94502063737
2021-03-19,126.54861763389495,130.3834242288615,125.27034876890612,127.8268864988838,22874.923355436335
2021-03-20,131.53013439250452,135.51589604076224,130.20154717641861,132.85872160859043,33327.32118538953
2021-03-21,128.26086089126088,132.1475536455415,126.96529663983398,129.55642514268774,20039.872065723084
2021-03-22,132.7264433751824,136.748456810794,131.38577222997853,134.06711452038627,771.9931803069184
2021-03-23,131.24429385796427,135.22139367184198,129.918593920005,132.5699937959235,8457.368890658126
2021-03-24,128.59340379154656,132.49017360341162,127.29448052092488,129.89232706216825,14933.74122608387
2021-03-25,127.08045506641479,130.93137794721525,125.79681410614798,128.3640960266816,17567.213549003096
2021-03-26,128.64773139331078,132.5461474961384,127.34825935903493,129.94720342758666,12793.157041635028
2021-03-27,122.51417781197216,126.2267286547592,121.27666086437648,123.75169475956784,16383.17182988328
2021-03-28,120.22311639031759,123.86624112941811,119.00874147728408,121.4374913033511,13608.89564276741
2021-03-29,123.45270236355336,127.19369334426709,122.20570536998211,124.6996993571246,70652.52078073651
2021-03-30,124.58238261688437,128.35760633254753,123.32397471166331,125.84079052210542,15936.085692250386
2021-03-31,125.49352761117031,129.29636178120577,124.22591622115849,126.76113900118213,8307.262453574587
2021-04-01,122.74979316576237,126.46948386775517,121.50989626509809,123.98969006642663,21854.71595697764
2021-04-02,125.91828406288064,129.7339896405437,124.64638220365963,127.19018592210166,16994.92117737633
2021-04-03,129.03573711319044,132.9459109651053,127.73234582921881,130.33912839716206,4751.874317064224
2021-04-04,129.47292468299523,133.396346643086,128.165117362965,130.7807320030255,18187.820428679923
2021-04-05,130.62601785284605,134.58438203020503,129.30656312705972,131.94547257863238,15688.403561513342
2021-04-06,133.7234955580089,137.77572269613037,132.37275317863507,135.07423793738272,179768.40860978313
2021-04-07,130.0581856926815,133.99934283488398,128.74446664528068,131.37190474008233,19360.453096812744
2021-04-08,130.73889732560227,134.70068209304478,129.41830240312143,132.0594922480831,33640.73553567466
2021-04-09,127.47205640417091,131.3348459921761,126.18445987483585,128.75965293350598,71024.2533722296
2021-04-10,123.84854883135073,127.60153515957347,122.59755338860981,125.09954427409164,9360.392966003874
2021-04-11,120.42981881774108,124.07920726676355,119.21335600140026,121.6462816340819,15554.535215056358
2021-04-12,119.74136997932128,123.36989634233102,118.53186119165137,120.9508787669912,7496.9862119003865
2021-04-13,122.1008230272628,125.8008479674829,120.86748138052278,123.33416467400284,201317.664773545
2021-04-14,120.91832426517477,124.58251590957401,119.69692705037504,122.13972147997453,43423.36560363108
2021-04-15,122.06691535377549,125.76591278873838,120.83391620878785,123.29991449876312,1680.6177302799288
2021-04-16,126.69720371344549,130.53651291688323,125.41743397896624,127.97697344792473,11210.624246904583
2021-04-17,130.5440551942609,134.49993565469305,129.22542837411686,131.86268201440495,153935.5653728023
2021-04-18,132.50113157694054,136.5163173823024,131.1627363084866,133.8395268453945,22190.734017812065
2021-04-19,131.1041248247824,135.07697709220002,129.77984073564318,132.4284089139216,5209.988665467946
2021-04-20,131.71459299027254,135.70594429300806,130.38414255602734,133.0450434245177,14365.425667414285
2021-04-21,126.26211823466457,130.08824302965442,124.98674330300129,127.53749316632785,20085.64432294858
2021-04-22,124.58027750917739,128.35543743369792,123.32189086767055,125.83866415068424,31040.26184604008
2021-04-23,123.38449178952783,127.12341578314988,122.1381837916538,124.63079978740184,117090.18440911658
2021-04-24,122.21885381936167,125.92245545025142,120.98431994239843,123.45338769632492,31165.916021748275
2021-04-25,124.5715609358781,128.3464567218138,123.3132623405662,125.82985953119,8324.988465665947
2021-04-26,124.53971574207438,128.31364652213725,123.28173881538676,125.797692668762,5330.871536933129
2021-04-27,120.83532765984084,124.49700425559361,119.61476879458992,122.05588652509176,13105.879360740213
2021-04-28,122.41669871977783,126.12629565068019,121.18016640947704,123.65323103007862,15786.38222691413
2021-04-29,117.44711457040417,121.0061180422346,116.26078007979403,118.63344906101432,21837.66305372713
2021-04-30,115.99464390939784,119.50963311877354,114.82298083960595,117.16630697918974,68813.86911263604
2021-05-01,117.82417384473708,121.39460335518365,116.63403067458822,119.01431701488593,26207.166245536442
2021-05-02,124.71022121215489,128.48931882464444,123.45052200799171,125.96992041631808,68052.609685613
2021-05-03,123.23028058912469,126.96453151606786,121.98553028014362,124.47503089810574,41692.243578972666
2021-05-04,122.03559159752864,125.73363982775679,120.80290885411925,123.26827434093802,104109.23151403399
2021-05-05,120.23368113253859,123.8771260153428,119.01919950493719,121.44816276014,8810.130247997071
2021-05-06,119.25963750035825,122.87356590946001,118.05499469732433,120.46428030339217,33152.86445316857
2021-05-07,121.36639590787414,125.04416548084002,120.1404727168855,122.59231909886276,2952.590386067805
2021-05-08,115.65100298378402,119.15557883177749,114.48281103445288,116.81919493311518,1930.1844046570543
2021-05-09,117.77227263644508,121.34112938300402,116.58265372092544,118.96189155196473,142336.39945780212
2021-05-10,117.1031429519862,120.65172304144033,115.92028292216816,118.28600298180424,12369.940879161257
2021-05-11,117.0879718222896,120.6360921805408,115.90526503620586,118.27067860837333,18824.664632621847
2021-05-12,123.49828489263581,127.24065716210963,122.25082746947787,124.74574231579375,3539.3828017440105
2021-05-13,126.96926818428147,130.81682176562333,125.68675032383419,128.25178604472876,53186.755655424546
2021-05-14,129.61178190506482,133.53941165976374,128.30257198683182,130.92099182329778,14998.69626910936
2021-05-15,131.82985107679136,135.82469504881536,130.49823641945002,133.1614657341327,4747.4058961346755
2021-05-16,135.90350838545604,140.02179651834865,134.5307456744918,137.27627109642023,8651.729084730801
2021-05-17,137.19397413048196,141.3513672859511,135.80817641199226,138.5797718489717,18315.9345792245
2021-05-18,133.27010403726598,137.30859203839526,131.9239413702229,134.61626670430908,10149.652973194989
2021-05-19,133.28815521077834,137.32719021716557,131.9418102086493,134.63450021290743,15664.702193497082
2021-05-20,136.9208761178592,141.06999357597616,135.53783696515356,138.30391527056486,11300.841263198738
2021-05-21,131.13736470128794,135.1112242376906,129.8127448558204,132.4619845467555,13835.382984724358
2021-05-22,134.5932569946919,138.6718405399856,133.23372914626069,135.95278484312314,38147.35432966308
2021-05-23,133.59915997189486,137.64761936498257,132.2496735075323,134.94864643625743,28173.050986756836
2021-05-24,132.80554125889864,136.82995160007738,131.4640711451724,134.1470113726249,1686.1501878637523
2021-05-25,129.85071859433523,133.78558885476963,128.53909517419044,131.16234201448003,18188.43930305667
2021-05-26,129.24897273182037,133.16560826914827,127.94342755271107,130.55451791092966,21569.015416495862
2021-05-27,126.19977448923052,130.02401007981328,124.92502929236962,127.47451968609144,35955.40185636688
2021-05-28,123.86168499444196,127.61506938821293,122.61055686318497,125.11281312569895,23560.813534342444
2021-05-29,128.5310439124676,132.42592403102722,127.23275053961439,129.8293372853208,66413.42402683533
2021-05-30,131.187604264686,135.16298621210072,129.8624769488811,132.5127315804909,5256.815361805909
2021-05-31,133.9471607855229,138.00616565781147,132.5941591614267,135.30016240961908,3310.145585977294
2021-06-01,135.4995184456014,139.6055644591045,134.1308364411004,136.86820045010245,52721.491974225115
2021-06-02,139.7489695072321,143.983786765027,138.33736375463377,141.16057525983038,26733.68914250868
2021-06-03,141.57553978339837,145.86570765562257,140.14548382599028,143.00559574080643,3278.5080353041667
2021-06-04,144.90480149974627,149.29585609064767,143.44111663611247,146.36848636338007,43350.22218773376
2021-06-05,142.75724115611797,147.08321816084882,141.3152488212077,144.19923349102825,20983.218723097976
2021-06-06,137.38121823555758,141.5442854548169,135.99352916247116,138.76890730864403,8078.386232659996
2021-06-07,134.8565978463368,138.94316141743792,133.4944099893031,136.21878570337051,5525.454703465548
2021-06-08,135.62496390781087,139.73481129895666,134.25501477742895,136.9949130381928,18968.37373658753
2021-06-09,138.42491669676394,142.61961114212045,137.02668521497844,139.82314817854945,14504.768004680547
2021-06-10,138.24626969146718,142.4355505912086,136.84984272488668,139.64269665804764,148369.5448395642
2021-06-11,137.2365577192529,141.395241286503,135.85032986350285,138.62278557500292,26254.010232668992
2021-06-12,137.00291984544427,141.1545234771244,135.61905196821758,138.386787722671,19440.030532080676
2021-06-13,134.60213279455945,138.6809853034855,133.24251529158408,135.9617502975348,38099.682422167185
2021-06-14,133.47660423293883,137.52134981575517,132.12835570533338,134.82485276054427,38560.35886947011
2021-06-15,132.62017291334598,136.63896603193223,131.28057520715055,133.9597706195414,77762.45977827368
2021-06-16,133.15020121366157,137.18505579589376,131.80524968625085,134.4951527410723,5054.511025707648
2021-06-17,133.6096728886664,137.65845085498964,132.26008023322535,134.9592655441075,5279.279457758373
2021-06-18,135.62180566002402,139.73155734669143,134.2518884311349,136.99172288891316,18459.327143768962
2021-06-19,137.15877689823654,141.31510347091037,135.77333470734524,138.5442190891278,7980.946194414791
2021-06-20,135.28842998727006,139.3880793808237,133.92188018941883,136.65497978512127,39324.43941862584
2021-06-21,133.93989574792033,137.9986804675543,132.58696750804236,135.29282398779833,4135.725969361228
2021-06-22,136.59955259770516,140.7389329794538,135.21975913712225,137.97934605828803,8088.8568568799
2021-06-23,134.1740028852895,138.23988176060132,132.81870992685222,135.52929584372677,53902.185703592644
2021-06-24,131.94125299395978,135.93947278165552,130.60851306472784,133.27399292319168,66696.37982689415
2021-06-25,136.03756580017247,140.15991627896557,134.6634489739081,137.41168262643683,49811.97273052159
2021-06-26,132.64409427079858,136.6636122790046,131.3042549347299,133.98393360686725,13768.270159696845
2021-06-27,134.33293133742976,138.40362622644278,132.97603304109208,135.68982963376743,6036.461919545784
2021-06-28,134.4141697644479,138.48732642397664,133.05645087793835,135.7718886509575,41279.29751016074
2021-06-29,135.85788294359972,139.97478848734517,134.48558109568455,137.23018479151486,12927.051427158212
2021-06-30,140.11452120146694,144.3604157833296,138.69922300751273,141.52981939542116,23422.30385419357
2021-07-01,144.53910771066262,148.9190806715918,143.0791167236862,145.999098697639,36322.073155246166
2021-07-02,145.67966151226344,150.09419670960477,144.20814977981632,147.15117324471055,21552.83791597103
2021-07-03,145.97898701294343,150.40259268000233,144.50445179059045,147.4535222352964,8440.497424648482
2021-07-04,144.31544389270113,148.68863916217694,142.8577121362092,145.77317564919306,7834.52129706023
2021-07-05,144.85826824544895,149.24791273773528,143.39505341468683,146.32148307621105,33667.22624401121
2021-07-06,141.92816683534647,146.2290203758115,140.4945489885248,143.36178468216815,21037.93118939692
2021-07-07,145.12036706775066,149.51795394859158,143.65450477413702,146.5862293613643,89522.24879361701
2021-07-08,144.23643963402895,148.60724083506014,142.7795059003519,145.69337336770602,14384.147964968757
2021-07-09,145.65857924663047,150.07247558743745,144.18728046636147,147.12987802689946,17605.37778417958
2021-07-10,144.6996316111998,149.08446893275132,143.23801917068263,146.16124405171698,5872.8203490470105
2021-07-11,140.1800490348102,144.42792930859233,138.76408894354947,141.5960091260709,57408.54169250949
2021-07-12,138.18381088351856,142.37119909211003,136.78801481398807,139.57960695304905,18803.097857609326
2021-07-13,135.91408911605845,140.03269787715112,134.54121952902756,137.28695870308934,9944.026242140531
2021-07-14,134.90895586176953,138.99710603939891,133.54623913589305,136.27167258764598,3382.0714789288504
2021-07-15,137.82895811076148,142.00559320502697,136.43674641267296,139.22116980884996,8660.102978353923
2021-07-16,135.4939369310339,139.5998138077319,134.1253113054679,136.8625625565999,35692.970525258155
2021-07-17,139.0401247888988,143.2534619037139,137.63567908396044,140.44457049383718,18710.161543921353
2021-07-18,141.41708362307247,145.70244979346862,139.98862823294044,142.84553901320453,2689.303668498025
2021-07-19,140.95661652185925,145.22802914373378,139.53281231456774,142.38042072915076,14198.528438409166
2021-07-20,139.66796782191346,143.90033048318358,138.25718026815676,141.07875537567017,24815.055459743326
2021-07-21,135.0909169637184,139.18458111413412,133.72636224691314,136.45547168052363,63654.00453772055
2021-07-22,132.05460745986352,136.05626223137455,130.72072253602653,133.38849238370054,22793.29216287152
2021-07-23,133.37151091029799,137.41307184697368,132.0243239314061,134.71869788918988,61988.260734762225
2021-07-24,131.64649907032904,135.6357869209451,130.31673645345703,132.97626168720106,5488.275713148698
2021-07-25,127.49050782017493,131.3538565419984,126.20272491290042,128.77829072744942,10574.366504401596
2021-07-26,123.03167198841912,126.75990447291667,121.78892782691995,124.27441614991831,134280.061581366
2021-07-27,125.79515351607331,129.60712786504524,124.52449539974934,127.06581163239728,42591.15973757059
2021-07-28,125.26556358351701,129.0614897527145,124.00025486045118,126.53087230658284,30232.99299122913
2021-07-29,125.84379281389585,129.6572410809836,124.57264339153326,127.11494223625843,10552.766691861718
2021-07-30,124.85393859303569,128.63739127767315,123.59278769815654,126.11508948791484,59991.24846387324
2021-07-31,127.08229246607337,130.93327102565135,125.79863294621404,128.3659519859327,11696.54255260214
2021-08-01,127.72791806006532,131.59846103158247,126.43773706955962,129.01809905057104,65797.13910305926
2021-08-02,128.46824810160336,132.36122531680346,127.17058902986999,129.76590717333673,7305.992758124423
2021-08-03,124.61274527927752,128.38888907561926,123.35403068049693,125.8714598780581,49416.43153300361
2021-08-04,120.66458905656602,124.32109175524984,119.44575482367141,121.88342328946062,5382.973247190967
2021-08-05,118.33768425904061,121.92367469113276,117.14235411500991,119.53301440307133,28896.268359495523
2021-08-06,113.54312747721089,116.98382830985365,112.3962271996633,114.69002775475847,35688.80408215836
2021-08-07,115.24117572215457,118.73333256221986,114.0771234421328,116.40522800217633,6541.579344352255
2021-08-08,117.45439046886881,121.0136144224709,116.26798248433478,118.64079845340284,27803.53797544611
2021-08-09,115.86907113048304,119.38025510413404,114.69867647259936,117.0394657883667,10082.621872274387
2021-08-10,118.15844227438092,121.73900113118034,116.96492265544777,119.35196189331405,14489.441236781631
2021-08-11,115.76543342904145,119.27347686628514,114.59608561662688,116.93478124145601,15972.533731893582
2021-08-12,116.37484238830707,119.90135276371032,115.19933892983931,117.55034584677482,23948.190093401277
2021-08-13,113.17701569253512,116.60662222867255,112.03381351382264,114.32021787124759,25577.33336116913
2021-08-14,109.86905001800818,113.19841517006904,108.7592616339879,110.97883840202847,19252.995395198577
2021-08-15,110.28159061285807,113.6234569950659,109.16763515212212,111.395546073594,65093.67559544488
2021-08-16,107.70221388990521,110.96591734111446,106.61431273950213,108.7901150403083,20358.94080383759
2021-08-17,111.34051729778082,114.71447236741054,110.21586560790425,112.46516898765739,18047.422906079613
2021-08-18,111.32793053788448,114.70150419054765,110.20340598699677,112.45245508877221,33763.81080764055
2021-08-19,110.33753400598067,113.68109564252555,109.22301346046572,111.45205455149564,13816.871413465247
2021-08-20,110.11899286710464,113.45593204489569,109.00667980784095,111.23130592636832,7117.453337068258
2021-08-21,111.08894085672652,114.45527239783945,109.96683034302222,112.21105137043084,17641.942860113963
2021-08-22,111.55069072824041,114.93101468970225,110.42391607441981,112.67746538206103,48231.2165396419
2021-08-23,111.06279707441043,114.4283363796956,109.94095063931536,112.18464350950548,15271.860994600711
2021-08-24,111.6280277842558,115.01069529286963,110.5004719480512,112.75558362046041,4694.066467707838
2021-08-25,115.86428864709401,119.37532769700596,114.69394229712336,117.03463499706466,26281.18933618755
2021-08-26,118.45494826586436,122.04449215270873,117.25843363691624,119.65146289481248,15933.440867213621
2021-08-27,118.49327632804565,122.08398167131976,117.29637454695428,119.69017810913702,14489.10465325202
2021-08-28,118.0768949186667,121.65498264347478,116.88419901039732,119.26959082693605,52123.497224569146
2021-08-29,119.93489900785615,123.56928988688209,118.72343538151416,121.14636263419813,22785.266118377025
2021-08-30,117.11352703440159,120.66242179301982,115.93056211486218,118.296491953941,79251.8280138091
2021-08-31,116.48160142283245,120.01134692049405,115.30501959027859,117.65818325538632,17174.67016796631
2021-09-01,117.86214908622114,121.43372936156118,116.67162232777446,119.05267584466782,10627.690100724038
2021-09-02,116.43387798662414,119.96217731955214,115.25777820898146,117.6099777642668,11137.94607178473
2021-09-03,118.23672057566542,121.81965150220073,117.04241026682031,119.43103088451052,16300.545525439486
2021-09-04,116.61198796466199,120.14568456965175,115.43408909633207,117.78988683299191,46839.480408054704
2021-09-05,113.31437520160495,116.74814414710814,112.16978555310389,114.45896485010601,11030.417776861144
2021-09-06,113.63857915205149,117.08217245968942,112.49071471617219,114.7864435879308,9957.933953112879
2021-09-07,115.93192023187284,119.44500872374778,114.76089073458118,117.10294972916448,15461.4180138524
2021-09-08,117.94543421690658,121.51953828408557,116.75406619451357,119.13680223929957,7378.584184852247
2021-09-09,118.59045954529186,122.18410983454314,117.39257611554143,119.78834297504228,13376.693756156277
2021-09-10,121.7607363801977,125.45045566444611,120.53082995211489,122.9906428082805,60355.68936300224
2021-09-11,122.84479227550644,126.56736173840056,121.60393578787506,124.08564876313781,13434.953715985064
2021-09-12,120.65104799814193,124.307140361722,119.43235054361524,121.86974545266862,21154.12976624522
2021-09-13,120.17859690401886,123.82037256777701,118.96467168276615,121.39252212527158,106851.79192401332
2021-09-14,119.43471072592321,123.05394438428452,118.22829950646944,120.64112194537698,23337.90292014726
2021-09-15,120.57995277055485,124.23389073329894,119.36197344964016,121.79793209146955,7650.732756822425
2021-09-16,118.97569038841095,122.58101433957492,117.77391573802296,120.17746503879894,9166.084330936397
2021-09-17,124.49861287452119,128.27129811314305,123.2410511283139,125.75617462072847,12833.063735225262
2021-09-18,127.71296147351612,131.5830512151378,126.42293155964221,129.00299138739,23066.112879029308
2021-09-19,131.00999134527504,134.97999108301065,129.68665809936317,132.3333245911869,9101.903858825388
2021-09-20,126.74471072138168,130.5854595311205,125.46446111813539,128.02496032462795,61415.66947309121
2021-09-21,128.51371917844298,132.40807430506248,127.21560080290317,129.81183755398283,36673.94622271373
2021-09-22,126.63030854153672,130.467590618553,125.35121451586464,127.90940256720882,33637.57089971533
2021-09-23,125.9817362783524,129.79936465042368,124.70919348766196,127.25427906904282,251471.095872345
2021-09-24,131.19208549522943,135.16760323750913,129.86691291446954,132.51725807598933,5105.950938249952
2021-09-25,126.92815344250991,130.77446112258596,125.64605088248456,128.21025600253526,39982.656463309286
2021-09-26,128.52101655373605,132.41559281294016,127.22282446733466,129.81920864013742,14215.678603633469
2021-09-27,124.6127188116348,128.38886180592678,123.35400448020415,125.87143314306546,319548.0676103535
2021-09-28,126.59777238572805,130.4340685186289,125.31900700809443,127.87653776336167,9432.493641714469
2021-09-29,127.7055551120048,131.5754204184292,126.41560000986334,128.99551021414626,3378.8159381963355
2021-09-30,124.48405251750113,128.256296533183,123.22663784560717,125.74146718939508,37038.82731720704
2021-10-01,123.35305167745672,127.09102294040996,122.1070612564723,124.59904209844113,46394.16618561622
2021-10-02,125.78862861777765,129.6004052425588,124.51803640951726,127.05922082603803,10471.757392504749
2021-10-03,124.8909103094488,128.67548334912908,123.62938596288872,126.1524346560089,11469.908411820254
2021-10-04,125.683458997911,129.49204866451439,124.41392910904322,126.9529888867788,29190.41067124967
2021-10-05,122.71381826130097,126.43241881467372,121.47428474351005,123.95335177909189,213640.25496456196
2021-10-06,119.72173793709447,123.3496693897337,118.5124274528814,120.93104842130755,9471.570278173183
2021-10-07,118.90827126463148,122.51155221204455,117.70717761549379,120.10936491376917,16685.45019035749
2021-10-08,118.99499700982852,122.60090601012637,117.79302734306258,120.19696667659447,4468.53374845183
2021-10-09,119.16396854904372,122.77499789901474,117.96029209905338,120.36764499903406,7489.680552433849
2021-10-10,119.67752150480248,123.30411306555408,118.46865765121862,120.88638535838635,3885.0340498061623
2021-10-11,119.71109683046329,123.33870582532582,118.50189383217578,120.9202998287508,8543.823275108078
2021-10-12,123.03903096128333,126.76748644495859,121.79621246672491,124.28184945584175,72189.34699697395
2021-10-13,124.39376408768288,128.16327209033994,123.13726142013053,125.65026675523524,14274.585612232677
2021-10-14,123.79893451974858,127.5504173839834,122.54844023167031,125.04942880782686,98865.09547528587
2021-10-15,120.11204809082051,123.75180712387568,118.89879507980213,121.3253011018389,41699.434667146204
2021-10-16,120.10085593468604,123.74027581149471,118.88771597574981,121.31399589362226,39448.1623202489
2021-10-17,124.18152929890897,127.94460594433046,122.9271704171018,125.43588818071613,8579.286639677624
2021-10-18,123.3343735439251,127.07177880283193,122.08857179095615,124.58017529689404,6069.151328887985
2021-10-19,126.05788595972922,129.87782189790283,124.78457398033802,127.33119793912043,44598.53425531949
2021-10-20,125.18249514591349,128.97590408972906,123.91802549797498,126.44696479385202,19109.84265794193
2021-10-21,122.94646518317116,126.67211564326725,121.70458169647246,124.18834866986985,18171.896498553277
2021-10-22,121.40077987653537,125.07959138794554,120.17450937273198,122.62705038033876,36755.95764778381
2021-10-23,123.1050449643068,126.8355008723161,121.86155966163703,124.34853026697657,34932.08431642094
2021-10-24,122.79081293907075,126.51174666449714,121.55050169726195,124.03112418087954,15164.570238494092
2021-10-25,122.19701932496609,125.89995930451052,120.96270599845128,123.4313326514809,41106.17443566636
2021-10-26,121.05453892432598,124.7228582856692,119.83176580387824,122.27731204477372,44018.79832941344
2021-10-27,123.1461461960546,126.87784759593504,121.90224572942779,124.39004666268141,34917.90826131971
2021-10-28,124.45781206416576,128.22926091459505,123.20066244735601,125.71496168097552,136744.22993223913
2021-10-29,123.20856565469089,126.94215855331788,121.96403468848189,124.45309662089988,14987.395311809883
2021-10-30,126.33083859189883,130.15904582195637,125.05476951521297,127.60690766858467,17868.01331140487
2021-10-31,127.95524229089581,131.83267387546843,126.66276509603829,129.24771948575335,160923.8553583041
2021-11-01,127.43100983529285,131.2925555878775,126.14382791776465,128.71819175282107,9987.986465607379
2021-11-02,127.79005737291965,131.6624833539172,126.49924871258712,129.08086603325216,45342.43388306464
2021-11-03,129.2993016129678,133.21746226790623,127.99324806132167,130.60535516461394,10925.499185693898
2021-11-04,128.52637082300365,132.42110933279164,127.22812465307433,129.824616992933,8361.957841204245
2021-11-05,127.74915235177744,131.62033878667978,126.45875687347666,129.03954783007822,12599.378802396566
2021-11-06,125.99591147343244,129.8139693968698,124.72322549895333,127.26859744791156,6845.274845359567
2021-11-07,131.33874709421892,135.31870912737708,130.01209308316618,132.66540110527163,5228.956872994225
2021-11-08,129.52149249448698,133.44638620644113,128.21319459050224,130.8297903984717,171418.0697073344
2021-11-09,127.82448470842581,131.6979539420145,126.5333282972296,129.11564111962204,4471.728055316854
2021-11-10,126.93658762454868,130.78315088589864,125.65439987076536,128.218775378332,14350.363198383797
2021-11-11,127.30989820394414,131.16777390709396,126.02393963622754,128.59585677166075,15480.64738581419
2021-11-12,124.41986044451737,128.19015924586637,123.16309417740102,125.6766267116337,14681.410391819318
2021-11-13,119.21589979034671,122.82850281429661,118.01169878236341,120.42010079833001,63594.493629275385
2021-11-14,118.79151798774883,122.39126095707455,117.59160366464026,119.9914323108574,19642.998962567166
2021-11-15,118.55940465544423,122.15211388742739,117.36183491144985,119.75697439943862,28191.410798445806
2021-11-16,117.59678185202326,121.16032069602396,116.40893557068968,118.78462813335682,7490.20288427394
2021-11-17,114.20983632142766,117.67074045238002,113.0562016111102,115.3634710317451,19542.882293450883
2021-11-18,120.17208208593021,123.8136603309584,118.95822267092082,121.38594150093961,138106.70751846468
2021-11-19,117.46270233654263,121.02217816492272,116.27621039374928,118.649194279336,37158.199228961705
2021-11-20,117.64354765359272,121.20850364309554,116.45522899042511,118.83186631676033,14064.988425454589
2021-11-21,120.92545794694072,124.5898657635147,119.70398867474941,122.14692721913205,15947.044106123763
2021-11-22,117.54244782170582,121.10434017993933,116.35515036896132,118.72974527445032,65087.95775020244
2021-11-23,117.98456167409351,121.55985142179333,116.79279842486025,119.17632492332679,8669.41377705306
2021-11-24,118.30675190792007,121.89180499603887,117.11173421188047,119.50176960395967,28678.560103092215
2021-11-25,116.4045566711596,119.93196747937655,115.2287530684206,117.58036027389858,5256.125240782042
2021-11-26,110.20906825174646,113.54873698664787,109.09584534011265,111.32229116338026,6345.770324335795
2021-11-27,109.23291713950411,112.54300553767091,108.12955434011518,110.33627993889304,31994.676994543566
2021-11-28,107.61660014023118,110.8777092353897,106.52956377517835,108.70363650528402,45610.237908389085
2021-11-29,108.26495332984612,111.54570949135662,107.17136794267596,109.35853871701629,17278.65958967131
2021-11-30,108.65593066549494,111.94853462505539,107.55839601230811,109.75346531868175,6588.691072819431
2021-12-01,111.13617361568333,114.50393645252223,110.0135860034037,112.25876122796296,22866.903249091927
2021-12-02,108.48108471211457,111.76839030945138,107.38531617966896,109.57685324456017,10745.68511482761
2021-12-03,108.95896534993042,112.2607521787162,107.85836974033516,110.05956095952568,15714.731591014586
2021-12-04,109.39293896440356,112.70787650877942,108.28795978294492,110.49791814586217,9187.829210898402
2021-12-05,110.2081794448134,113.54782124617138,109.09496551102741,111.3213933785994,32043.747655531493
2021-12-06,110.96257698258789,114.3250793153936,109.84174287165266,112.08341109352313,11071.581707181595
2021-12-07,112.53637602878885,115.94656924178246,111.39964495779098,113.67310709978672,45777.37792391558
2021-12-08,110.91597282654371,114.27706291219656,109.79560946465944,112.036336188428,224529.2773986859
2021-12-09,109.69702196831786,113.02117414917598,108.58897124136516,110.80507269527057,1785.320034547096
2021-12-10,108.46962777383091,111.75658619121972,107.37397496803464,109.56528057962718,32821.42447788039
2021-12-11,106.0610008804176,109.27497060406661,104.98967763920125,107.13232412163393,86893.3927602086
2021-12-12,112.0844383769222,115.4809365095562,110.95227233271085,113.21660442113352,80056.55952811283
2021-12-13,113.27097293746,116.70342666283759,112.12682169566747,114.41512417925253,1745.106929337096
2021-12-14,111.94084899189629,115.33299593104466,110.8101333455135,113.07156463827909,38868.19769990921
2021-12-15,111.88143175797907,115.27177817488753,110.75131628567625,113.01154723028189,366637.5152653948
2021-12-16,110.10675248485562,113.44332074197246,108.99456306581666,111.21894190389456,21463.90009953764
2021-12-17,110.63230434591995,113.98479841700843,109.51480632222378,111.7498023696161,16475.92320688449
2021-12-18,109.99154469039999,113.3246218022303,108.88051898645656,111.10257039434343,19102.94772853753
2021-12-19,110.87927689239737,114.23925498004577,109.75928419651457,111.99926958828017,34728.583451461425
2021-12-20,109.45681031595855,112.77368335583608,108.3511859693327,110.5624346625844,47302.37778725099
2021-12-21,111.03835231018765,114.40315086504182,109.91675279190292,112.15995182847237,15801.070178085462
2021-12-22,109.45486508402631,112.77167917748166,108.34926038620786,110.56046978184476,125176.9429015976
2021-12-23,112.09495104249068,115.49176774074797,110.96267880973824,113.2272232752431,204662.62303356425
2021-12-24,109.77841496715011,113.1050336025183,108.66954208869406,110.88728784560618,28474.555968576467
2021-12-25,112.85713925615059,116.27705256694304,111.71716815255311,113.99711035974808,17768.953595053586
2021-12-26,112.89995062368746,116.3211612486477,111.75954708203405,114.04035416534087,38192.841426748695
2021-12-27,110.31458897954903,113.65745531226264,109.20030020197783,111.42887775712023,7929.742772783067
2021-12-28,106.83432104951147,110.07172471767849,105.75518649345581,107.91345560556715,36261.34377896823
2021-12-29,105.26201147580142,108.45176939931055,104.1987588346317,106.32526411697113,68379.34523372313
2021-12-30,107.93105714510517,111.2016952404114,106.84084444666976,109.02126984354058,58904.90612797799
2021-12-31,106.9583642772477,110.1995268311037,105.8779767592957,108.0387517951997,64546.929995159015
2022-01-01,110.61638000960838,113.96839152505106,109.49904283779415,111.7337171814226,27090.939473408565
2022-01-02,113.1890647835042,116.61903644361038,112.04574089680213,114.33238867020626,9536.377201448655
2022-01-03,113.4403098859181,116.87789503397623,112.29444816989873,114.58617160193748,39664.300173953845
2022-01-04,108.50269498709183,111.79065544124613,107.40670816904039,109.59868180514326,12962.187634001963
2022-01-05,111.75350496676558,115.13997481424332,110.62468168427299,112.88232824925815,170567.28557867603
2022-01-06,115.41574899597337,118.9131959352453,114.24993334954941,116.58156464239735,4362.349723122891
2022-01-07,112.69959503839505,116.11473428198278,111.56121529053246,113.83797478625762,26404.551067984852
2022-01-08,112.82380934144294,116.24271265482,111.68417490365059,113.96344377923529,16348.098559571557
2022-01-09,110.89741290482745,114.2579405686101,109.77723701689989,112.01758879275499,5249.24659625424
2022-01-10,111.84589751225101,115.23516713383438,110.71614097172323,112.97565405277881,33266.23814921675
2022-01-11,110.78826522105851,114.1454853792724,109.6691918349872,111.9073386071298,30473.176335125787
2022-01-12,108.33543683025587,111.61832885541514,107.2411394885361,109.42973417197562,5982.3317492343795
2022-01-13,112.81488110192281,116.23351386258713,111.67533684836803,113.95442535547758,1961.7357797192128
2022-01-14,116.0493500701592,119.56599704198221,114.87713441288487,117.22156572743354,17010.432857251286
2022-01-15,113.70463407610411,117.15022904810728,112.55610241876973,114.8531657334385,11143.969154830394
2022-01-16,116.58997387759678,120.12300338903911,115.41229737378266,117.76765038141089,7545.423645094647
2022-01-17,117.42691456536443,120.98530591583003,116.24078411520924,118.61304501551963,8961.851983952742
2022-01-18,117.64464112616486,121.20963025120015,116.45631141781975,118.83297083450995,112318.37424929006
2022-01-19,123.27920815341822,127.01494173382484,122.03396362661603,124.52445268022043,39731.67115715883
2022-01-20,122.40509962386056,126.11434506700786,121.16868447614479,123.64151477157633,83247.80019687029
2022-01-21,122.4244593430171,126.13429144432065,121.18784864258258,123.66107004345162,44460.881714295996
2022-01-22,123.4634928906203,127.20481085700274,122.21638690182616,124.71059887941445,67885.21610959416
2022-01-23,122.11471059489017,125.8151563704929,120.88122866968925,123.34819252009108,21503.27942803631
2022-01-24,124.88101569636001,128.66528889928003,123.61959129538668,126.14244009733335,10955.22928638898
2022-01-25,127.09205995038124,130.9433344943322,125.80830176906426,128.37581813169822,14616.006920530685
2022-01-26,130.00624002901515,133.94582306019743,128.6930456852877,131.31943437274256,109210.86445939809
2022-01-27,134.1321011924235,138.19671031946663,132.7772314834091,135.48697090143787,61141.655644959166
2022-01-28,139.4953875619747,143.72252051839817,138.08634324316685,140.9044318807825,4798.7254713014745
2022-01-29,132.44448247711193,136.45795164308504,131.10665942178758,133.7823055324363,87417.81541181277
2022-01-30,129.5689809035647,133.49531365821818,128.2602033186802,130.8777584884492,47900.2795368661
2022-01-31,127.98193995224383,131.8601805568573,126.68919308403936,129.27468682044832,42388.671121347805
2022-02-01,127.90145428508534,131.77725593008793,126.6095204034178,129.19338816675287,11125.06881134083
2022-02-02,128.3340787950672,132.22299027370562,127.03777496885441,129.63038262128,29543.68900018261
2022-02-03,129.45363772638152,133.37647523324156,128.1460252240948,130.7612502286682,15074.363691498074
2022-02-04,132.24629247441806,136.25375588273377,130.91047133831282,133.5821136105233,27344.152001425693
2022-02-05,134.44747673542844,138.5216426971081,133.08942141486855,135.80553205598832,26046.933724073617
2022-02-06,134.21890204241416,138.2861414982449,132.86315555713725,135.57464852769107,37844.42686221629
2022-02-07,134.48481559451176,138.56011303676968,133.12638311375912,135.8432480752644,131350.85011547897
2022-02-08,134.12756784628095,138.19203959919858,132.77274392864175,135.48239176392016,82853.80291382306
2022-02-09,131.57361363222137,135.56069283319778,130.24458723189588,132.90264003254683,12766.863492308681
2022-02-10,125.50460768943981,129.30777761942284,124.23688437944546,126.77233099943415,20118.018440208074
2022-02-11,127.21490741814982,131.0699046126392,125.92990835332002,128.4999064829796,44493.73926683333
2022-02-12,123.24722149148943,126.98198577911033,122.00230006228246,124.4921429206964,10955.612961070517
2022-02-13,122.11551288348127,125.8159829708595,120.8820228543552,123.34900291260735,11436.442269062421
2022-02-14,119.26748824960491,122.88165456019901,118.06276614607354,120.47221035313628,4150.747742921748
2022-02-15,119.19991418627998,122.81203279798544,117.99587464904482,120.40395372351513,27881.32151647599
2022-02-16,117.35961578760912,120.91596778117304,116.17416512308782,118.54506645213043,7854.066550459198
2022-02-17,115.36923072747172,118.86526802224358,114.20388496254776,116.53457649239567,4686.636273090343
2022-02-18,120.98221388035728,124.64834157370144,119.76017131590923,122.20425644480534,9163.580294156236
2022-02-19,121.0735856837493,124.7424822196205,119.85062017179224,122.29655119570637,12973.240740790829
2022-02-20,122.72797434149678,126.44700386699668,121.4882978329968,123.96765084999674,71269.28852020539
2022-02-21,122.83508324871913,126.55735849868032,121.59432483206541,124.07584166537286,127949.86381892109
2022-02-22,121.23781810665477,124.91169138261401,120.01319368133503,122.46244253197452,5289.477100112918
2022-02-23,119.87091042998316,123.50336226119477,118.66009315291261,121.08172770705369,79073.42922428512
2022-02-24,119.05026209208252,122.6578457918426,117.84773419216249,120.25278999200255,16602.84122221527
2022-02-25,117.72971232393421,121.29727936405342,116.54052331056113,118.91890133730728,9475.84654842621
2022-02-26,117.68865772530602,121.25498068667893,116.49988340484838,118.87743204576365,19739.69567732643
2022-02-27,122.43680354941911,126.14700971758333,121.20006816003104,123.67353893880718,19067.645138405776
2022-02-28,121.30476152089634,124.98066338516593,120.07946089947315,122.53006214231954,17308.860205578098
2022-03-01,117.70932659624656,121.2762758870419,116.52034349931476,118.89830969317833,19633.36183096184
2022-03-02,114.99587093739073,118.48059429912985,113.83429648347769,116.15744539130377,14924.202693201836
2022-03-03,118.89548792303027,122.49838149645544,117.69452339855522,120.09645244750533,12651.668058042387
2022-03-04,117.2851208952523,120.83921546783571,116.10042270439118,118.46981908611345,21617.11506130277
2022-03-05,115.97911431486895,119.49363293047105,114.80760810966825,117.15062052006965,5455.178062086133
2022-03-06,116.1782946905139,119.69884907507493,115.00477656232688,117.3518128187009,47993.138188245415
2022-03-07,116.25655764062675,119.77948362973666,115.08224897759013,117.4308663036634,12900.138812850468
2022-03-08,115.01817718319502,118.50357649177668,113.8563774136678,116.17997695272224,12841.97961276923
2022-03-09,115.27605910829074,118.76927302066318,114.11165447083326,116.44046374574822,25014.344287681695
2022-03-10,116.19309616004736,119.7140990739882,115.01942852206707,117.36676379802763,12516.300861614629
2022-03-11,117.5974652272272,121.16102477956743,116.4096120431138,118.78531841134061,23987.90600547265
2022-03-12,118.9301778479254,122.53412263119588,117.72886292016858,120.13149277568223,17076.163201527197
2022-03-13,121.79936358161987,125.4902533871235,120.56906697978532,123.02966018345441,41620.20927672961
2022-03-14,119.98801850553586,123.62401906630969,118.77601831861126,121.20001869246047,8892.668005926133
2022-03-15,122.76377585995164,126.48389027995017,121.52373771995212,124.00381399995115,11484.16252968315
2022-03-16,124.21467676051891,127.97875787447404,122.95998305586721,125.46937046517063,15104.031133262453
2022-03-17,121.48660850945122,125.1680208885255,120.2594710497598,122.71374596914265,26906.472429670972
2022-03-18,123.3731122903267,127.11169145063964,122.12691923688907,124.61930534376435,9593.566253905132
2022-03-19,125.57131454989604,129.3765058998929,124.30291743323042,126.83971166656166,41274.31890141325
2022-03-20,126.10914979869007,129.93063918652916,124.83532000274371,127.38297959463644,22906.145479312676
2022-03-21,126.13314900376675,129.95536564024454,124.85907679160749,127.40722121592601,24488.464878588024
2022-03-22,131.68604502038738,135.6765312331264,130.3558829494744,133.0162070913004,16383.644481744137
2022-03-23,131.7049523262836,135.69601148768615,130.37459927248275,133.03530538008445,3280.8828517517563
2022-03-24,128.99816008399003,132.90719523805035,127.69514836596994,130.30117180201015,18872.871288784194
2022-03-25,127.52266959007102,131.38699291098226,126.23456181643394,128.8107773637081,7758.754412728034
2022-03-26,129.50513096261278,133.42952887057075,128.1969983266268,130.81326359859878,12659.90773276072
2022-03-27,131.73547422305407,135.72745829041935,130.40481286726566,133.0661355788425,128855.78260597595
2022-03-28,134.71675848127379,138.79908449585784,133.3559831430791,136.07753381946847,48883.80453168657
2022-03-29,135.2443638741828,139.3426779309762,133.878259188585,136.6104685597806,34723.997194797295
2022-03-30,134.7706021035691,138.8545597430712,133.40928289040176,136.13192131673648,3486.5839031214346
2022-03-31,134.0715930080631,138.134368553762,132.71733449283016,135.42585152329607,17901.400659226285
2022-04-01,131.8544309155589,135.8500197311819,130.52256797701793,133.18629385409992,7410.185403074149
2022-04-02,134.90486286366098,138.99288901104464,133.54218748119976,136.2675382461222,75608.85841190362
2022-04-03,136.97516630077072,141.1259289159456,135.5915787623791,138.35875383916235,12257.05813959657
2022-04-04,135.85649332899652,139.97335676320853,134.4842055175925,137.2287811404005,43022.82343935067
2022-04-05,137.51577062411855,141.6829151884858,136.12672243599613,138.90481881224096,27144.665720740326
2022-04-06,137.4779486718703,141.64394711647245,136.0892825236696,138.86661482007102,24150.151942972756
2022-04-07,140.10776766742364,144.3534575967395,138.692537690985,141.52299764386225,101308.71343086023
2022-04-08,141.21177769871454,145.49092247746347,139.7853961057982,142.63815929163084,102353.55968637916
2022-04-09,143.18197794641046,147.52082576296834,141.73569534089114,144.62826055192974,29140.001856781375
2022-04-10,141.61344730188833,145.90476388679403,140.18300844025308,143.04388616352355,4181.066180697744
2022-04-11,142.75163219405732,147.07743923024088,141.30969651532945,144.19356787278517,46851.00403546292
2022-04-12,144.96998727200358,149.36301718933703,143.50564396622576,146.4343305777814,18806.91700930597
2022-04-13,141.53916121351392,145.82822670483253,140.10947271640774,142.96884971062013,4444.919466100503
2022-04-14,142.98226504072622,147.31506095105127,141.53799973728454,144.4265303441679,8186.149161899581
2022-04-15,141.09991422005749,145.37566919642285,139.67466256126903,142.52516587884594,42071.43233101203
2022-04-16,138.43451574981864,142.62950107557072,137.0361873079013,139.832844191736,22553.140440632946
2022-04-17,139.31387327829435,143.53550580187903,137.90666243709944,140.72108411948923,25237.428538825498
2022-04-18,142.50288475840713,146.8211539935104,141.06346168003938,143.9423078367749,21853.92247394147
2022-04-19,144.17174623007224,148.54058702492293,142.71546596512204,145.62802649502248,119598.18863974202
2022-04-20,150.74697563513632,155.31506580589803,149.2242789115491,152.26967235872357,4663.919505851113
2022-04-21,152.78412203829467,157.41394391824298,151.2408480783119,154.32739599827744,82237.581761863
2022-04-22,154.51710659676948,159.19944316030794,152.95632774225666,156.0778854512823,10670.245855686408
2022-04-23,156.3956729777379,161.1349357952451,154.8159187052355,157.9754272502403,24921.061970034232
2022-04-24,159.1699423947861,163.99327398250688,157.56216519887914,160.777719590693,79585.67513032441
2022-04-25,162.13572091155152,167.0489245755379,160.49798635688938,163.77345546621365,20555.36410611086
2022-04-26,160.53723327878902,165.40199792360082,158.91564506385177,162.1588214937263,21954.796108704904
2022-04-27,168.97040974173572,174.090725188455,167.26363792616263,170.6771815573088,29819.25339857505
2022-04-28,170.78205542315916,175.95726922386098,169.05698415625858,172.50712669005978,20861.99149313551
2022-04-29,173.1325176395745,178.37895756804647,171.38370433008384,174.88133094906516,37837.98423034049
2022-04-30,175.21748329989927,180.52710400595683,173.44760973121342,176.98735686858512,13654.704225090301
2022-05-01,175.88148825195228,181.21123032019327,174.1049075625386,177.65806894136594,99760.21191986266
2022-05-02,180.0831464211481,185.54021146421317,178.2641247401264,181.90216810216978,26425.099534564048
2022-05-03,177.5292064634443,182.90887938657897,175.73598215573276,179.32243077115587,17168.148521691273
2022-05-04,173.8415711920923,179.10949759185266,172.0855957255055,175.59754665867908,39020.853228983215
2022-05-05,171.6268661929922,176.82768032005256,169.89326148397205,173.3604709020123,24829.12176233787
2022-05-06,164.05807389895227,169.029530683769,162.4009216373467,165.71522616055785,15501.787968772624
2022-05-07,163.61315914704053,168.57113366664782,161.96050097383812,165.26581732024297,89248.4857996766
2022-05-08,170.03737476094224,175.1900224809708,168.31982552093274,171.75492400095177,86171.96996955505
2022-05-09,171.85593871952565,177.06369443829917,170.12002014660115,173.59185729245016,5507.6254488735585
2022-05-10,168.88090893027714,173.99851223119464,167.17504116330463,170.58677669724963,57078.12602147994
2022-05-11,165.16490164039024,170.16989865979602,163.49656930058833,166.83323398019218,10459.213170048422
2022-05-12,161.48394966761623,166.37740268784702,159.85279866087265,163.11510067435984,29029.676989556716
2022-05-13,161.0650186151894,165.9457767550436,159.43809923523798,162.6919379951408,8004.114188354388
2022-05-14,169.1098873116185,174.23442935136453,167.40170663170315,170.81806799153384,32644.633999086684
2022-05-15,167.04951048498518,172.11161686331806,165.36214169220753,168.7368792777628,14501.714731235921
2022-05-16,162.61325751711973,167.54093198733548,160.97069936038113,164.2558156738583,11015.274901891113
2022-05-17,161.5729596048773,166.4691098959342,159.94090950785835,163.20500970189627,6352.816587180356
2022-05-18,159.30863448845017,164.13616886688806,157.6994563623042,160.91781261459613,116341.88015198187
2022-05-19,159.78895243556198,164.63104190330628,158.17492261298057,161.40298225814342,15251.233338213066
2022-05-20,160.16530466113093,165.01879874177126,158.5474733009175,161.78313602134438,2707.021101355087
2022-05-21,164.25348663973094,169.2308650227531,162.59436051205688,165.912612767405,24002.33322259324
2022-05-22,167.04570304850213,172.1076940499719,165.3583727146789,168.7330333823254,11545.164662079633
2022-05-23,164.63895896339218,169.62801832591921,162.97593917588316,166.30197875090118,16929.65138859738
2022-05-24,165.1806820484641,170.1861572620539,163.5121903106008,166.84917378632736,17066.41374131742
2022-05-25,167.35404114310094,172.42537572319492,165.66359628306964,169.04448600313228,40888.12565606487
2022-05-26,168.17432359179227,173.27051521578596,166.47559305046104,169.8730541331235,53192.30824881175
2022-05-27,163.14766399925566,168.0915326052937,161.499707797243,164.79562020126835,5541.80810893616
2022-05-28,162.8989459394183,167.8352776345522,161.25350204104035,164.54438983779627,11279.425604531585
2022-05-29,165.221450006543,170.22816061280187,163.55254647112335,166.8903535419626,51217.989602166876
2022-05-30,168.89910597088107,174.0172606972714,167.19305439541762,170.60515754634451,11361.58052155083
2022-05-31,166.66642698166632,171.71692476898954,164.98292771922524,168.3499262441074,9852.75695006896
2022-06-01,170.12940577420318,175.2848423128154,168.4109269279991,171.84788462040726,14572.955320080722
2022-06-02,171.84152910619156,177.04884817001556,170.1057560849169,173.57730212746623,56833.0262412813
2022-06-03,171.81810370573973,177.02471290894397,170.08256730467167,173.55364010680782,10014.86733813216
2022-06-04,170.94887886662002,176.12914792318426,169.22212251443196,172.6756352188081,35957.3186406633
2022-06-05,167.9901246944998,173.08073453372708,166.2932547480907,169.6869946409089,20377.815803964
2022-06-06,173.23863687266945,178.4882925354776,171.4887516517334,174.9885220936055,15061.4058453244
2022-06-07,173.98451192235328,179.2567698593943,172.22709261000625,175.74193123470027,14224.208009146523
2022-06-08,176.24750037989048,181.58833372473566,174.46722259827544,178.02777816150555,3064.6532423306985
2022-06-09,172.2839384323994,177.5046638394418,170.54369663005193,174.02418023474686,8756.886780579602
2022-06-10,175.82393621607685,181.15193428323067,174.0479368603589,177.5999355717948,48500.4055985562
2022-06-11,176.8044784384777,182.16218990631037,175.0185746158668,178.5903822610886,63510.48014138886
2022-06-12,177.20456257054545,182.57439779995593,175.4146174940753,178.9945076470156,103044.80500563908
2022-06-13,180.64897811641796,186.12318957449122,178.82424096372688,182.47371526910905,52796.51923947954
2022-06-14,182.39713109423826,187.92431688497277,180.5547358306601,184.23952635781643,3490.5572705705463
2022-06-15,178.72493660449416,184.14084377432732,176.91963421454977,180.53023899443855,10824.437602528025
2022-06-16,180.83463236387345,186.31446970823325,179.00801991575352,182.66124481199338,24043.225143627304
2022-06-17,178.9696320543965,184.39295423786308,177.16185799324097,180.77740611555203,7768.692768949821
2022-06-18,178.60567208856386,184.0179651821567,176.80157439069959,180.40976978642814,23162.68415895493
2022-06-19,178.5710543843812,183.98229845663516,176.76730636029654,180.37480240846585,43103.59743885014
2022-06-20,183.48808941199582,189.04833454569268,181.6346743674302,185.34150445656144,92381.73127367948
2022-06-21,186.34903548023084,191.99597594932874,184.46672199053154,188.23134896993014,26041.826416065807
2022-06-22,187.18256336906944,192.85476225904125,185.2918304057455,189.07329633239337,46921.57976675372
2022-06-23,190.15710339884342,195.91943986547503,188.23632457663288,192.07788222105395,7798.267396438271
2022-06-24,194.66040250610212,200.5592025820446,192.69413581412127,196.62666919808294,32762.242562744766
2022-06-25,199.4241396291146,205.4672953754514,197.40975438033567,201.43852487789354,1409.608409285105
2022-06-26,199.93161123625322,205.99014491007907,197.91210001164458,201.95112246086182,14713.961048738349
2022-06-27,198.49547593205457,204.51049035423807,196.49047112466008,200.50048073944907,270510.71533434145
2022-06-28,201.35359842309268,207.45522261773186,199.3197236915463,203.38747315463908,21119.157236671363
2022-06-29,194.73949907576701,200.64069601745692,192.77243342853703,196.70656472299697,72117.71463477709
2022-06-30,198.34203792681663,204.35240271247775,196.33858299826292,200.34549285537034,148270.562287109
2022-07-01,203.53421946703432,209.70192308724748,201.47831826029662,205.59012067377205,31295.90593216224
2022-07-02,207.57997111692012,213.8702732719783,205.48320373190074,209.67673850193952,22491.137242756984
2022-07-03,202.73116724876618,208.87453595327426,200.6833776805968,204.77895681693553,12985.409502526492
2022-07-04,202.5540066044501,208.69200680458496,200.5080065377385,204.60000667116174,11634.521156166702
2022-07-05,197.48617926095733,203.4706089355318,195.4913693694325,199.48098915248215,60645.925980854816
2022-07-06,203.46939535111997,209.63513460418423,201.4141489334319,205.52464176880807,47421.133735250296
2022-07-07,199.16825187354112,205.2036534454666,197.15645134956594,201.18005239751628,17755.732312707703
2022-07-08,203.28202200382603,209.44208327666925,201.22866824621164,205.33537576144045,5388.300482351154
2022-07-09,201.5352736989948,207.64240320502498,199.49956386365145,203.5709835343382,35512.70285710611
2022-07-10,202.39936823705654,208.53268242605824,200.35493017405597,204.4438063000571,23839.410564848993
2022-07-11,203.95740947610744,210.1379370359895,201.89723362281345,206.01758532940147,68684.49809059387
2022-07-12,198.35143149603047,204.3620809353041,196.34788168293926,200.35498130912168,31752.27527081835
2022-07-13,200.9292244961011,207.01798887477085,198.89963636987787,202.95881262232436,16226.30417337301
2022-07-14,200.18152379402665,206.2476305756638,198.1594882001476,202.2035593879057,4862.29122529255
2022-07-15,200.1013837832772,206.16506207974018,198.08015768445622,202.1226098820982,2776.8385209891862
2022-07-16,201.97925042489962,208.0998337711087,199.93905597616327,204.019444873636,35422.47173819821
2022-07-17,201.68693474678955,207.79866004214682,199.64969298167046,203.72417651190864,3111.3045703227413
2022-07-18,205.12992743026908,211.34598583724693,203.05790796127644,207.20194689926169,11685.427248186574
2022-07-19,207.63209958016668,213.9239813856263,205.53480564501348,209.72939351531988,16699.8436056149
2022-07-20,213.7596845019149,220.23725069894263,211.60049576957235,215.9188732342575,23140.70956807423
2022-07-21,208.131249272629,214.43825682634503,206.0289134213903,210.23358512386767,4152.474364206708
2022-07-22,209.470236412138,215.81781933371795,207.35437543827803,211.586097385998,21875.748867546234
2022-07-23,208.80070127764282,215.1279952557532,206.69160328493933,210.90979927034627,58667.67183730166
2022-07-24,220.42131708384147,227.10075093486697,218.19483913349964,222.6477950341833,43156.87493186313
2022-07-25,217.9945713316557,224.60046743261498,215.79260596466926,220.19653669864212,25046.900027604363
2022-07-26,216.35414336471752,222.91032952728472,214.1687479771951,218.5395387522399,19676.778895041603
2022-07-27,220.7009670917328,227.38887518542165,218.4716643938365,222.93026978962908,56655.43056351267
2022-07-28,218.60154055900185,225.2258296668504,216.39344418971902,220.8096369282847,12858.063641328652
2022-07-29,215.15402244194368,221.67384130382078,212.98074948798467,217.32729539590272,105613.22315310285
2022-07-30,216.2492523064328,222.80225995208227,214.06491642454964,218.43358818831595,4373.924444043726
2022-07-31,214.33969321714775,220.8348354358492,212.17464581091394,216.50474062338157,21152.39203552119
2022-08-01,217.45792763520015,224.0475618059638,215.2613829116123,219.65447235878804,8874.048705046574
2022-08-02,214.5986985803912,221.10168944646364,212.43103495836704,216.76636220241534,54343.62186357269
2022-08-03,219.4658198037898,226.11629919178344,217.24899334112527,221.68264626645436,8977.481933229954
2022-08-04,224.80219015865202,231.61437773921725,222.53146096513026,227.07291935217376,37994.70990814536
2022-08-05,221.01205186588297,227.70938677090973,218.77960689754073,223.24449683422523,5052.197088584651
2022-08-06,221.264629396669,227.96961816626504,219.02963314013698,223.499625653201,7757.063188993682
2022-08-07,220.06286847156636,226.73144024343202,217.8400112142778,222.2857257288549,21475.444636375283
2022-08-08,225.5445683785789,232.37925226883888,223.2663404151589,227.8227963419989,27381.503543624673
2022-08-09,225.47872907233926,232.3114178321071,223.20116615241665,227.75629199226188,25255.80464334311
2022-08-10,229.1799137603428,236.12475963186833,226.86496513650096,231.49486238418464,49813.61534771356
2022-08-11,225.5070296732763,232.34057602701193,223.22918088869773,227.78487845785483,14017.884845521246
2022-08-12,218.42634490561792,225.04532505427304,216.22001818939955,220.6326716218363,34582.25829780859
2022-08-13,212.04527858923709,218.47089309194124,209.90340708833568,214.18715009013846,16847.709614499792
2022-08-14,212.98970040538805,219.4439337510059,210.8382892901821,215.141111520594,12732.643765494566
2022-08-15,209.6623389363378,216.01574314652984,207.54453753294044,211.78014033973514,90708.93114916941
2022-08-16,209.28360950406534,215.6255370647946,207.16963365048892,211.39758535764176,33669.42449949487
2022-08-17,209.71315714894766,216.06810130497638,207.5948424302714,211.8314718676239,26343.085206871037
2022-08-18,209.32623164752516,215.66945078835928,207.21182526724712,211.4406380278032,114647.26803682004
2022-08-19,210.333547832695,216.70729170641303,208.20896654145562,212.45812912393433,14234.112903920808
2022-08-20,216.57436739250304,223.13722701045768,214.38674751985147,218.76198726515457,6866.613260649573
2022-08-21,210.02641117076647,216.3908478729109,207.90493227005163,212.14789007148127,60892.925913227424
2022-08-22,205.04330409455693,211.25673755196775,202.97215960875334,207.11444858036054,37663.72542620892
2022-08-23,216.44310409020403,223.00198603233144,214.2568101094949,218.62939807091317,46505.26810257136
2022-08-24,210.8484812904691,217.23782920836211,208.71869865117142,212.97826392976677,34603.18049928817
2022-08-25,209.67963362738746,216.03356191912647,207.5616575301411,211.7976097246338,86665.14193062895
2022-08-26,211.38585402780623,217.7914859680428,209.2506433810607,213.52106467455175,18835.20046845479
2022-08-27,210.44160510590595,216.81862344244854,208.31593232705842,212.56727788475348,19137.913870931283
2022-08-28,219.90941564037664,226.57333732644867,217.68810841168596,222.1307228690673,139364.42860150267
2022-08-29,216.29575906290157,222.85017600420161,214.11095341580153,218.48056471000157,587462.0380658911
2022-08-30,215.12827846015028,221.64731720136695,212.9552655464114,217.30129137388917,46139.10654590726
2022-08-31,207.61761414802223,213.9090570009926,205.52046653036544,209.71476176567901,5979.053864350405
2022-09-01,207.00477945919877,213.277651564023,204.91382209092401,209.0957368274735,24531.86288635436
2022-09-02,205.09686192181766,211.31191834369093,203.0251764478599,207.16854739577542,40054.07812074408
2022-09-03,205.0266294786802,211.23955764470082,202.95565342333998,207.0976055340204,13512.172928188127
2022-09-04,204.8524835978871,211.0601346160049,202.78326659184782,206.92170060392635,23536.653562805088
2022-09-05,206.80944925142404,213.07640225904294,204.72046491555108,208.898433587297,2807.63436495712
2022-09-06,204.67500912119516,210.87728212486775,202.60758478663763,206.7424334557527,6720.332907444873
2022-09-07,208.0862061501391,214.39184876074938,205.98432527993566,210.18808702034252,7908.495064702853
2022-09-08,204.61168554212784,210.81203964946508,202.5449008396821,206.6784702445736,14954.415682735493
2022-09-09,205.13575884463597,211.3519939611401,203.06368047246795,207.20783721680402,11128.21568228243
2022-09-10,205.26767292840586,211.48790544138788,203.19426209074518,207.34108376606653,87414.84110543857
2022-09-11,210.37769580532708,216.75277749639758,208.25266857497024,212.5027230356839,29638.25638366011
2022-09-12,208.41074741211196,214.72622460641838,206.30558834734313,210.51590647688076,14901.037681322443
2022-09-13,213.38298229239663,219.84913327095413,211.2275986328775,215.5383659519158,21171.189587589513
2022-09-14,212.6324795753874,219.07588804736884,210.48467675139358,214.7802823993812,220968.43590197788
2022-09-15,210.04312837397646,216.40807165803636,207.92148061262316,212.16477613532976,18198.263096989627
2022-09-16,205.56543220652676,211.79468772793666,203.4890136993901,207.6418507136634,33359.88848715637
2022-09-17,210.5824652733058,216.9637520997696,208.4553696644845,212.70956088212705,3722.269348962526
2022-09-18,211.5382819490472,217.94853291720014,209.40153162632956,213.67503227176485,3951.481896199719
2022-09-19,213.59494575085557,220.06751986451786,211.4374210463015,215.75247045540968,16697.632930796037
2022-09-20,213.40225131193938,219.86898620017996,211.2466730158592,215.55782960801957,3576.6164713354797
2022-09-21,215.29276835681182,221.81679164035157,213.11809392896524,217.4674427846584,52468.750704786326
2022-09-22,213.8347655591467,220.3146069397269,211.6748184322866,215.99471268600675,45324.07395186132
2022-09-23,209.26380381183108,215.6051312000684,207.15002801575196,211.37757960791018,71613.0584948977
2022-09-24,211.67838451000384,218.092881010307,209.54021900990278,213.8165500101049,2086.820006760328
2022-09-25,208.1220884930766,214.42881844741225,206.0198451749647,210.22433181118848,51526.78884096345
2022-09-26,203.53785155439792,209.7056652378645,201.48191365990905,205.59378944888678,80497.11407853913
2022-09-27,200.3992103914779,206.47191373667422,198.37497594307914,202.42344483987668,36261.99313352316
2022-09-28,203.47366150550113,209.63953003597086,201.41837199534453,205.5289510156577,12535.88603881747
2022-09-29,198.9635076526724,204.99270485426854,196.95377525214036,200.97324005320445,20504.05024369835
2022-09-30,196.88438952686317,202.85058314888934,194.89565831952112,198.87312073420523,32818.23204788512
2022-10-01,196.74211815310997,202.70400052138604,194.7548240303513,198.72941227586867,10486.959305938555
2022-10-02,194.7454078049166,200.646783799005,192.77828247355382,196.7125331362794,10093.969283043527
2022-10-03,185.62178332708305,191.2466858521462,183.7468158187287,187.49675083543744,22592.549750287628
2022-10-04,186.76882053024514,192.42848175843437,184.8822667875154,188.65537427297488,65223.335287723865
2022-10-05,185.1964941562942,190.80850913072734,183.3258224981498,187.06716581443857,20913.558968102625
2022-10-06,180.70062840622305,186.17640502459344,178.87536953343292,182.52588727901318,8840.05233078409
2022-10-07,179.26422795718025,184.696477289216,177.453478179835,181.0749777345255,9289.840634887503
2022-10-08,186.56940808316028,192.2230265099227,184.6848686075728,188.45394755874776,16132.666717878954
2022-10-09,187.86441590516745,193.55727699320283,185.96679554248897,189.7620362678459,5588.821644275356
2022-10-10,187.20444973850078,192.8773118517887,185.31349570073814,189.09540377626342,19423.16791152158
2022-10-11,194.97508846610225,200.88342448022655,193.0056431280608,196.94453380414367,5634.6931871347315
2022-10-12,196.5487505291452,202.50477327245264,194.5634096147094,198.53409144358102,26994.08419636454
2022-10-13,201.27094214681037,207.37006160580464,199.23790232714563,203.30398196647513,19291.6239923678
2022-10-14,198.96023369181648,204.9893316824776,196.9505343615961,200.96993302203686,15642.027306378997
2022-10-15,195.14485940730742,201.05833999540766,193.17369921127403,197.11601960334085,14358.392819099086
2022-10-16,193.1685265943858,199.0221183093672,191.21732935605868,195.11972383271294,10510.14464676198
2022-10-17,197.50128984872757,203.48617741990114,195.50632732500304,199.4962523724521,42364.95670122824
2022-10-18,196.283158685992,202.23113319162812,194.30050051744664,198.26581685453738,23704.408594835135
2022-10-19,193.4032807246676,199.26398620117268,191.44971223249925,195.35684921683597,58862.893472448275
2022-10-20,195.94260234389372,201.88025696037536,193.96338413839985,197.9218205493876,15284.172108117782
2022-10-21,193.93073016261374,199.80741895542022,191.9718338983449,195.88962642688256,23255.606168608185
2022-10-22,198.74097778908842,204.76343166148504,196.73349316495623,200.74846241322064,168558.51384458356
2022-10-23,201.9906178363096,208.1115456495311,199.95030856523576,204.03092710738343,17862.568307684494
2022-10-24,195.65346241445727,201.5823552148954,193.67716481431123,197.6297600146033,6684.503453064761
2022-10-25,198.0119843712597,204.01234753402514,196.01186331700455,200.01210542551485,48689.15702285849
2022-10-26,201.88722703128153,208.00502178980523,199.84796211177363,203.92649195078943,7519.208924671015
2022-10-27,201.55361539612366,207.6613007111577,199.5177202911123,203.589510501135,28778.030322199953
2022-10-28,201.79787891357742,207.9129661533828,199.75951650030896,203.83624132684588,4543.785379183768
2022-10-29,205.45099033633687,211.67677792228648,203.37572780768699,207.52625286498673,17442.773023976744
2022-10-30,207.71583337464654,214.01025256781764,205.61769364358952,209.81397310570358,28884.216724730464
2022-10-31,205.2261090043044,211.44508200443485,203.1531180042609,207.29910000434788,23733.058936409103
2022-11-01,204.04494360707892,210.22812371638435,201.9838835706438,206.10600364351407,17435.200613036144
2022-11-02,199.715664634015,205.76765447140943,197.69833468821687,201.73299457981315,38275.03999263805
2022-11-03,201.0008872222359,207.09182319866727,198.9705752300921,203.03119921437968,5086.904751915439
2022-11-04,201.4483919531878,207.55288867904198,199.41355971123642,203.4832241951392,4848.3537349606195
2022-11-05,195.69859869082234,201.62885925721088,193.72184516869282,197.67535221295185,27009.027315469186
2022-11-06,190.70424003401513,196.48315639868227,188.77793457912608,192.63054548890418,11532.790749540574
2022-11-07,190.25036741067166,196.01553005947991,188.32864652773557,192.17208829360774,6252.728950366732
2022-11-08,193.84370647811735,199.71775818957545,191.88568924096464,195.80172371527004,55467.52825285433
2022-11-09,195.15716503555626,201.07101852148222,193.1858805402476,197.1284495308649,7773.522118755936
2022-11-10,188.76532780065816,194.48548924916295,186.85860731782324,190.6720482834931,5945.055488035974
2022-11-11,186.46176081663185,192.11211720501464,184.5783086871709,188.34521294609277,13270.725123163702
2022-11-12,183.83613586398715,189.40692785986556,181.97920519869433,185.69306652927995,23926.6781229808
2022-11-13,182.02056795044462,187.53634273682172,180.18197635498558,183.85915954590365,19591.125480859297
2022-11-14,188.05650104098478,193.75518289071158,186.15694042440919,189.95606165756038,61708.29452029102
2022-11-15,188.23520367973373,193.93930076093778,186.33383798599903,190.1365693734684,6351.2963178852015
2022-11-16,188.9527562189163,194.67859731645922,187.04414251973532,190.86136991809727,23260.02273083938
2022-11-17,181.92707134329652,187.440012899154,180.08942415801067,183.76471852858234,18364.531785699695
2022-11-18,179.6972149781572,185.14258512901046,177.88209159453947,181.51233836177497,5094.12675327615
2022-11-19,175.64136003439606,180.96382548998383,173.86720488253349,177.41551518625866,14350.425280652475
2022-11-20,172.56692309356933,177.79622379337445,170.82382286030094,174.3100233268377,20101.68519036203
2022-11-21,179.15462235971188,184.5835503100062,177.3449797096138,180.96426500981,3087.8416949890384
2022-11-22,179.13443108147385,184.56274717485186,177.32499238368118,180.94386977926652,38563.374012121996
2022-11-23,181.66426393904538,187.16924163416797,179.82927137400452,183.49925650408625,11613.726249649211
2022-11-24,180.9754773445958,186.45958271867445,179.1474422199029,182.80351246928868,16634.314631334983
2022-11-25,188.47936877962195,194.19086480324685,186.57553677174698,190.38320078749692,53370.26300508235
2022-11-26,182.58825758276058,188.12123508526847,180.74393174859128,184.43258341692987,20287.09733961867
2022-11-27,178.6706992412593,184.08496285463082,176.8659447034688,180.47545377904981,63156.11579400568
2022-11-28,176.23461372076707,181.57505656079033,174.454466107426,178.01476133410816,24207.46770751506
2022-11-29,170.65927998531086,175.83077331819908,168.93544887434814,172.3831110962736,35008.578310971636
2022-11-30,169.3141586414295,174.4448907214728,167.60391461474836,171.02440266811058,13620.764303423555
2022-12-01,172.01559205984583,177.22818575862905,170.2780608269181,173.75312329277358,9362.038477311964
2022-12-02,173.1735592237212,178.42124283656125,171.42433135277452,174.92278709466788,59640.78127283227
2022-12-03,174.16104512756988,179.43865255567806,172.4018426515338,175.92024760360593,21541.69232598017
2022-12-04,171.6787918405257,176.88117947205677,169.94466263001533,173.41292105103605,59601.76068568756
2022-12-05,174.53951392581126,179.82859010538132,172.77648853262124,176.30253931900128,12747.43603205483
2022-12-06,178.68082865870943,184.09539922412486,176.87597180357093,180.4856855138479,60254.199360792045
2022-12-07,176.55894904536365,181.90922022855648,174.77552531763268,178.34237277309458,8684.96277633266
2022-12-08,173.89066344886947,179.16007749277463,172.1341921009011,175.64713479683786,3950.423116359237
2022-12-09,170.369971332389,175.5326977364008,168.64906253105175,172.09088013372627,36458.689621037556
2022-12-10,173.30117453776592,178.55272528133457,171.550657623243,175.0516914522888,15820.605953900318
2022-12-11,174.5300825821564,179.81887296343388,172.76715245506392,176.2930127092489,9799.395630860825
2022-12-12,176.44552423638368,181.79235830415288,174.66324621379394,178.2278022589734,13661.420097443512
2022-12-13,182.91910287929278,188.46210599684713,181.07143517344133,184.76677058514423,9134.08670136271
2022-12-14,187.90911932983673,193.60333506710452,186.01104741741415,189.80719124225934,14499.163304568034
2022-12-15,188.72252884674734,194.44139335725484,186.8162406765782,190.6288170169165,14799.568630120515
2022-12-16,189.0137969054846,194.74148772080233,187.10456663371204,190.92302717725718,17946.322620803992
2022-12-17,189.35524624287203,195.09328400780757,187.4425669878935,191.26792549785054,24861.161299235107
2022-12-18,196.01809002996012,201.95803215208014,194.03810932258676,197.99807073733345,53792.52724057441
2022-12-19,200.4690919174472,206.5439128846426,198.44415159504874,202.49403223984567,21999.7139141686
2022-12-20,206.72151908798355,212.98580754519517,204.63342293557966,208.80961524038742,34398.65672800049
2022-12-21,207.3711236869404,213.6550971319992,205.2764658719208,209.46578150196,73106.1390576181
2022-12-22,201.412753788282,207.5161705697451,199.3782815277943,203.4472260487697,16199.5087667066
2022-12-23,203.0624098531424,209.21581621232855,201.01127440008037,205.11354530620446,60197.03277858501
2022-12-24,207.38880905255738,213.6733184177864,205.29397259748106,209.48364550763372,13336.459492366816
2022-12-25,207.1688740137853,213.44671868086974,205.07625912475717,209.26148890281345,36389.03001957407
2022-12-26,207.03691143635572,213.31075723745744,204.94562950265515,209.1281933700563,5963.178248731418
2022-12-27,205.35033149746815,211.57306881557324,203.27608572476643,207.42457727016983,25586.072031271342
2022-12-28,207.6977882875196,213.99166065986867,205.5998308300699,209.79574574496928,6346.34736053246
2022-12-29,210.51398454261633,216.8931961954229,208.38758065834747,212.64038842688518,38542.23678264032
2022-12-30,214.46439533741022,220.96331640824084,212.29808831380004,216.63070236102044,51228.72181685379
2022-12-31,215.8856729228515,222.42766301142277,213.7050095599944,218.0663362857086,3215.860099129878
2023-01-01,211.85409050447146,218.27391142884937,209.71415019634549,213.99403081259743,9866.967084090455
2023-01-02,210.71150696421097,217.09670414494465,208.5831079039664,212.83990602445553,6899.201245180846
2023-01-03,212.46670397094934,218.905088939766,210.32057564801048,214.61283229388823,10447.801534074539
2023-01-04,211.5858838772121,217.99757732803673,209.44865272693724,213.72311502748698,4265.1009515268215
2023-01-05,208.4306452943363,214.74672545477074,206.32528524085814,210.53600534781444,24849.478793388556
2023-01-06,209.24696420290655,215.58778129996432,207.13335850388728,211.3605699019258,13489.6236109364
2023-01-07,209.2969884485819,215.63932143187228,207.1828774541518,211.41109944301203,12969.891926261393
2023-01-08,215.70266339165076,222.2391077368523,213.5238486099169,217.8814781733846,98584.67722972884
2023-01-09,218.4522793063867,225.0720453459742,216.24569062652424,220.65886798624922,30246.68746921879
2023-01-10,222.07708372767422,228.80669232548254,219.8338808617381,224.32028659361032,83157.77964162262
2023-01-11,221.45098980512756,228.1616258598284,219.2141111202273,223.68786849002785,14495.518693315096
2023-01-12,222.00830140746953,228.73582569254438,219.7657933124446,224.2508095024945,11980.11606397818
2023-01-13,217.8615418998462,224.46340680590214,215.66092026449422,220.06216353519818,7337.915438882231
2023-01-14,216.50935280851678,223.07024228756276,214.3223896488348,218.69631596819877,24337.838738861523
2023-01-15,216.81151166476505,223.38155747278824,214.621496395424,219.00152693410612,44564.4405546738
2023-01-16,214.06405338679096,220.5508428833604,211.90179022126782,216.2263165523141,12063.936118590429
2023-01-17,225.99368242782722,232.84197583473107,223.71091795885926,228.27644689679516,17508.695314431454
2023-01-18,230.9760244720781,237.97529794092895,228.6429333157945,233.30911562836172,17264.225469864185
2023-01-19,229.7038788476663,236.66460244911073,227.38363764718483,232.02412004814778,39329.476786183404
2023-01-20,231.25664206120297,238.26441909336063,228.92071638381708,233.59256773858885,6242.91091753146
2023-01-21,230.05250329237774,237.02379127093462,227.72874063285877,232.3762659518967,11088.774320381495
2023-01-22,232.8959600327609,239.95341336708702,230.54347558798554,235.24844447753628,21308.87248007305
2023-01-23,226.95025895798844,233.82753953247294,224.65783209982692,229.24268581614993,13506.68188582205
2023-01-24,224.27119738998255,231.06729428058807,222.0058317597807,226.5365630201844,37555.26343256091
2023-01-25,227.30307247730147,234.19104437055304,225.00708184621763,229.59906310838534,138327.37834524916
2023-01-26,220.84168179990775,227.53385397566254,218.61095774132284,223.0724058584927,59301.31981696311
2023-01-27,217.97793777301248,224.58332982674014,215.77614042176995,220.17973512425505,30124.86432831735
2023-01-28,224.8548780583589,231.66866224194555,222.58361666383004,227.1261394528878,21834.416311958834
2023-01-29,224.49918530081607,231.30219091599233,222.23151676242398,226.76685383920815,36449.82424904644
2023-01-30,218.6498216540332,225.27557382536753,216.44123759692172,220.85840571114463,41176.71055518697
2023-01-31,223.62086547558542,230.39725533848195,221.3620688546199,225.87966209655093,22573.431995315375
2023-02-01,229.45393313766112,236.40708262668116,227.1362166413211,231.77164963400114,1864.6662899377843
2023-02-02,235.56782799702566,242.70624702723856,233.1883549869547,237.94730100709663,3182.620745707456
2023-02-03,232.2432595976137,239.28093413087473,229.8973680865267,234.58915110870072,126592.19329695457
2023-02-04,230.7011463135997,237.69209014128455,228.37083170437143,233.031460922828,92940.732829108
2023-02-05,231.06285063032058,238.06475519487574,228.72888244213553,233.39681881850564,12123.365444858113
2023-02-06,230.76219073489452,237.7549843935277,228.43125951535012,233.0931219544389,16240.170872287445
2023-02-07,231.27195582639604,238.2801969120444,228.93587546451323,233.60803618827882,55700.23323483233
2023-02-08,223.9441721049923,230.73035913847693,221.6821097604974,226.20623444948717,6291.28225613741
2023-02-09,225.10626581876375,231.92766781327174,222.83246515392773,227.38006648359973,44603.058063840006
2023-02-10,217.23683806959764,223.81977255655514,215.04252657394514,219.43114956525014,65608.73844945114
2023-02-11,213.25009793106977,219.71222211079916,211.09605653782663,215.4041393243129,12755.320094681088
2023-02-12,214.53693568139505,221.03805494446763,212.3698959270375,216.70397543575257,56739.11156683933
2023-02-13,219.59154187009767,226.2458310176764,217.37344548757144,221.80963825262393,5027.257170982446
2023-02-14,217.3876907355744,223.9751965154403,215.1918554756191,219.5835259955297,38721.975047422304
2023-02-15,215.4655332167708,221.99479179909721,213.28911368932867,217.64195274421294,54311.82483231193
2023-02-16,217.55145310782962,224.14392138382445,215.353963682498,219.74894253316123,71336.6192930392
2023-02-17,215.10794858560948,221.6263712700219,212.9351410241387,217.2807561470803,31719.062028724016
2023-02-18,217.35638118360063,223.9429381891643,215.1608621817461,219.5519001854552,32434.486971075326
2023-02-19,212.60119264862567,219.04365303191736,210.4537058541951,214.74867944305623,87728.33968435043
2023-02-20,213.26078639802455,219.72323447069198,211.10663704046874,215.41493575558036,45946.987890018514
2023-02-21,214.26800813648083,220.76097808001057,212.10368482197092,216.43233145099074,21308.010956128503
2023-02-22,220.69006219132208,227.37763983348339,218.46086964393498,222.91925473870918,9915.18019763062
2023-02-23,222.36670631905545,229.10509135902683,220.1205779723983,224.61283466571257,15020.700880238508
2023-02-24,221.48224578284106,228.1938289883817,219.2450513809942,223.71944018468795,128267.92207273417
2023-02-25,225.0966664148175,231.91777751829682,222.82296271365772,227.37037011597727,9874.415086386427
2023-02-26,225.3507679976543,232.17957914909837,223.0744976138396,227.627038381469,6231.189318863649
2023-02-27,224.98940502176347,231.80726577999874,222.7167847690184,227.26202527450857,22964.636424158463
2023-02-28,220.4296397297344,227.1093257821506,218.20307771226234,222.65620174720647,10245.58322047272
2023-03-01,224.5548124965579,231.3595037843324,222.28658206729972,226.82304292581605,31914.50816558709
2023-03-02,228.46422980421482,235.38738828313043,226.15651031124295,230.7719492971867,11003.327168845273
2023-03-03,228.23035791813123,235.14642937019582,225.92500076744304,230.53571506881943,30213.367663600384
2023-03-04,229.54644753699438,236.50240049266088,227.22779655177223,231.86509852221656,12436.247482952991
2023-03-05,229.16364669908305,236.1079996293583,226.84886238899128,231.47843100917478,19221.706782226425
2023-03-06,231.69693933645144,238.71805871028332,229.35656621184083,234.03731246106207,14709.19799179527
2023-03-07,224.8137819601979,231.62632080747665,222.54293567777165,227.08462824262415,12895.476129896031
2023-03-08,229.1006491715334,236.0430930858223,226.78650120010377,231.41479714296304,17735.892178760165
2023-03-09,232.5617289694429,239.60905408972906,230.21262059601418,234.91083734287162,9501.970795515525
2023-03-10,228.7133611495147,235.64406906313636,226.40312517830748,231.02359712072192,8777.00526715889
2023-03-11,231.1380086546935,238.14219073513877,228.8032812945451,233.47273601484193,74729.94479930596
2023-03-12,233.45034656984814,240.52459949620717,231.0922622610618,235.80843087863448,204102.6717684356
2023-03-13,235.85034269958086,242.99732278138634,233.46801600564572,238.23266939351603,49349.76279723526
2023-03-14,236.05515960147838,243.20834625606864,233.67076404994827,238.43955515300846,5369.644458313761
2023-03-15,235.33875529882326,242.47023273212093,232.96159615439072,237.71591444325583,74437.29470820297
2023-03-16,247.31032534061913,254.8045776236682,244.81224124626942,249.8084094349688,34348.51751849327
2023-03-17,248.5471613845981,256.07889354776773,246.03658399687487,251.0577387723213,7832.418824582799
2023-03-18,249.36225146017114,256.91868332260054,246.8434408393613,251.88106208098094,7421.895614277238
2023-03-19,243.56168491543457,250.9423420340841,241.10146587588474,246.02190395498442,135423.73770462835
2023-03-20,239.801157304293,247.06785904078674,237.37892339212846,242.2233912164576,10756.734246916247
2023-03-21,241.04816085905304,248.35265058205465,238.61333095138582,243.48299076672023,40723.761850065755
2023-03-22,244.05791317091413,251.4536075094267,241.5926817247433,246.523144617085,21780.078674627057
2023-03-23,237.6177884972549,244.8183275426263,235.21760881546444,240.01796817904537,30718.2464224841
2023-03-24,246.03318923843918,253.4887404274828,243.54800550875797,248.5183729681204,78573.79991859934
2023-03-25,240.30075071389032,247.58259164461427,237.873470403649,242.72803102413164,13335.075500811858
2023-03-26,243.0382439247072,250.40303919515287,240.58331216789196,245.49317568152242,7067.546356548615
2023-03-27,244.15868854449505,251.55743668220703,241.69243916525772,246.62493792373238,2799.94788170122
2023-03-28,243.19101524062944,250.56043994489096,240.73454033920893,245.64749014204995,11422.73302650301
2023-03-29,249.92298289142857,257.4964066154113,247.39850831676767,252.44745746608947,4920.184842291783
2023-03-30,257.2430651777531,265.038309577079,254.64465037797785,259.8414799775284,11484.574041139322
2023-03-31,259.541790927486,267.40669368286433,256.9201566756932,262.16342517927876,1219.021642064226
2023-04-01,260.46590550842836,268.35881173595646,257.834936765919,263.09687425093773,45187.926287012146
2023-04-02,252.10502072727698,259.74456680992176,249.5585053663954,254.65153608815857,4035.3030165007017
2023-04-03,260.42101247870926,268.3125583113974,257.79049720114654,263.051527756272,25916.655510709337
2023-04-04,261.6385087483511,269.56694840739203,258.9956955286708,264.2813219680314,147700.66877207824
2023-04-05,259.57932446417544,267.44536459945346,256.95731108574944,262.20133784260145,132671.94404981058
2023-04-06,262.62262672266485,270.5808881385032,259.96987291738543,265.2753805279443,8620.314499752847
2023-04-07,259.0618176546851,266.9121757654332,256.44503161776913,261.67860369160115,86097.15361661755
2023-04-08,262.4762429408396,270.4300684845014,259.824967759619,265.1275181220602,24288.264149261304
2023-04-09,256.374338716715,264.1432580717669,253.78469893169765,258.9639785017323,36930.95644022993
2023-04-10,253.53912189970973,261.2221255936403,250.97812066839953,256.1001231310199,13650.444873735736
2023-04-11,252.00475266309962,259.6412603195572,249.4592501109471,254.55025521525215,7330.157999177069
2023-04-12,259.17027452490936,267.0239192074824,256.55239296405165,261.788156085767,114872.28764018312
2023-04-13,258.9864064490648,266.83447937176373,256.3703821414985,261.6024307566311,25498.18160997327
2023-04-14,262.45267762898914,270.40578907229184,259.80164048122157,265.1037147767567,14960.907017783795
2023-04-15,264.52864299725064,272.54466248201584,261.8566365023289,267.2006494921724,3850.6096260987347
2023-04-16,256.5756575015386,264.35067742582766,253.98398419344227,259.16733080963496,20025.859126553856
2023-04-17,258.1745697645982,265.9980415756466,255.566745827582,260.7823937016143,89600.22553237746
2023-04-18,257.28816407151004,265.08477510398006,254.6892937273534,259.88703441566673,36329.939152238214
2023-04-19,255.57036349898834,263.31491996865464,252.98884467576622,258.15188232221044,25357.94825425891
2023-04-20,259.6719271324488,267.5407734091897,257.0489783735352,262.29487589136244,180648.38280332254
2023-04-21,262.21065203522494,270.1564293696257,259.5620595904247,264.8592444800252,4087.7244283921596
2023-04-22,259.006835896638,266.8555278935058,256.3906052310154,261.6230665622606,9465.163965226748
2023-04-23,257.536218662525,265.34034650078337,254.93484271643894,260.13759460861115,3349.5922002849966
2023-04-24,254.29482328211742,262.0007270179392,251.7261887035102,256.8634578607247,13632.622640911499
2023-04-25,247.1268000330611,254.61549094315387,244.63056972969684,249.62303033642536,37657.67266991111
2023-04-26,249.08642718239807,256.6345007333798,246.57040266540415,251.602451699392,22122.658510294423
2023-04-27,255.40414261548602,263.14366208868256,252.82430279108718,257.98398243988487,16733.58832703149
2023-04-28,249.0337152679859,256.5801914882279,246.51822319457193,251.54920734139992,20409.998538311112
2023-04-29,239.21506144572848,246.46400270165967,236.79874769375144,241.63137519770555,12372.909945755768
2023-04-30,239.34372781175048,246.5965680484702,236.9261143995106,241.7613412239904,10136.876264091663
2023-05-01,240.1456193866526,247.42275936806635,237.7199060595147,242.57133271379053,72775.75327146475
2023-05-02,241.95840378998997,249.29047663211088,239.514379509283,244.40242807069694,4764.145831395135
2023-05-03,241.48469041949463,248.80240831099445,239.04545112232802,243.92392971666123,41804.83697865099
2023-05-04,241.76795425379848,249.094255897853,239.3258537057803,244.21005480181665,96414.35848329256
2023-05-05,241.9600593290395,249.2921823390104,239.51601832571586,244.40410033236313,46453.34154797867
2023-05-06,244.96082686439848,252.38388222392572,242.48647507788942,247.43517865090757,29496.61678890483
2023-05-07,252.0840926876767,259.72300458730325,249.5377887211345,254.63039665421888,8448.106354751772
2023-05-08,249.57468332612947,257.1375525178304,247.05372692889586,252.09563972336312,94892.93243812874
2023-05-09,258.01585084868543,265.83451299561534,255.40963013304216,260.62207156432873,23177.690555164874
2023-05-10,257.67155853959173,265.479787586246,255.06881552404028,260.27430155514315,16824.31914671838
2023-05-11,261.93517509113224,269.87260463934837,259.2893652417269,264.58098494053763,24448.22537602207
2023-05-12,260.54678709655747,268.44214428130164,257.91500136830945,263.17857282480554,18663.128497413683
2023-05-13,262.29747460437153,270.2458829257161,259.6480051639233,264.9469440448197,5345.2804001984505
2023-05-14,267.3089453939129,275.40921646645575,264.6088550363986,270.0090357514272,23789.17138154312
2023-05-15,269.68189109284447,277.85406961080946,266.9578315868562,272.4059505988328,19952.36390845129
2023-05-16,264.0513604891847,272.0529168676448,261.38417502969793,266.71854594867136,25896.770879307925
2023-05-17,251.32360167962855,258.939468397193,248.78497944044037,253.8622239188167,2298.6328410467436
2023-05-18,245.86455052909312,253.31499145421716,243.38107022071844,248.3480308374678,26641.859484747656
2023-05-19,242.01238348220488,249.34609207257475,239.5678139520816,244.45695301232817,43277.701127969674
2023-05-20,243.61044667233287,250.99258141997933,241.14973508978403,246.07115825488168,26954.30098053558
2023-05-21,248.24435069625866,255.76690677796347,245.73683200235706,250.75186939016027,58768.287918966955
2023-05-22,249.48804156721312,257.0482852510681,246.96796033926148,252.00812279516478,11853.774468598405
2023-05-23,249.4126175855835,256.97057569423754,246.89329821603212,251.93193695513483,60172.82384221329
2023-05-24,258.06114944258354,265.88118427417703,255.45447116538574,260.66782771978137,14201.716024374447
2023-05-25,259.43908463845446,267.300875082044,256.8184878239246,262.0596814529843,13233.233617587812
2023-05-26,253.1330958721787,260.8037957470932,250.57619591387385,255.68999583048353,9314.976878272813
2023-05-27,253.72661608300524,261.4153014188539,251.1637209710557,256.2895111949548,33362.16782782672
2023-05-28,261.14187015503694,269.05526015973504,258.5040734868042,263.7796668232696,254972.69945056533
2023-05-29,268.42571679723557,276.5598294274548,265.7143459204958,271.1370876739753,12561.805855885912
2023-05-30,267.9441958247864,276.063716910386,265.2376887962532,270.6507028533196,22983.808207398222
2023-05-31,268.0701137481327,276.1934505283792,265.36233482138385,270.7778926748815,58003.28333876967
2023-06-01,265.39971350908337,273.44212906996466,262.7189083221229,268.0805186960438,50282.458700266194
2023-06-02,271.11700380936577,279.3326705914678,268.37844821533173,273.85555940339975,17449.099741022346
2023-06-03,265.6973476417184,273.7487824187402,263.0135360493778,268.381159234059,19990.047269674964
2023-06-04,270.9261281798571,279.13601085197394,268.1895006224848,273.66275573722936,5115.064878059577
2023-06-05,268.6949268455927,276.8371973560652,265.98083667543517,271.4090170157502,12672.515823880594
2023-06-06,271.5204449943957,279.7483372669531,268.7778142368765,274.2630757519148,86137.564826511
2023-06-07,271.35417670768527,279.5770305473121,268.61322542780965,274.0951279875609,90383.31254392538
2023-06-08,276.7489880194296,285.13532098971535,273.95354369600096,279.54443234285816,49921.67218123557
2023-06-09,271.4161745833673,279.64090714649967,268.6745970623232,274.15775210441143,10452.135771870395
2023-06-10,266.6381874047269,274.71813247759746,263.9448723804368,269.3315024290171,3693.5317281398416
2023-06-11,263.98481044582826,271.9843501563079,261.31829720900174,266.65132368265483,13231.069032373849
2023-06-12,262.79559940357996,270.75910241580965,260.1410983995034,265.4501004076565,169618.9406392947
2023-06-13,264.5508374756827,272.5675295204004,261.87860679411017,267.2230681572553,17529.628827430577
2023-06-14,265.13160432078604,273.1658953608099,262.4535073074448,267.80970133412734,19914.653311632846
2023-06-15,258.1285649370755,265.95064266244145,255.52120569528685,260.73592417886414,11934.07320415223
2023-06-16,264.5533061796606,272.57007303358967,261.8810505616842,267.22556179763694,15147.384277004348
2023-06-17,273.3546449408457,281.63811902996224,270.5934869111402,276.1158029705512,187155.11122644573
2023-06-18,273.05888883680404,281.3334006197375,270.30071824249285,275.8170594311152,7650.654325772004
2023-06-19,278.88498175635164,287.3360418095744,276.0679617386107,281.70200177409254,14889.902838271388
2023-06-20,286.7006284520364,295.38852628391635,283.8046625080765,289.5965943959964,23846.855190519058
2023-06-21,286.7126690368988,295.4009317349866,283.8165814708695,289.60875660292805,22369.22785325371
2023-06-22,297.3755859792649,306.38696737257595,294.3717921814945,300.37937977703524,20157.24788080298
2023-06-23,305.9678931394954,315.2396474770559,302.8773083603086,309.05847791868223,36269.513764034935
2023-06-24,319.3208129751283,328.9972012471019,316.0953502178038,322.54627573245284,59188.45279154349
2023-06-25,317.9829756487084,327.61882339563897,314.77102639973157,321.19492489768527,30551.567685567952
2023-06-26,321.68731380020114,331.4354142183891,318.4379469941385,324.9366806062638,32123.413757911316
2023-06-27,321.22637618069245,330.9605087922286,317.9816653101804,324.4710870512045,50336.82861101108
2023-06-28,333.5336273865268,343.64070700430034,330.16460084726896,336.90265392578465,9585.771357266834
2023-06-29,336.7383614714584,346.9425542433208,333.3369638808376,340.1397590620792,38656.47489801393
2023-06-30,333.93470644574086,344.05393997439967,330.5616286028546,337.30778428862715,31919.57596995684
2023-07-01,334.39095958472615,344.5240189660815,331.0132731242744,337.76864604517795,27400.219586153344
2023-07-02,337.2386174600551,347.4579695042992,333.8321667786404,340.6450681414698,4337.463514331105
2023-07-03,336.86392467899157,347.07192239653676,333.46125877314313,340.26659058483995,8735.335795612762
2023-07-04,333.44336120169055,343.54770548052966,330.0752464420775,336.8114759613036,29525.40993431332
2023-07-05,339.42796927208656,349.71366531063467,335.9994039259039,342.8565346182693,60256.63072343523
2023-07-06,336.8003393182822,347.00641020671503,333.3983156888046,340.2023629477598,41843.50469214196
2023-07-07,312.3209531011066,321.7852244072008,309.1661959990752,315.475710203138,46375.72541807204
2023-07-08,315.735322163063,325.3030591983074,312.54607648464827,318.9245678414778,28034.699330380066
2023-07-09,322.15362825172565,331.91585941086885,318.89955119867795,325.4077053047734,11414.97744451278
2023-07-10,334.85979062663876,345.0070570092642,331.47736849909694,338.24221275418057,3789.0808722933325
2023-07-11,339.2479012202051,349.5281406511204,335.8211547432333,342.67464769717685,31380.88150808689
2023-07-12,333.6806077754597,343.792141344413,330.3100965858086,337.0511189651108,48446.71996481663
2023-07-13,334.5825443484055,344.72140932866023,331.20292268832065,337.96216600849044,136007.73493742672
2023-07-14,332.52627780212737,342.6028316749191,329.1674265111968,335.88512909305797,4887.253140293922
2023-07-15,330.84257055537165,340.8681029964435,327.5007264083477,334.1844147023956,23412.798805621824
2023-07-16,330.80782785610853,340.83230748811184,327.4663346454407,334.1493210667763,9347.949258065604
2023-07-17,318.59919862005654,328.2537197903613,315.3810248966216,321.81737234349146,63686.143260987934
2023-07-18,310.77369026305115,320.19107481647694,307.6345620785759,313.91281844752643,42546.507909833614
2023-07-19,312.17500128373104,321.63484980748046,309.0217184424812,315.3282841249808,11165.968419056844
2023-07-20,316.8421570802346,326.44343456751443,313.64173125114127,320.04258290932785,15690.56739017962
2023-07-21,317.44191627673496,327.06136828512086,314.2354322739397,320.6484002795303,40629.991947197595
2023-07-22,319.9344194117425,329.62940181815895,316.70275860960373,323.16608021388134,43897.09282944167
2023-07-23,313.2389615134714,322.73105125630383,310.0749315991939,316.4029914277489,32155.851353650516
2023-07-24,300.1850298937054,309.28154595109044,297.152857874577,303.21720191283373,17910.30945791878
2023-07-25,302.84948808477174,312.02674529946177,299.7904023465417,305.90857382300175,8683.680849718103
2023-07-26,309.54002250623586,318.920023188243,306.41335561223343,312.6666894002382,63932.65599878441
2023-07-27,319.9340275165874,329.62899804739305,316.7023706729855,323.1656843601893,26632.345416579516
2023-07-28,313.7367194013578,323.2438927165504,310.5676616296269,316.90577717308867,15972.857991516152
2023-07-29,311.3829977942247,320.81884621223156,308.2377149882224,314.528280600227,16862.163253501876
2023-07-30,306.40417743725175,315.68915251110786,303.3091857459664,309.4991691285371,80156.9804554288
2023-07-31,307.91306210217283,317.24376095375385,304.8028291516458,311.02329505269984,45896.108293193596
2023-08-01,314.55994885802954,324.0920685203941,311.38257563724136,317.7373220788177,30776.31726359543
2023-08-02,304.8127538005298,314.04950391569736,301.7338370954739,307.89167050558564,7950.456267438679
2023-08-03,299.05275359121794,308.1149582454973,296.0320187064582,302.07348847597774,9655.993617743317
2023-08-04,298.1192961544417,307.15321421972783,295.1079901326797,301.13060217620375,4417.924582477172
2023-08-05,295.9255262067139,304.8929663947962,292.93637947735317,298.9146729360747,15586.913635670871
2023-08-06,294.01757253695064,302.9271959471613,291.04769806688046,296.9874470070209,59349.68837369813
2023-08-07,294.3147757124489,303.23340527949284,291.34189919010095,297.2876522347969,9912.615968408445
2023-08-08,297.9359403805516,306.96430221026526,294.92648643731366,300.94539432378946,17209.145696712083
2023-08-09,298.83621856035245,307.8918615470298,295.81767089812666,301.85476622257823,75141.12294704885
2023-08-10,292.1256041108665,300.97789514452916,289.17484043297895,295.07636778875406,247600.0116086565
2023-08-11,286.6773639405184,295.3645567872008,283.78163299162424,289.5730948894125,5875.189207912211
2023-08-12,283.20813383897314,291.79019850076025,280.34744561837744,286.06882205956884,114542.73379834779
2023-08-13,286.2414698560089,294.9154537910395,283.3501418776654,289.13279783435246,19783.931076825134
2023-08-14,290.47203149608055,299.27421426868904,287.5379705718777,293.40609242028336,24249.542403349016
2023-08-15,288.8996745298398,297.65421012165314,285.98149599923534,291.81785306044424,65528.919668476316
2023-08-16,294.8835546461589,303.8194199384668,291.9049328820563,297.86217641026155,4110.279011274745
2023-08-17,298.7653620481865,307.8188578678285,295.74753010830585,301.7831939880672,9543.001898013174
2023-08-18,301.1557805386494,310.2817132822449,298.1138029574509,304.1977581198479,257011.01537536958
2023-08-19,295.24903242717903,304.19597280376024,292.2667189683186,298.23134588603943,36618.97996860003
2023-08-20,301.25378954060153,310.3826922539531,298.2108219694843,304.2967571117187,6724.245345901734
2023-08-21,313.16470512082105,322.65454466993685,310.00142527111575,316.3279849705263,56154.16561609829
2023-08-22,306.9935087639112,316.29634236281765,303.8925642309424,310.09445329688003,44960.04275718861
2023-08-23,306.63919684371217,315.93129371776405,303.5418312190282,309.73656246839613,54587.89159726502
2023-08-24,310.90852427848006,320.3299947111613,307.768034134253,314.04901442270716,25600.64069500781
2023-08-25,306.39961362363437,315.6844504001081,303.3046680314764,309.49455921579226,211191.09692372335
2023-08-26,314.31389587249504,323.8385593837828,311.1390080353991,317.48878370959096,6325.8126212026
2023-08-27,313.8783856585529,323.38985189063027,310.7078969145271,317.0488744025787,10565.709365327986
2023-08-28,324.5110987503133,334.3447684094137,321.23320886394646,327.7889886366801,12461.376639496142
2023-08-29,329.1837704676862,339.1590362394343,325.85868187710355,332.5088590582689,17695.214956894917
2023-08-30,333.1283466358767,343.2231450187821,329.76341384157496,336.4932794301785,27299.966348946185
2023-08-31,344.67028485170954,355.114838938125,341.1887668229044,348.1518028805147,64858.80907687715
2023-09-01,339.0083052793548,349.28128422721403,335.58397896340165,342.43263159530784,54149.22070773024
2023-09-02,344.7542524881995,355.201351048448,341.27188630145,348.236618674949,10987.781905929032
2023-09-03,344.96194977385153,355.415342191241,341.47748563472175,348.44641391298137,14622.44414025891
2023-09-04,348.0871196555093,358.6352141905248,344.57108814383747,351.6031511671811,23158.824228502734
2023-09-05,349.23757022200124,359.82052689539523,345.70991799753654,352.7652224464659,224406.1086809461
2023-09-06,342.00229915063727,352.36600518550506,338.547730472348,345.45686782892653,17191.549999328916
2023-09-07,337.0269661425244,347.2399045104797,333.622653353206,340.4312789318428,13354.865392059593
2023-09-08,330.5842950258202,340.6020009356935,327.2450597225291,333.9235303291113,6359.1415070340545
2023-09-09,337.1802153749617,347.39779765905143,333.77435461359846,340.58607613632495,26754.619093911897
2023-09-10,339.2147148054977,349.4939485874825,335.7883035448361,342.6411260661593,13023.57135400811
2023-09-11,340.27110953317504,350.5823552766046,336.8340276186985,343.70819144765153,9482.575661959769
2023-09-12,336.07271497889917,346.25673664492643,332.6780410902234,339.4673888675749,36889.48576967064
2023-09-13,340.7345147929143,351.05980311997234,337.2927520172283,344.1762775686003,24635.33178377484
2023-09-14,346.5315541987758,357.0325103866175,343.03123546949524,350.0318729280564,10465.391498716885
2023-09-15,335.6456787512831,345.81675992556444,332.25531835985606,339.03603914271025,13091.304935868338
2023-09-16,345.33141900839104,355.7960074631908,341.84322285679116,348.819615159991,38279.419174418625
2023-09-17,340.2908344365036,350.6026779042764,336.8535532805793,343.72811559242786,80253.16970233632
2023-09-18,341.2692307429346,351.61072258362964,337.82206679603627,344.71639468983295,34272.5206192357
2023-09-19,333.8864634589978,344.00423507896744,330.5138729190079,337.25905399898767,60768.76817669641
2023-09-20,335.24325835647863,345.40214497334165,331.85696281752433,338.629553895433,44459.03203064949
2023-09-21,346.04073272273484,356.52681553251466,342.5453717861416,349.5360936593281,55187.59627845785
2023-09-22,338.1746468118563,348.42236338191253,334.7587412885042,341.5905523352084,13963.953959242957
2023-09-23,343.136230078707,353.5342976568496,339.67020755265946,346.60225260475454,11028.528550439818
2023-09-24,339.94931786445466,350.2508123451957,336.51548637087427,343.383149358035,56049.2669709323
2023-09-25,334.61559623591245,344.7554627885159,331.23564071837797,337.99555175344693,125235.68422397492
2023-09-26,334.8795727941347,345.0274386363812,331.49695084671913,338.26219474155016,57346.13108291007
2023-09-27,344.5464050505417,354.9872052035884,341.06613833285945,348.02667176822393,16551.95487371909
