date,ticker,text,score,comments,mentions
2021-01-01,GME,Sample Reddit post about GME - 🚀🚀🚀,450,225,450
2021-01-02,GME,Sample Reddit post about GME - 🚀🚀,119,59,119
2021-01-03,GME,Sample Reddit post about GME - 🚀,101,50,101
2021-01-04,GME,Sample Reddit post about GME - 🚀,94,47,94
2021-01-05,GME,Sample Reddit post about GME - 🚀🚀,102,51,102
2021-01-06,GME,Sample Reddit post about GME - 🚀,108,54,108
2021-01-07,GME,Sample Reddit post about GME - 🚀🚀🚀,86,43,86
2021-01-08,GME,Sample Reddit post about GME - 🚀🚀,110,55,110
2021-01-09,GME,Sample Reddit post about GME - 🚀,101,50,101
2021-01-10,GME,Sample Reddit post about GME - 🚀🚀,98,49,98
2021-01-11,GME,Sample Reddit post about GME - 🚀,115,57,115
2021-01-12,GME,Sample Reddit post about GME - 🚀,100,50,100
2021-01-13,GME,Sample Reddit post about GME - 🚀🚀,88,44,88
2021-01-14,GME,Sample Reddit post about GME - 🚀,97,48,97
2021-01-15,GME,Sample Reddit post about GME - 🚀🚀🚀,86,43,86
2021-01-16,GME,Sample Reddit post about GME - 🚀,122,61,122
2021-01-17,GME,Sample Reddit post about GME - 🚀🚀🚀,98,49,98
2021-01-18,GME,Sample Reddit post about GME - 🚀,89,44,89
2021-01-19,GME,Sample Reddit post about GME - 🚀🚀,91,45,91
2021-01-20,GME,Sample Reddit post about GME - 🚀,114,57,114
2021-01-21,GME,Sample Reddit post about GME - 🚀🚀,105,52,105
2021-01-22,GME,Sample Reddit post about GME - 🚀,94,47,94
2021-01-23,GME,Sample Reddit post about GME - 🚀,92,46,92
2021-01-24,GME,Sample Reddit post about GME - 🚀🚀,101,50,101
2021-01-25,GME,Sample Reddit post about GME - 🚀🚀,101,50,101
2021-01-26,GME,Sample Reddit post about GME - 🚀,105,52,105
2021-01-27,GME,Sample Reddit post about GME - 🚀,123,61,123
2021-01-28,GME,Sample Reddit post about GME - 🚀🚀,94,47,94
2021-01-29,GME,Sample Reddit post about GME - 🚀,114,57,114
2021-01-30,GME,Sample Reddit post about GME - 🚀🚀🚀,102,51,102
2021-01-31,GME,Sample Reddit post about GME - 🚀,121,60,121
2021-02-01,GME,Sample Reddit post about GME - 🚀,96,48,96
2021-02-02,GME,Sample Reddit post about GME - 🚀🚀🚀,93,46,93
2021-02-03,GME,Sample Reddit post about GME - 🚀,89,44,89
2021-02-04,GME,Sample Reddit post about GME - 🚀🚀🚀,104,52,104
2021-02-05,GME,Sample Reddit post about GME - 🚀,108,54,108
2021-02-06,GME,Sample Reddit post about GME - 🚀🚀,94,47,94
2021-02-07,GME,Sample Reddit post about GME - 🚀🚀,120,60,120
2021-02-08,GME,Sample Reddit post about GME - 🚀🚀,111,55,111
2021-02-09,GME,Sample Reddit post about GME - 🚀,91,45,91
2021-02-10,GME,Sample Reddit post about GME - 🚀🚀🚀,91,45,91
2021-02-11,GME,Sample Reddit post about GME - 🚀,98,49,98
2021-02-12,GME,Sample Reddit post about GME - 🚀,106,53,106
2021-02-13,GME,Sample Reddit post about GME - 🚀🚀,107,53,107
2021-02-14,GME,Sample Reddit post about GME - 🚀,111,55,111
2021-02-15,GME,Sample Reddit post about GME - 🚀🚀,111,55,111
2021-02-16,GME,Sample Reddit post about GME - 🚀🚀🚀,104,52,104
2021-02-17,GME,Sample Reddit post about GME - 🚀🚀,100,50,100
2021-02-18,GME,Sample Reddit post about GME - 🚀🚀,117,58,117
2021-02-19,GME,Sample Reddit post about GME - 🚀🚀,100,50,100
2021-02-20,GME,Sample Reddit post about GME - 🚀🚀🚀,440,220,440
2021-02-21,GME,Sample Reddit post about GME - 🚀🚀,79,39,79
2021-02-22,GME,Sample Reddit post about GME - 🚀🚀🚀,96,48,96
2021-02-23,GME,Sample Reddit post about GME - 🚀🚀,127,63,127
2021-02-24,GME,Sample Reddit post about GME - 🚀🚀🚀,103,51,103
2021-02-25,GME,Sample Reddit post about GME - 🚀🚀🚀,86,43,86
2021-02-26,GME,Sample Reddit post about GME - 🚀🚀,98,49,98
2021-02-27,GME,Sample Reddit post about GME - 🚀,105,52,105
2021-02-28,GME,Sample Reddit post about GME - 🚀🚀,105,52,105
2021-03-01,GME,Sample Reddit post about GME - 🚀🚀,99,49,99
2021-03-02,GME,Sample Reddit post about GME - 🚀🚀,93,46,93
2021-03-03,GME,Sample Reddit post about GME - 🚀🚀,109,54,109
2021-03-04,GME,Sample Reddit post about GME - 🚀🚀🚀,106,53,106
2021-03-05,GME,Sample Reddit post about GME - 🚀🚀🚀,102,51,102
2021-03-06,GME,Sample Reddit post about GME - 🚀🚀🚀,113,56,113
2021-03-07,GME,Sample Reddit post about GME - 🚀🚀🚀,100,50,100
2021-03-08,GME,Sample Reddit post about GME - 🚀🚀🚀,108,54,108
2021-03-09,GME,Sample Reddit post about GME - 🚀,110,55,110
2021-03-10,GME,Sample Reddit post about GME - 🚀🚀🚀,78,39,78
2021-03-11,GME,Sample Reddit post about GME - 🚀,96,48,96
2021-03-12,GME,Sample Reddit post about GME - 🚀🚀🚀,104,52,104
2021-03-13,GME,Sample Reddit post about GME - 🚀🚀🚀,92,46,92
2021-03-14,GME,Sample Reddit post about GME - 🚀,104,52,104
2021-03-15,GME,Sample Reddit post about GME - 🚀🚀,104,52,104
2021-03-16,GME,Sample Reddit post about GME - 🚀🚀🚀,106,53,106
2021-03-17,GME,Sample Reddit post about GME - 🚀,101,50,101
2021-03-18,GME,Sample Reddit post about GME - 🚀🚀,80,40,80
2021-03-19,GME,Sample Reddit post about GME - 🚀,94,47,94
2021-03-20,GME,Sample Reddit post about GME - 🚀,101,50,101
2021-03-21,GME,Sample Reddit post about GME - 🚀🚀,93,46,93
2021-03-22,GME,Sample Reddit post about GME - 🚀🚀,111,55,111
2021-03-23,GME,Sample Reddit post about GME - 🚀,93,46,93
2021-03-24,GME,Sample Reddit post about GME - 🚀,105,52,105
2021-03-25,GME,Sample Reddit post about GME - 🚀,101,50,101
2021-03-26,GME,Sample Reddit post about GME - 🚀,91,45,91
2021-03-27,GME,Sample Reddit post about GME - 🚀🚀,92,46,92
2021-03-28,GME,Sample Reddit post about GME - 🚀,97,48,97
2021-03-29,GME,Sample Reddit post about GME - 🚀,93,46,93
2021-03-30,GME,Sample Reddit post about GME - 🚀🚀🚀,92,46,92
2021-03-31,GME,Sample Reddit post about GME - 🚀🚀,105,52,105
2021-04-01,GME,Sample Reddit post about GME - 🚀,86,43,86
2021-04-02,GME,Sample Reddit post about GME - 🚀,93,46,93
2021-04-03,GME,Sample Reddit post about GME - 🚀,89,44,89
2021-04-04,GME,Sample Reddit post about GME - 🚀🚀,105,52,105
2021-04-05,GME,Sample Reddit post about GME - 🚀🚀🚀,97,48,97
2021-04-06,GME,Sample Reddit post about GME - 🚀,107,53,107
2021-04-07,GME,Sample Reddit post about GME - 🚀🚀,97,48,97
2021-04-08,GME,Sample Reddit post about GME - 🚀,107,53,107
2021-04-09,GME,Sample Reddit post about GME - 🚀,107,53,107
2021-04-10,GME,Sample Reddit post about GME - 🚀🚀,90,45,90
2021-04-11,GME,Sample Reddit post about GME - 🚀🚀🚀,530,265,530
2021-04-12,GME,Sample Reddit post about GME - 🚀🚀,91,45,91
2021-04-13,GME,Sample Reddit post about GME - 🚀🚀,123,61,123
2021-04-14,GME,Sample Reddit post about GME - 🚀🚀,123,61,123
2021-04-15,GME,Sample Reddit post about GME - 🚀🚀,104,52,104
2021-04-16,GME,Sample Reddit post about GME - 🚀,100,50,100
2021-04-17,GME,Sample Reddit post about GME - 🚀,87,43,87
2021-04-18,GME,Sample Reddit post about GME - 🚀🚀🚀,90,45,90
2021-04-19,GME,Sample Reddit post about GME - 🚀🚀,115,57,115
2021-04-20,GME,Sample Reddit post about GME - 🚀🚀,95,47,95
2021-04-21,GME,Sample Reddit post about GME - 🚀🚀🚀,93,46,93
2021-04-22,GME,Sample Reddit post about GME - 🚀🚀,89,44,89
2021-04-23,GME,Sample Reddit post about GME - 🚀,90,45,90
2021-04-24,GME,Sample Reddit post about GME - 🚀🚀,111,55,111
2021-04-25,GME,Sample Reddit post about GME - 🚀🚀,98,49,98
2021-04-26,GME,Sample Reddit post about GME - 🚀🚀,83,41,83
2021-04-27,GME,Sample Reddit post about GME - 🚀🚀🚀,100,50,100
2021-04-28,GME,Sample Reddit post about GME - 🚀🚀,100,50,100
2021-04-29,GME,Sample Reddit post about GME - 🚀🚀🚀,115,57,115
2021-04-30,GME,Sample Reddit post about GME - 🚀,113,56,113
2021-05-01,GME,Sample Reddit post about GME - 🚀🚀,97,48,97
2021-05-02,GME,Sample Reddit post about GME - 🚀,94,47,94
2021-05-03,GME,Sample Reddit post about GME - 🚀🚀,104,52,104
2021-05-04,GME,Sample Reddit post about GME - 🚀🚀🚀,99,49,99
2021-05-05,GME,Sample Reddit post about GME - 🚀🚀,85,42,85
2021-05-06,GME,Sample Reddit post about GME - 🚀🚀,109,54,109
2021-05-07,GME,Sample Reddit post about GME - 🚀🚀,101,50,101
2021-05-08,GME,Sample Reddit post about GME - 🚀,87,43,87
2021-05-09,GME,Sample Reddit post about GME - 🚀,101,50,101
2021-05-10,GME,Sample Reddit post about GME - 🚀🚀,104,52,104
2021-05-11,GME,Sample Reddit post about GME - 🚀🚀🚀,82,41,82
2021-05-12,GME,Sample Reddit post about GME - 🚀🚀🚀,86,43,86
2021-05-13,GME,Sample Reddit post about GME - 🚀🚀,91,45,91
2021-05-14,GME,Sample Reddit post about GME - 🚀🚀,121,60,121
2021-05-15,GME,Sample Reddit post about GME - 🚀,109,54,109
2021-05-16,GME,Sample Reddit post about GME - 🚀🚀🚀,84,42,84
2021-05-17,GME,Sample Reddit post about GME - 🚀🚀,99,49,99
2021-05-18,GME,Sample Reddit post about GME - 🚀🚀,107,53,107
2021-05-19,GME,Sample Reddit post about GME - 🚀,97,48,97
2021-05-20,GME,Sample Reddit post about GME - 🚀🚀,121,60,121
2021-05-21,GME,Sample Reddit post about GME - 🚀,98,49,98
2021-05-22,GME,Sample Reddit post about GME - 🚀🚀🚀,94,47,94
2021-05-23,GME,Sample Reddit post about GME - 🚀🚀🚀,87,43,87
2021-05-24,GME,Sample Reddit post about GME - 🚀,95,47,95
2021-05-25,GME,Sample Reddit post about GME - 🚀,101,50,101
2021-05-26,GME,Sample Reddit post about GME - 🚀🚀🚀,112,56,112
2021-05-27,GME,Sample Reddit post about GME - 🚀,113,56,113
2021-05-28,GME,Sample Reddit post about GME - 🚀🚀🚀,99,49,99
2021-05-29,GME,Sample Reddit post about GME - 🚀🚀,109,54,109
2021-05-30,GME,Sample Reddit post about GME - 🚀,96,48,96
2021-05-31,GME,Sample Reddit post about GME - 🚀🚀🚀,470,235,470
2021-06-01,GME,Sample Reddit post about GME - 🚀,108,54,108
2021-06-02,GME,Sample Reddit post about GME - 🚀,110,55,110
2021-06-03,GME,Sample Reddit post about GME - 🚀,112,56,112
2021-06-04,GME,Sample Reddit post about GME - 🚀,98,49,98
2021-06-05,GME,Sample Reddit post about GME - 🚀🚀,104,52,104
2021-06-06,GME,Sample Reddit post about GME - 🚀🚀,112,56,112
2021-06-07,GME,Sample Reddit post about GME - 🚀🚀,95,47,95
2021-06-08,GME,Sample Reddit post about GME - 🚀🚀,93,46,93
2021-06-09,GME,Sample Reddit post about GME - 🚀,119,59,119
2021-06-10,GME,Sample Reddit post about GME - 🚀🚀,92,46,92
2021-06-11,GME,Sample Reddit post about GME - 🚀🚀🚀,90,45,90
2021-06-12,GME,Sample Reddit post about GME - 🚀🚀,89,44,89
2021-06-13,GME,Sample Reddit post about GME - 🚀,100,50,100
2021-06-14,GME,Sample Reddit post about GME - 🚀,89,44,89
2021-06-15,GME,Sample Reddit post about GME - 🚀🚀🚀,83,41,83
2021-06-16,GME,Sample Reddit post about GME - 🚀🚀,101,50,101
2021-06-17,GME,Sample Reddit post about GME - 🚀,109,54,109
2021-06-18,GME,Sample Reddit post about GME - 🚀🚀🚀,104,52,104
2021-06-19,GME,Sample Reddit post about GME - 🚀🚀,95,47,95
2021-06-20,GME,Sample Reddit post about GME - 🚀,94,47,94
2021-06-21,GME,Sample Reddit post about GME - 🚀🚀🚀,94,47,94
2021-06-22,GME,Sample Reddit post about GME - 🚀🚀🚀,139,69,139
2021-06-23,GME,Sample Reddit post about GME - 🚀🚀,107,53,107
2021-06-24,GME,Sample Reddit post about GME - 🚀🚀,118,59,118
2021-06-25,GME,Sample Reddit post about GME - 🚀,94,47,94
2021-06-26,GME,Sample Reddit post about GME - 🚀🚀,111,55,111
2021-06-27,GME,Sample Reddit post about GME - 🚀,85,42,85
2021-06-28,GME,Sample Reddit post about GME - 🚀🚀,96,48,96
2021-06-29,GME,Sample Reddit post about GME - 🚀🚀,119,59,119
2021-06-30,GME,Sample Reddit post about GME - 🚀,104,52,104
2021-07-01,GME,Sample Reddit post about GME - 🚀🚀🚀,112,56,112
2021-07-02,GME,Sample Reddit post about GME - 🚀,95,47,95
2021-07-03,GME,Sample Reddit post about GME - 🚀🚀,89,44,89
2021-07-04,GME,Sample Reddit post about GME - 🚀🚀🚀,95,47,95
2021-07-05,GME,Sample Reddit post about GME - 🚀🚀🚀,103,51,103
2021-07-06,GME,Sample Reddit post about GME - 🚀🚀,112,56,112
2021-07-07,GME,Sample Reddit post about GME - 🚀🚀,83,41,83
2021-07-08,GME,Sample Reddit post about GME - 🚀,99,49,99
2021-07-09,GME,Sample Reddit post about GME - 🚀🚀🚀,102,51,102
2021-07-10,GME,Sample Reddit post about GME - 🚀,116,58,116
2021-07-11,GME,Sample Reddit post about GME - 🚀🚀🚀,121,60,121
2021-07-12,GME,Sample Reddit post about GME - 🚀,106,53,106
2021-07-13,GME,Sample Reddit post about GME - 🚀,101,50,101
2021-07-14,GME,Sample Reddit post about GME - 🚀🚀🚀,105,52,105
2021-07-15,GME,Sample Reddit post about GME - 🚀🚀,111,55,111
2021-07-16,GME,Sample Reddit post about GME - 🚀,109,54,109
2021-07-17,GME,Sample Reddit post about GME - 🚀🚀🚀,107,53,107
2021-07-18,GME,Sample Reddit post about GME - 🚀,96,48,96
2021-07-19,GME,Sample Reddit post about GME - 🚀,97,48,97
2021-07-20,GME,Sample Reddit post about GME - 🚀🚀,560,280,560
2021-07-21,GME,Sample Reddit post about GME - 🚀🚀🚀,294,147,294
2021-07-22,GME,Sample Reddit post about GME - 🚀🚀,288,144,288
2021-07-23,GME,Sample Reddit post about GME - 🚀,273,136,273
2021-07-24,GME,Sample Reddit post about GME - 🚀,315,157,315
2021-07-25,GME,Sample Reddit post about GME - 🚀🚀🚀,318,159,318
2021-07-26,GME,Sample Reddit post about GME - 🚀🚀,303,151,303
2021-07-27,GME,Sample Reddit post about GME - 🚀,267,133,267
2021-07-28,GME,Sample Reddit post about GME - 🚀🚀,312,156,312
2021-07-29,GME,Sample Reddit post about GME - 🚀🚀🚀,309,154,309
2021-07-30,GME,Sample Reddit post about GME - 🚀🚀🚀,300,150,300
2021-07-31,GME,Sample Reddit post about GME - 🚀🚀🚀,312,156,312
2021-08-01,GME,Sample Reddit post about GME - 🚀🚀🚀,267,133,267
2021-08-02,GME,Sample Reddit post about GME - 🚀,315,157,315
2021-08-03,GME,Sample Reddit post about GME - 🚀🚀🚀,246,123,246
2021-08-04,GME,Sample Reddit post about GME - 🚀🚀,264,132,264
2021-08-05,GME,Sample Reddit post about GME - 🚀🚀🚀,315,157,315
2021-08-06,GME,Sample Reddit post about GME - 🚀,360,180,360
2021-08-07,GME,Sample Reddit post about GME - 🚀🚀🚀,306,153,306
2021-08-08,GME,Sample Reddit post about GME - 🚀🚀,267,133,267
2021-08-09,GME,Sample Reddit post about GME - 🚀🚀,300,150,300
2021-08-10,GME,Sample Reddit post about GME - 🚀🚀🚀,291,145,291
2021-08-11,GME,Sample Reddit post about GME - 🚀🚀🚀,264,132,264
2021-08-12,GME,Sample Reddit post about GME - 🚀🚀,306,153,306
2021-08-13,GME,Sample Reddit post about GME - 🚀🚀🚀,303,151,303
2021-08-14,GME,Sample Reddit post about GME - 🚀🚀🚀,303,151,303
2021-08-15,GME,Sample Reddit post about GME - 🚀,312,156,312
2021-08-16,GME,Sample Reddit post about GME - 🚀🚀,324,162,324
2021-08-17,GME,Sample Reddit post about GME - 🚀🚀🚀,279,139,279
2021-08-18,GME,Sample Reddit post about GME - 🚀,270,135,270
2021-08-19,GME,Sample Reddit post about GME - 🚀🚀,309,154,309
2021-08-20,GME,Sample Reddit post about GME - 🚀🚀,297,148,297
2021-08-21,GME,Sample Reddit post about GME - 🚀,297,148,297
2021-08-22,GME,Sample Reddit post about GME - 🚀🚀🚀,273,136,273
2021-08-23,GME,Sample Reddit post about GME - 🚀🚀,279,139,279
2021-08-24,GME,Sample Reddit post about GME - 🚀🚀,333,166,333
2021-08-25,GME,Sample Reddit post about GME - 🚀,294,147,294
2021-08-26,GME,Sample Reddit post about GME - 🚀🚀,267,133,267
2021-08-27,GME,Sample Reddit post about GME - 🚀🚀,312,156,312
2021-08-28,GME,Sample Reddit post about GME - 🚀,261,130,261
2021-08-29,GME,Sample Reddit post about GME - 🚀🚀,312,156,312
2021-08-30,GME,Sample Reddit post about GME - 🚀🚀,276,138,276
2021-08-31,GME,Sample Reddit post about GME - 🚀🚀,285,142,285
2021-09-01,GME,Sample Reddit post about GME - 🚀,255,127,255
2021-09-02,GME,Sample Reddit post about GME - 🚀🚀🚀,264,132,264
2021-09-03,GME,Sample Reddit post about GME - 🚀🚀,264,132,264
2021-09-04,GME,Sample Reddit post about GME - 🚀🚀🚀,309,154,309
2021-09-05,GME,Sample Reddit post about GME - 🚀🚀,285,142,285
2021-09-06,GME,Sample Reddit post about GME - 🚀🚀,255,127,255
2021-09-07,GME,Sample Reddit post about GME - 🚀,306,153,306
2021-09-08,GME,Sample Reddit post about GME - 🚀,1770,885,1770
2021-09-09,GME,Sample Reddit post about GME - 🚀🚀🚀,312,156,312
2021-09-10,GME,Sample Reddit post about GME - 🚀🚀🚀,237,118,237
2021-09-11,GME,Sample Reddit post about GME - 🚀🚀,270,135,270
2021-09-12,GME,Sample Reddit post about GME - 🚀🚀,291,145,291
2021-09-13,GME,Sample Reddit post about GME - 🚀,297,148,297
2021-09-14,GME,Sample Reddit post about GME - 🚀🚀🚀,291,145,291
2021-09-15,GME,Sample Reddit post about GME - 🚀🚀🚀,291,145,291
2021-09-16,GME,Sample Reddit post about GME - 🚀🚀,306,153,306
2021-09-17,GME,Sample Reddit post about GME - 🚀🚀,276,138,276
2021-09-18,GME,Sample Reddit post about GME - 🚀🚀,258,129,258
2021-09-19,GME,Sample Reddit post about GME - 🚀🚀,270,135,270
2021-09-20,GME,Sample Reddit post about GME - 🚀🚀🚀,225,112,225
2021-09-21,GME,Sample Reddit post about GME - 🚀🚀🚀,309,154,309
2021-09-22,GME,Sample Reddit post about GME - 🚀🚀,279,139,279
2021-09-23,GME,Sample Reddit post about GME - 🚀,318,159,318
2021-09-24,GME,Sample Reddit post about GME - 🚀🚀,258,129,258
2021-09-25,GME,Sample Reddit post about GME - 🚀🚀🚀,258,129,258
2021-09-26,GME,Sample Reddit post about GME - 🚀🚀🚀,252,126,252
2021-09-27,GME,Sample Reddit post about GME - 🚀🚀,252,126,252
2021-09-28,GME,Sample Reddit post about GME - 🚀🚀,243,121,243
2021-09-29,GME,Sample Reddit post about GME - 🚀🚀🚀,321,160,321
2021-09-30,GME,Sample Reddit post about GME - 🚀,246,123,246
2021-10-01,GME,Sample Reddit post about GME - 🚀🚀,342,171,342
2021-10-02,GME,Sample Reddit post about GME - 🚀,267,133,267
2021-10-03,GME,Sample Reddit post about GME - 🚀🚀🚀,315,157,315
2021-10-04,GME,Sample Reddit post about GME - 🚀,354,177,354
2021-10-05,GME,Sample Reddit post about GME - 🚀🚀🚀,309,154,309
2021-10-06,GME,Sample Reddit post about GME - 🚀🚀,216,108,216
2021-10-07,GME,Sample Reddit post about GME - 🚀,294,147,294
2021-10-08,GME,Sample Reddit post about GME - 🚀🚀,318,159,318
2021-10-09,GME,Sample Reddit post about GME - 🚀🚀,300,150,300
2021-10-10,GME,Sample Reddit post about GME - 🚀🚀,291,145,291
2021-10-11,GME,Sample Reddit post about GME - 🚀🚀🚀,324,162,324
2021-10-12,GME,Sample Reddit post about GME - 🚀🚀🚀,309,154,309
2021-10-13,GME,Sample Reddit post about GME - 🚀🚀🚀,309,154,309
2021-10-14,GME,Sample Reddit post about GME - 🚀,327,163,327
2021-10-15,GME,Sample Reddit post about GME - 🚀,336,168,336
2021-10-16,GME,Sample Reddit post about GME - 🚀🚀🚀,366,183,366
2021-10-17,GME,Sample Reddit post about GME - 🚀🚀🚀,270,135,270
2021-10-18,GME,Sample Reddit post about GME - 🚀🚀🚀,285,142,285
2021-10-19,GME,Sample Reddit post about GME - 🚀🚀🚀,333,166,333
2021-10-20,GME,Sample Reddit post about GME - 🚀,366,183,366
2021-10-21,GME,Sample Reddit post about GME - 🚀,330,165,330
2021-10-22,GME,Sample Reddit post about GME - 🚀🚀🚀,357,178,357
2021-10-23,GME,Sample Reddit post about GME - 🚀,294,147,294
2021-10-24,GME,Sample Reddit post about GME - 🚀,252,126,252
2021-10-25,GME,Sample Reddit post about GME - 🚀🚀,300,150,300
2021-10-26,GME,Sample Reddit post about GME - 🚀🚀🚀,291,145,291
2021-10-27,GME,Sample Reddit post about GME - 🚀🚀,309,154,309
2021-10-28,GME,Sample Reddit post about GME - 🚀🚀,455,227,455
2021-10-29,GME,Sample Reddit post about GME - 🚀,102,51,102
2021-10-30,GME,Sample Reddit post about GME - 🚀🚀🚀,121,60,121
2021-10-31,GME,Sample Reddit post about GME - 🚀,121,60,121
2021-11-01,GME,Sample Reddit post about GME - 🚀🚀,96,48,96
2021-11-02,GME,Sample Reddit post about GME - 🚀🚀,109,54,109
2021-11-03,GME,Sample Reddit post about GME - 🚀🚀🚀,98,49,98
2021-11-04,GME,Sample Reddit post about GME - 🚀🚀,99,49,99
2021-11-05,GME,Sample Reddit post about GME - 🚀,113,56,113
2021-11-06,GME,Sample Reddit post about GME - 🚀,95,47,95
2021-11-07,GME,Sample Reddit post about GME - 🚀🚀🚀,111,55,111
2021-11-08,GME,Sample Reddit post about GME - 🚀,94,47,94
2021-11-09,GME,Sample Reddit post about GME - 🚀🚀🚀,100,50,100
2021-11-10,GME,Sample Reddit post about GME - 🚀,106,53,106
2021-11-11,GME,Sample Reddit post about GME - 🚀🚀,92,46,92
2021-11-12,GME,Sample Reddit post about GME - 🚀🚀🚀,105,52,105
2021-11-13,GME,Sample Reddit post about GME - 🚀🚀,97,48,97
2021-11-14,GME,Sample Reddit post about GME - 🚀🚀,111,55,111
2021-11-15,GME,Sample Reddit post about GME - 🚀,108,54,108
2021-11-16,GME,Sample Reddit post about GME - 🚀🚀🚀,103,51,103
2021-11-17,GME,Sample Reddit post about GME - 🚀🚀🚀,92,46,92
2021-11-18,GME,Sample Reddit post about GME - 🚀🚀,84,42,84
2021-11-19,GME,Sample Reddit post about GME - 🚀🚀,107,53,107
2021-11-20,GME,Sample Reddit post about GME - 🚀🚀,99,49,99
2021-11-21,GME,Sample Reddit post about GME - 🚀🚀🚀,86,43,86
2021-11-22,GME,Sample Reddit post about GME - 🚀🚀,109,54,109
2021-11-23,GME,Sample Reddit post about GME - 🚀🚀🚀,103,51,103
2021-11-24,GME,Sample Reddit post about GME - 🚀,96,48,96
2021-11-25,GME,Sample Reddit post about GME - 🚀🚀,105,52,105
2021-11-26,GME,Sample Reddit post about GME - 🚀🚀🚀,104,52,104
2021-11-27,GME,Sample Reddit post about GME - 🚀🚀,97,48,97
2021-11-28,GME,Sample Reddit post about GME - 🚀🚀,86,43,86
2021-11-29,GME,Sample Reddit post about GME - 🚀,103,51,103
2021-11-30,GME,Sample Reddit post about GME - 🚀🚀,96,48,96
2021-12-01,GME,Sample Reddit post about GME - 🚀,102,51,102
2021-12-02,GME,Sample Reddit post about GME - 🚀,109,54,109
2021-12-03,GME,Sample Reddit post about GME - 🚀🚀,106,53,106
2021-12-04,GME,Sample Reddit post about GME - 🚀🚀,105,52,105
2021-12-05,GME,Sample Reddit post about GME - 🚀🚀,101,50,101
2021-12-06,GME,Sample Reddit post about GME - 🚀,92,46,92
2021-12-07,GME,Sample Reddit post about GME - 🚀,102,51,102
2021-12-08,GME,Sample Reddit post about GME - 🚀🚀🚀,105,52,105
2021-12-09,GME,Sample Reddit post about GME - 🚀,92,46,92
2021-12-10,GME,Sample Reddit post about GME - 🚀,114,57,114
2021-12-11,GME,Sample Reddit post about GME - 🚀,89,44,89
2021-12-12,GME,Sample Reddit post about GME - 🚀🚀🚀,101,50,101
2021-12-13,GME,Sample Reddit post about GME - 🚀🚀,101,50,101
2021-12-14,GME,Sample Reddit post about GME - 🚀🚀,88,44,88
2021-12-15,GME,Sample Reddit post about GME - 🚀,102,51,102
2021-12-16,GME,Sample Reddit post about GME - 🚀,115,57,115
2021-12-17,GME,Sample Reddit post about GME - 🚀🚀🚀,545,272,545
2021-12-18,GME,Sample Reddit post about GME - 🚀🚀🚀,115,57,115
2021-12-19,GME,Sample Reddit post about GME - 🚀🚀,100,50,100
2021-12-20,GME,Sample Reddit post about GME - 🚀,101,50,101
2021-12-21,GME,Sample Reddit post about GME - 🚀🚀,107,53,107
2021-12-22,GME,Sample Reddit post about GME - 🚀🚀,115,57,115
2021-12-23,GME,Sample Reddit post about GME - 🚀🚀,115,57,115
2021-12-24,GME,Sample Reddit post about GME - 🚀,91,45,91
2021-12-25,GME,Sample Reddit post about GME - 🚀🚀🚀,113,56,113
2021-12-26,GME,Sample Reddit post about GME - 🚀🚀,99,49,99
2021-12-27,GME,Sample Reddit post about GME - 🚀🚀🚀,94,47,94
2021-12-28,GME,Sample Reddit post about GME - 🚀🚀🚀,112,56,112
2021-12-29,GME,Sample Reddit post about GME - 🚀🚀🚀,86,43,86
2021-12-30,GME,Sample Reddit post about GME - 🚀🚀,97,48,97
2021-12-31,GME,Sample Reddit post about GME - 🚀,91,45,91
2022-01-01,GME,Sample Reddit post about GME - 🚀🚀🚀,96,48,96
2022-01-02,GME,Sample Reddit post about GME - 🚀,92,46,92
2022-01-03,GME,Sample Reddit post about GME - 🚀🚀,90,45,90
2022-01-04,GME,Sample Reddit post about GME - 🚀,99,49,99
2022-01-05,GME,Sample Reddit post about GME - 🚀🚀🚀,86,43,86
2022-01-06,GME,Sample Reddit post about GME - 🚀🚀🚀,107,53,107
2022-01-07,GME,Sample Reddit post about GME - 🚀🚀,86,43,86
2022-01-08,GME,Sample Reddit post about GME - 🚀,86,43,86
2022-01-09,GME,Sample Reddit post about GME - 🚀🚀,93,46,93
2022-01-10,GME,Sample Reddit post about GME - 🚀🚀🚀,101,50,101
2022-01-11,GME,Sample Reddit post about GME - 🚀🚀,112,56,112
2022-01-12,GME,Sample Reddit post about GME - 🚀,85,42,85
2022-01-13,GME,Sample Reddit post about GME - 🚀🚀,99,49,99
2022-01-14,GME,Sample Reddit post about GME - 🚀🚀🚀,101,50,101
2022-01-15,GME,Sample Reddit post about GME - 🚀🚀,104,52,104
2022-01-16,GME,Sample Reddit post about GME - 🚀,88,44,88
2022-01-17,GME,Sample Reddit post about GME - 🚀,96,48,96
2022-01-18,GME,Sample Reddit post about GME - 🚀🚀🚀,94,47,94
2022-01-19,GME,Sample Reddit post about GME - 🚀🚀🚀,107,53,107
2022-01-20,GME,Sample Reddit post about GME - 🚀🚀,105,52,105
2022-01-21,GME,Sample Reddit post about GME - 🚀🚀,126,63,126
2022-01-22,GME,Sample Reddit post about GME - 🚀,92,46,92
2022-01-23,GME,Sample Reddit post about GME - 🚀🚀🚀,101,50,101
2022-01-24,GME,Sample Reddit post about GME - 🚀🚀🚀,103,51,103
2022-01-25,GME,Sample Reddit post about GME - 🚀🚀🚀,100,50,100
2022-01-26,GME,Sample Reddit post about GME - 🚀🚀🚀,100,50,100
2022-01-27,GME,Sample Reddit post about GME - 🚀🚀,98,49,98
2022-01-28,GME,Sample Reddit post about GME - 🚀,95,47,95
2022-01-29,GME,Sample Reddit post about GME - 🚀🚀🚀,111,55,111
2022-01-30,GME,Sample Reddit post about GME - 🚀🚀🚀,98,49,98
2022-01-31,GME,Sample Reddit post about GME - 🚀🚀🚀,107,53,107
2022-02-01,GME,Sample Reddit post about GME - 🚀🚀,101,50,101
2022-02-02,GME,Sample Reddit post about GME - 🚀,113,56,113
2022-02-03,GME,Sample Reddit post about GME - 🚀🚀🚀,99,49,99
2022-02-04,GME,Sample Reddit post about GME - 🚀🚀,117,58,117
2022-02-05,GME,Sample Reddit post about GME - 🚀🚀,485,242,485
2022-02-06,GME,Sample Reddit post about GME - 🚀,94,47,94
2022-02-07,GME,Sample Reddit post about GME - 🚀🚀,76,38,76
2022-02-08,GME,Sample Reddit post about GME - 🚀🚀🚀,82,41,82
2022-02-09,GME,Sample Reddit post about GME - 🚀🚀,100,50,100
2022-02-10,GME,Sample Reddit post about GME - 🚀🚀,115,57,115
2022-02-11,GME,Sample Reddit post about GME - 🚀🚀,94,47,94
2022-02-12,GME,Sample Reddit post about GME - 🚀🚀,83,41,83
2022-02-13,GME,Sample Reddit post about GME - 🚀🚀🚀,102,51,102
2022-02-14,GME,Sample Reddit post about GME - 🚀🚀🚀,101,50,101
2022-02-15,GME,Sample Reddit post about GME - 🚀🚀🚀,93,46,93
2022-02-16,GME,Sample Reddit post about GME - 🚀🚀,108,54,108
2022-02-17,GME,Sample Reddit post about GME - 🚀🚀,90,45,90
2022-02-18,GME,Sample Reddit post about GME - 🚀🚀🚀,97,48,97
2022-02-19,GME,Sample Reddit post about GME - 🚀,112,56,112
2022-02-20,GME,Sample Reddit post about GME - 🚀🚀,97,48,97
2022-02-21,GME,Sample Reddit post about GME - 🚀,107,53,107
2022-02-22,GME,Sample Reddit post about GME - 🚀,96,48,96
2022-02-23,GME,Sample Reddit post about GME - 🚀🚀🚀,93,46,93
2022-02-24,GME,Sample Reddit post about GME - 🚀🚀🚀,102,51,102
2022-02-25,GME,Sample Reddit post about GME - 🚀🚀,108,54,108
2022-02-26,GME,Sample Reddit post about GME - 🚀🚀,97,48,97
2022-02-27,GME,Sample Reddit post about GME - 🚀🚀,89,44,89
2022-02-28,GME,Sample Reddit post about GME - 🚀,119,59,119
2022-03-01,GME,Sample Reddit post about GME - 🚀🚀,107,53,107
2022-03-02,GME,Sample Reddit post about GME - 🚀🚀🚀,77,38,77
2022-03-03,GME,Sample Reddit post about GME - 🚀,95,47,95
2022-03-04,GME,Sample Reddit post about GME - 🚀,103,51,103
2022-03-05,GME,Sample Reddit post about GME - 🚀🚀,111,55,111
2022-03-06,GME,Sample Reddit post about GME - 🚀,93,46,93
2022-03-07,GME,Sample Reddit post about GME - 🚀🚀,96,48,96
2022-03-08,GME,Sample Reddit post about GME - 🚀🚀,69,34,69
2022-03-09,GME,Sample Reddit post about GME - 🚀🚀,105,52,105
2022-03-10,GME,Sample Reddit post about GME - 🚀🚀,107,53,107
2022-03-11,GME,Sample Reddit post about GME - 🚀,100,50,100
2022-03-12,GME,Sample Reddit post about GME - 🚀🚀,100,50,100
2022-03-13,GME,Sample Reddit post about GME - 🚀🚀,86,43,86
2022-03-14,GME,Sample Reddit post about GME - 🚀🚀🚀,83,41,83
2022-03-15,GME,Sample Reddit post about GME - 🚀🚀🚀,107,53,107
2022-03-16,GME,Sample Reddit post about GME - 🚀🚀🚀,95,47,95
2022-03-17,GME,Sample Reddit post about GME - 🚀🚀🚀,102,51,102
2022-03-18,GME,Sample Reddit post about GME - 🚀🚀,96,48,96
2022-03-19,GME,Sample Reddit post about GME - 🚀🚀,111,55,111
2022-03-20,GME,Sample Reddit post about GME - 🚀,95,47,95
2022-03-21,GME,Sample Reddit post about GME - 🚀🚀🚀,92,46,92
2022-03-22,GME,Sample Reddit post about GME - 🚀,105,52,105
2022-03-23,GME,Sample Reddit post about GME - 🚀🚀,112,56,112
2022-03-24,GME,Sample Reddit post about GME - 🚀,83,41,83
2022-03-25,GME,Sample Reddit post about GME - 🚀,117,58,117
2022-03-26,GME,Sample Reddit post about GME - 🚀🚀,98,49,98
2022-03-27,GME,Sample Reddit post about GME - 🚀🚀🚀,455,227,455
2022-03-28,GME,Sample Reddit post about GME - 🚀🚀🚀,105,52,105
2022-03-29,GME,Sample Reddit post about GME - 🚀🚀,93,46,93
2022-03-30,GME,Sample Reddit post about GME - 🚀🚀🚀,85,42,85
2022-03-31,GME,Sample Reddit post about GME - 🚀🚀🚀,115,57,115
2022-04-01,GME,Sample Reddit post about GME - 🚀,95,47,95
2022-04-02,GME,Sample Reddit post about GME - 🚀🚀🚀,89,44,89
2022-04-03,GME,Sample Reddit post about GME - 🚀🚀🚀,120,60,120
2022-04-04,GME,Sample Reddit post about GME - 🚀🚀🚀,97,48,97
2022-04-05,GME,Sample Reddit post about GME - 🚀🚀,111,55,111
2022-04-06,GME,Sample Reddit post about GME - 🚀🚀🚀,115,57,115
2022-04-07,GME,Sample Reddit post about GME - 🚀,105,52,105
2022-04-08,GME,Sample Reddit post about GME - 🚀🚀🚀,92,46,92
2022-04-09,GME,Sample Reddit post about GME - 🚀🚀🚀,95,47,95
2022-04-10,GME,Sample Reddit post about GME - 🚀,103,51,103
2022-04-11,GME,Sample Reddit post about GME - 🚀🚀🚀,118,59,118
2022-04-12,GME,Sample Reddit post about GME - 🚀,108,54,108
2022-04-13,GME,Sample Reddit post about GME - 🚀🚀🚀,109,54,109
2022-04-14,GME,Sample Reddit post about GME - 🚀🚀🚀,101,50,101
2022-04-15,GME,Sample Reddit post about GME - 🚀🚀🚀,91,45,91
2022-04-16,GME,Sample Reddit post about GME - 🚀🚀,75,37,75
2022-04-17,GME,Sample Reddit post about GME - 🚀🚀🚀,97,48,97
2022-04-18,GME,Sample Reddit post about GME - 🚀🚀,101,50,101
2022-04-19,GME,Sample Reddit post about GME - 🚀,85,42,85
2022-04-20,GME,Sample Reddit post about GME - 🚀🚀🚀,102,51,102
2022-04-21,GME,Sample Reddit post about GME - 🚀🚀,106,53,106
2022-04-22,GME,Sample Reddit post about GME - 🚀🚀🚀,101,50,101
2022-04-23,GME,Sample Reddit post about GME - 🚀,112,56,112
2022-04-24,GME,Sample Reddit post about GME - 🚀🚀🚀,104,52,104
2022-04-25,GME,Sample Reddit post about GME - 🚀🚀,83,41,83
2022-04-26,GME,Sample Reddit post about GME - 🚀,98,49,98
2022-04-27,GME,Sample Reddit post about GME - 🚀🚀🚀,114,57,114
2022-04-28,GME,Sample Reddit post about GME - 🚀🚀,85,42,85
2022-04-29,GME,Sample Reddit post about GME - 🚀🚀🚀,100,50,100
2022-04-30,GME,Sample Reddit post about GME - 🚀🚀🚀,102,51,102
2022-05-01,GME,Sample Reddit post about GME - 🚀,100,50,100
2022-05-02,GME,Sample Reddit post about GME - 🚀🚀,106,53,106
2022-05-03,GME,Sample Reddit post about GME - 🚀🚀🚀,97,48,97
2022-05-04,GME,Sample Reddit post about GME - 🚀,103,51,103
2022-05-05,GME,Sample Reddit post about GME - 🚀🚀🚀,109,54,109
2022-05-06,GME,Sample Reddit post about GME - 🚀🚀,94,47,94
2022-05-07,GME,Sample Reddit post about GME - 🚀,88,44,88
2022-05-08,GME,Sample Reddit post about GME - 🚀,94,47,94
2022-05-09,GME,Sample Reddit post about GME - 🚀,93,46,93
2022-05-10,GME,Sample Reddit post about GME - 🚀🚀,112,56,112
2022-05-11,GME,Sample Reddit post about GME - 🚀🚀,110,55,110
2022-05-12,GME,Sample Reddit post about GME - 🚀🚀🚀,102,51,102
2022-05-13,GME,Sample Reddit post about GME - 🚀,102,51,102
2022-05-14,GME,Sample Reddit post about GME - 🚀🚀🚀,99,49,99
2022-05-15,GME,Sample Reddit post about GME - 🚀,86,43,86
2022-05-16,GME,Sample Reddit post about GME - 🚀🚀,515,257,515
2022-05-17,GME,Sample Reddit post about GME - 🚀🚀🚀,96,48,96
2022-05-18,GME,Sample Reddit post about GME - 🚀🚀🚀,97,48,97
2022-05-19,GME,Sample Reddit post about GME - 🚀🚀,89,44,89
2022-05-20,GME,Sample Reddit post about GME - 🚀🚀,103,51,103
2022-05-21,GME,Sample Reddit post about GME - 🚀🚀🚀,85,42,85
2022-05-22,GME,Sample Reddit post about GME - 🚀🚀,98,49,98
2022-05-23,GME,Sample Reddit post about GME - 🚀🚀,91,45,91
2022-05-24,GME,Sample Reddit post about GME - 🚀🚀🚀,100,50,100
2022-05-25,GME,Sample Reddit post about GME - 🚀🚀,103,51,103
2022-05-26,GME,Sample Reddit post about GME - 🚀🚀,104,52,104
2022-05-27,GME,Sample Reddit post about GME - 🚀🚀🚀,104,52,104
2022-05-28,GME,Sample Reddit post about GME - 🚀🚀🚀,90,45,90
2022-05-29,GME,Sample Reddit post about GME - 🚀,92,46,92
2022-05-30,GME,Sample Reddit post about GME - 🚀,95,47,95
2022-05-31,GME,Sample Reddit post about GME - 🚀,111,55,111
2022-06-01,GME,Sample Reddit post about GME - 🚀🚀,81,40,81
2022-06-02,GME,Sample Reddit post about GME - 🚀,100,50,100
2022-06-03,GME,Sample Reddit post about GME - 🚀,107,53,107
2022-06-04,GME,Sample Reddit post about GME - 🚀🚀🚀,87,43,87
2022-06-05,GME,Sample Reddit post about GME - 🚀,105,52,105
2022-06-06,GME,Sample Reddit post about GME - 🚀🚀,105,52,105
2022-06-07,GME,Sample Reddit post about GME - 🚀🚀🚀,103,51,103
2022-06-08,GME,Sample Reddit post about GME - 🚀🚀🚀,101,50,101
2022-06-09,GME,Sample Reddit post about GME - 🚀🚀,90,45,90
2022-06-10,GME,Sample Reddit post about GME - 🚀,109,54,109
2022-06-11,GME,Sample Reddit post about GME - 🚀🚀,91,45,91
2022-06-12,GME,Sample Reddit post about GME - 🚀🚀,92,46,92
2022-06-13,GME,Sample Reddit post about GME - 🚀🚀🚀,104,52,104
2022-06-14,GME,Sample Reddit post about GME - 🚀🚀,100,50,100
2022-06-15,GME,Sample Reddit post about GME - 🚀🚀,99,49,99
2022-06-16,GME,Sample Reddit post about GME - 🚀🚀,108,54,108
2022-06-17,GME,Sample Reddit post about GME - 🚀🚀🚀,108,54,108
2022-06-18,GME,Sample Reddit post about GME - 🚀🚀🚀,97,48,97
2022-06-19,GME,Sample Reddit post about GME - 🚀,93,46,93
2022-06-20,GME,Sample Reddit post about GME - 🚀🚀,80,40,80
2022-06-21,GME,Sample Reddit post about GME - 🚀🚀🚀,103,51,103
2022-06-22,GME,Sample Reddit post about GME - 🚀🚀,97,48,97
2022-06-23,GME,Sample Reddit post about GME - 🚀,96,48,96
2022-06-24,GME,Sample Reddit post about GME - 🚀🚀,95,47,95
2022-06-25,GME,Sample Reddit post about GME - 🚀🚀🚀,99,49,99
2022-06-26,GME,Sample Reddit post about GME - 🚀🚀🚀,124,62,124
2022-06-27,GME,Sample Reddit post about GME - 🚀🚀,84,42,84
2022-06-28,GME,Sample Reddit post about GME - 🚀,98,49,98
2022-06-29,GME,Sample Reddit post about GME - 🚀,106,53,106
2022-06-30,GME,Sample Reddit post about GME - 🚀🚀,73,36,73
2022-07-01,GME,Sample Reddit post about GME - 🚀,98,49,98
2022-07-02,GME,Sample Reddit post about GME - 🚀🚀🚀,103,51,103
2022-07-03,GME,Sample Reddit post about GME - 🚀🚀,98,49,98
2022-07-04,GME,Sample Reddit post about GME - 🚀🚀🚀,99,49,99
2022-07-05,GME,Sample Reddit post about GME - 🚀🚀🚀,505,252,505
2022-07-06,GME,Sample Reddit post about GME - 🚀,104,52,104
2022-07-07,GME,Sample Reddit post about GME - 🚀🚀🚀,109,54,109
2022-07-08,GME,Sample Reddit post about GME - 🚀,105,52,105
2022-07-09,GME,Sample Reddit post about GME - 🚀,102,51,102
2022-07-10,GME,Sample Reddit post about GME - 🚀,102,51,102
2022-07-11,GME,Sample Reddit post about GME - 🚀,87,43,87
2022-07-12,GME,Sample Reddit post about GME - 🚀🚀🚀,113,56,113
2022-07-13,GME,Sample Reddit post about GME - 🚀🚀,103,51,103
2022-07-14,GME,Sample Reddit post about GME - 🚀🚀,111,55,111
2022-07-15,GME,Sample Reddit post about GME - 🚀🚀,92,46,92
2022-07-16,GME,Sample Reddit post about GME - 🚀🚀,109,54,109
2022-07-17,GME,Sample Reddit post about GME - 🚀🚀🚀,99,49,99
2022-07-18,GME,Sample Reddit post about GME - 🚀🚀,96,48,96
2022-07-19,GME,Sample Reddit post about GME - 🚀🚀,106,53,106
2022-07-20,GME,Sample Reddit post about GME - 🚀,113,56,113
2022-07-21,GME,Sample Reddit post about GME - 🚀,90,45,90
2022-07-22,GME,Sample Reddit post about GME - 🚀🚀,88,44,88
2022-07-23,GME,Sample Reddit post about GME - 🚀🚀🚀,104,52,104
2022-07-24,GME,Sample Reddit post about GME - 🚀,100,50,100
2022-07-25,GME,Sample Reddit post about GME - 🚀🚀,112,56,112
2022-07-26,GME,Sample Reddit post about GME - 🚀🚀,102,51,102
2022-07-27,GME,Sample Reddit post about GME - 🚀,95,47,95
2022-07-28,GME,Sample Reddit post about GME - 🚀🚀🚀,115,57,115
2022-07-29,GME,Sample Reddit post about GME - 🚀🚀,94,47,94
2022-07-30,GME,Sample Reddit post about GME - 🚀,113,56,113
2022-07-31,GME,Sample Reddit post about GME - 🚀🚀,93,46,93
2022-08-01,GME,Sample Reddit post about GME - 🚀🚀,105,52,105
2022-08-02,GME,Sample Reddit post about GME - 🚀🚀🚀,93,46,93
2022-08-03,GME,Sample Reddit post about GME - 🚀,85,42,85
2022-08-04,GME,Sample Reddit post about GME - 🚀,93,46,93
2022-08-05,GME,Sample Reddit post about GME - 🚀,112,56,112
2022-08-06,GME,Sample Reddit post about GME - 🚀🚀🚀,91,45,91
2022-08-07,GME,Sample Reddit post about GME - 🚀,94,47,94
2022-08-08,GME,Sample Reddit post about GME - 🚀🚀🚀,111,55,111
2022-08-09,GME,Sample Reddit post about GME - 🚀🚀🚀,85,42,85
2022-08-10,GME,Sample Reddit post about GME - 🚀,96,48,96
2022-08-11,GME,Sample Reddit post about GME - 🚀🚀,101,50,101
2022-08-12,GME,Sample Reddit post about GME - 🚀,92,46,92
2022-08-13,GME,Sample Reddit post about GME - 🚀🚀🚀,114,57,114
2022-08-14,GME,Sample Reddit post about GME - 🚀🚀,95,47,95
2022-08-15,GME,Sample Reddit post about GME - 🚀🚀,99,49,99
2022-08-16,GME,Sample Reddit post about GME - 🚀,99,49,99
2022-08-17,GME,Sample Reddit post about GME - 🚀🚀,115,57,115
2022-08-18,GME,Sample Reddit post about GME - 🚀🚀🚀,113,56,113
2022-08-19,GME,Sample Reddit post about GME - 🚀🚀🚀,98,49,98
2022-08-20,GME,Sample Reddit post about GME - 🚀🚀,107,53,107
2022-08-21,GME,Sample Reddit post about GME - 🚀🚀🚀,95,47,95
2022-08-22,GME,Sample Reddit post about GME - 🚀,100,50,100
2022-08-23,GME,Sample Reddit post about GME - 🚀,100,50,100
2022-08-24,GME,Sample Reddit post about GME - 🚀🚀🚀,570,285,570
2022-08-25,GME,Sample Reddit post about GME - 🚀🚀🚀,98,49,98
2022-08-26,GME,Sample Reddit post about GME - 🚀🚀🚀,111,55,111
2022-08-27,GME,Sample Reddit post about GME - 🚀,92,46,92
2022-08-28,GME,Sample Reddit post about GME - 🚀🚀🚀,96,48,96
2022-08-29,GME,Sample Reddit post about GME - 🚀🚀🚀,107,53,107
2022-08-30,GME,Sample Reddit post about GME - 🚀,90,45,90
2022-08-31,GME,Sample Reddit post about GME - 🚀🚀🚀,97,48,97
2022-09-01,GME,Sample Reddit post about GME - 🚀🚀,93,46,93
2022-09-02,GME,Sample Reddit post about GME - 🚀,94,47,94
2022-09-03,GME,Sample Reddit post about GME - 🚀,91,45,91
2022-09-04,GME,Sample Reddit post about GME - 🚀🚀🚀,84,42,84
2022-09-05,GME,Sample Reddit post about GME - 🚀,104,52,104
2022-09-06,GME,Sample Reddit post about GME - 🚀,89,44,89
2022-09-07,GME,Sample Reddit post about GME - 🚀🚀,91,45,91
2022-09-08,GME,Sample Reddit post about GME - 🚀🚀,98,49,98
2022-09-09,GME,Sample Reddit post about GME - 🚀,106,53,106
2022-09-10,GME,Sample Reddit post about GME - 🚀🚀🚀,95,47,95
2022-09-11,GME,Sample Reddit post about GME - 🚀🚀🚀,95,47,95
2022-09-12,GME,Sample Reddit post about GME - 🚀,104,52,104
2022-09-13,GME,Sample Reddit post about GME - 🚀🚀,113,56,113
2022-09-14,GME,Sample Reddit post about GME - 🚀🚀,105,52,105
2022-09-15,GME,Sample Reddit post about GME - 🚀🚀,93,46,93
2022-09-16,GME,Sample Reddit post about GME - 🚀🚀🚀,101,50,101
2022-09-17,GME,Sample Reddit post about GME - 🚀🚀🚀,109,54,109
2022-09-18,GME,Sample Reddit post about GME - 🚀🚀🚀,93,46,93
2022-09-19,GME,Sample Reddit post about GME - 🚀🚀🚀,103,51,103
2022-09-20,GME,Sample Reddit post about GME - 🚀🚀🚀,92,46,92
2022-09-21,GME,Sample Reddit post about GME - 🚀🚀🚀,104,52,104
2022-09-22,GME,Sample Reddit post about GME - 🚀🚀,105,52,105
2022-09-23,GME,Sample Reddit post about GME - 🚀🚀🚀,85,42,85
2022-09-24,GME,Sample Reddit post about GME - 🚀🚀🚀,113,56,113
2022-09-25,GME,Sample Reddit post about GME - 🚀,99,49,99
2022-09-26,GME,Sample Reddit post about GME - 🚀,105,52,105
2022-09-27,GME,Sample Reddit post about GME - 🚀,108,54,108
2022-09-28,GME,Sample Reddit post about GME - 🚀🚀,99,49,99
2022-09-29,GME,Sample Reddit post about GME - 🚀🚀🚀,115,57,115
2022-09-30,GME,Sample Reddit post about GME - 🚀🚀🚀,123,61,123
2022-10-01,GME,Sample Reddit post about GME - 🚀🚀,81,40,81
2022-10-02,GME,Sample Reddit post about GME - 🚀,110,55,110
2022-10-03,GME,Sample Reddit post about GME - 🚀🚀,107,53,107
2022-10-04,GME,Sample Reddit post about GME - 🚀🚀,97,48,97
2022-10-05,GME,Sample Reddit post about GME - 🚀,107,53,107
2022-10-06,GME,Sample Reddit post about GME - 🚀🚀,97,48,97
2022-10-07,GME,Sample Reddit post about GME - 🚀🚀🚀,83,41,83
2022-10-08,GME,Sample Reddit post about GME - 🚀🚀,108,54,108
2022-10-09,GME,Sample Reddit post about GME - 🚀,106,53,106
2022-10-10,GME,Sample Reddit post about GME - 🚀🚀🚀,95,47,95
2022-10-11,GME,Sample Reddit post about GME - 🚀🚀🚀,107,53,107
2022-10-12,GME,Sample Reddit post about GME - 🚀🚀🚀,105,52,105
2022-10-13,GME,Sample Reddit post about GME - 🚀🚀🚀,520,260,520
2022-10-14,GME,Sample Reddit post about GME - 🚀🚀,109,54,109
2022-10-15,GME,Sample Reddit post about GME - 🚀,106,53,106
2022-10-16,GME,Sample Reddit post about GME - 🚀,113,56,113
2022-10-17,GME,Sample Reddit post about GME - 🚀,95,47,95
2022-10-18,GME,Sample Reddit post about GME - 🚀🚀🚀,93,46,93
2022-10-19,GME,Sample Reddit post about GME - 🚀🚀,105,52,105
2022-10-20,GME,Sample Reddit post about GME - 🚀🚀🚀,95,47,95
2022-10-21,GME,Sample Reddit post about GME - 🚀🚀🚀,111,55,111
2022-10-22,GME,Sample Reddit post about GME - 🚀🚀,94,47,94
2022-10-23,GME,Sample Reddit post about GME - 🚀🚀🚀,106,53,106
2022-10-24,GME,Sample Reddit post about GME - 🚀,116,58,116
2022-10-25,GME,Sample Reddit post about GME - 🚀,80,40,80
2022-10-26,GME,Sample Reddit post about GME - 🚀,97,48,97
2022-10-27,GME,Sample Reddit post about GME - 🚀,96,48,96
2022-10-28,GME,Sample Reddit post about GME - 🚀,121,60,121
2022-10-29,GME,Sample Reddit post about GME - 🚀🚀🚀,104,52,104
2022-10-30,GME,Sample Reddit post about GME - 🚀🚀🚀,87,43,87
2022-10-31,GME,Sample Reddit post about GME - 🚀🚀🚀,103,51,103
2022-11-01,GME,Sample Reddit post about GME - 🚀,114,57,114
2022-11-02,GME,Sample Reddit post about GME - 🚀,111,55,111
2022-11-03,GME,Sample Reddit post about GME - 🚀,97,48,97
2022-11-04,GME,Sample Reddit post about GME - 🚀🚀,97,48,97
2022-11-05,GME,Sample Reddit post about GME - 🚀🚀🚀,111,55,111
2022-11-06,GME,Sample Reddit post about GME - 🚀🚀🚀,106,53,106
2022-11-07,GME,Sample Reddit post about GME - 🚀,97,48,97
2022-11-08,GME,Sample Reddit post about GME - 🚀🚀🚀,95,47,95
2022-11-09,GME,Sample Reddit post about GME - 🚀🚀,98,49,98
2022-11-10,GME,Sample Reddit post about GME - 🚀,109,54,109
2022-11-11,GME,Sample Reddit post about GME - 🚀🚀🚀,115,57,115
2022-11-12,GME,Sample Reddit post about GME - 🚀🚀🚀,116,58,116
2022-11-13,GME,Sample Reddit post about GME - 🚀🚀,105,52,105
2022-11-14,GME,Sample Reddit post about GME - 🚀,97,48,97
2022-11-15,GME,Sample Reddit post about GME - 🚀🚀🚀,106,53,106
2022-11-16,GME,Sample Reddit post about GME - 🚀🚀🚀,85,42,85
2022-11-17,GME,Sample Reddit post about GME - 🚀🚀🚀,81,40,81
2022-11-18,GME,Sample Reddit post about GME - 🚀🚀,102,51,102
2022-11-19,GME,Sample Reddit post about GME - 🚀🚀,94,47,94
2022-11-20,GME,Sample Reddit post about GME - 🚀🚀🚀,100,50,100
2022-11-21,GME,Sample Reddit post about GME - 🚀,95,47,95
2022-11-22,GME,Sample Reddit post about GME - 🚀🚀🚀,100,50,100
2022-11-23,GME,Sample Reddit post about GME - 🚀🚀,97,48,97
2022-11-24,GME,Sample Reddit post about GME - 🚀,92,46,92
2022-11-25,GME,Sample Reddit post about GME - 🚀,90,45,90
2022-11-26,GME,Sample Reddit post about GME - 🚀🚀🚀,107,53,107
2022-11-27,GME,Sample Reddit post about GME - 🚀,94,47,94
2022-11-28,GME,Sample Reddit post about GME - 🚀,104,52,104
2022-11-29,GME,Sample Reddit post about GME - 🚀🚀,94,47,94
2022-11-30,GME,Sample Reddit post about GME - 🚀🚀,96,48,96
2022-12-01,GME,Sample Reddit post about GME - 🚀🚀,97,48,97
2022-12-02,GME,Sample Reddit post about GME - 🚀🚀,460,230,460
2022-12-03,GME,Sample Reddit post about GME - 🚀🚀🚀,91,45,91
2022-12-04,GME,Sample Reddit post about GME - 🚀🚀🚀,89,44,89
2022-12-05,GME,Sample Reddit post about GME - 🚀,101,50,101
2022-12-06,GME,Sample Reddit post about GME - 🚀,105,52,105
2022-12-07,GME,Sample Reddit post about GME - 🚀🚀,103,51,103
2022-12-08,GME,Sample Reddit post about GME - 🚀🚀🚀,102,51,102
2022-12-09,GME,Sample Reddit post about GME - 🚀🚀,97,48,97
2022-12-10,GME,Sample Reddit post about GME - 🚀,118,59,118
2022-12-11,GME,Sample Reddit post about GME - 🚀🚀,102,51,102
2022-12-12,GME,Sample Reddit post about GME - 🚀🚀,90,45,90
2022-12-13,GME,Sample Reddit post about GME - 🚀🚀,93,46,93
2022-12-14,GME,Sample Reddit post about GME - 🚀🚀🚀,107,53,107
2022-12-15,GME,Sample Reddit post about GME - 🚀🚀,99,49,99
2022-12-16,GME,Sample Reddit post about GME - 🚀🚀🚀,85,42,85
2022-12-17,GME,Sample Reddit post about GME - 🚀,94,47,94
2022-12-18,GME,Sample Reddit post about GME - 🚀🚀🚀,98,49,98
2022-12-19,GME,Sample Reddit post about GME - 🚀,92,46,92
2022-12-20,GME,Sample Reddit post about GME - 🚀,97,48,97
2022-12-21,GME,Sample Reddit post about GME - 🚀🚀🚀,92,46,92
2022-12-22,GME,Sample Reddit post about GME - 🚀🚀,98,49,98
2022-12-23,GME,Sample Reddit post about GME - 🚀🚀🚀,93,46,93
2022-12-24,GME,Sample Reddit post about GME - 🚀,88,44,88
2022-12-25,GME,Sample Reddit post about GME - 🚀🚀,103,51,103
2022-12-26,GME,Sample Reddit post about GME - 🚀🚀,114,57,114
2022-12-27,GME,Sample Reddit post about GME - 🚀🚀,86,43,86
2022-12-28,GME,Sample Reddit post about GME - 🚀🚀🚀,109,54,109
2022-12-29,GME,Sample Reddit post about GME - 🚀,96,48,96
2022-12-30,GME,Sample Reddit post about GME - 🚀🚀🚀,99,49,99
2022-12-31,GME,Sample Reddit post about GME - 🚀🚀🚀,108,54,108
2023-01-01,GME,Sample Reddit post about GME - 🚀🚀,100,50,100
2023-01-02,GME,Sample Reddit post about GME - 🚀🚀,101,50,101
2023-01-03,GME,Sample Reddit post about GME - 🚀🚀,105,52,105
2023-01-04,GME,Sample Reddit post about GME - 🚀🚀🚀,117,58,117
2023-01-05,GME,Sample Reddit post about GME - 🚀🚀,103,51,103
2023-01-06,GME,Sample Reddit post about GME - 🚀🚀🚀,99,49,99
2023-01-07,GME,Sample Reddit post about GME - 🚀,100,50,100
2023-01-08,GME,Sample Reddit post about GME - 🚀,88,44,88
2023-01-09,GME,Sample Reddit post about GME - 🚀🚀🚀,108,54,108
2023-01-10,GME,Sample Reddit post about GME - 🚀,99,49,99
2023-01-11,GME,Sample Reddit post about GME - 🚀🚀🚀,103,51,103
2023-01-12,GME,Sample Reddit post about GME - 🚀🚀,95,47,95
2023-01-13,GME,Sample Reddit post about GME - 🚀🚀🚀,101,50,101
2023-01-14,GME,Sample Reddit post about GME - 🚀🚀🚀,97,48,97
2023-01-15,GME,Sample Reddit post about GME - 🚀,113,56,113
2023-01-16,GME,Sample Reddit post about GME - 🚀🚀,87,43,87
2023-01-17,GME,Sample Reddit post about GME - 🚀🚀🚀,96,48,96
2023-01-18,GME,Sample Reddit post about GME - 🚀🚀🚀,87,43,87
2023-01-19,GME,Sample Reddit post about GME - 🚀🚀,98,49,98
2023-01-20,GME,Sample Reddit post about GME - 🚀🚀,91,45,91
2023-01-21,GME,Sample Reddit post about GME - 🚀🚀🚀,460,230,460
2023-01-22,GME,Sample Reddit post about GME - 🚀,110,55,110
2023-01-23,GME,Sample Reddit post about GME - 🚀,117,58,117
2023-01-24,GME,Sample Reddit post about GME - 🚀🚀,101,50,101
2023-01-25,GME,Sample Reddit post about GME - 🚀🚀,116,58,116
2023-01-26,GME,Sample Reddit post about GME - 🚀,85,42,85
2023-01-27,GME,Sample Reddit post about GME - 🚀🚀🚀,89,44,89
2023-01-28,GME,Sample Reddit post about GME - 🚀🚀🚀,87,43,87
2023-01-29,GME,Sample Reddit post about GME - 🚀🚀,93,46,93
2023-01-30,GME,Sample Reddit post about GME - 🚀🚀🚀,82,41,82
2023-01-31,GME,Sample Reddit post about GME - 🚀🚀,88,44,88
2023-02-01,GME,Sample Reddit post about GME - 🚀,106,53,106
2023-02-02,GME,Sample Reddit post about GME - 🚀🚀,103,51,103
2023-02-03,GME,Sample Reddit post about GME - 🚀🚀🚀,101,50,101
2023-02-04,GME,Sample Reddit post about GME - 🚀,114,57,114
2023-02-05,GME,Sample Reddit post about GME - 🚀,101,50,101
2023-02-06,GME,Sample Reddit post about GME - 🚀🚀🚀,97,48,97
2023-02-07,GME,Sample Reddit post about GME - 🚀🚀🚀,98,49,98
2023-02-08,GME,Sample Reddit post about GME - 🚀,97,48,97
2023-02-09,GME,Sample Reddit post about GME - 🚀🚀🚀,102,51,102
2023-02-10,GME,Sample Reddit post about GME - 🚀🚀🚀,93,46,93
2023-02-11,GME,Sample Reddit post about GME - 🚀🚀,108,54,108
2023-02-12,GME,Sample Reddit post about GME - 🚀,109,54,109
2023-02-13,GME,Sample Reddit post about GME - 🚀🚀,101,50,101
2023-02-14,GME,Sample Reddit post about GME - 🚀🚀,99,49,99
2023-02-15,GME,Sample Reddit post about GME - 🚀🚀,113,56,113
2023-02-16,GME,Sample Reddit post about GME - 🚀🚀,101,50,101
2023-02-17,GME,Sample Reddit post about GME - 🚀,86,43,86
2023-02-18,GME,Sample Reddit post about GME - 🚀🚀,88,44,88
2023-02-19,GME,Sample Reddit post about GME - 🚀🚀,106,53,106
2023-02-20,GME,Sample Reddit post about GME - 🚀🚀🚀,96,48,96
2023-02-21,GME,Sample Reddit post about GME - 🚀🚀🚀,112,56,112
2023-02-22,GME,Sample Reddit post about GME - 🚀🚀,98,49,98
2023-02-23,GME,Sample Reddit post about GME - 🚀🚀🚀,83,41,83
2023-02-24,GME,Sample Reddit post about GME - 🚀🚀🚀,101,50,101
2023-02-25,GME,Sample Reddit post about GME - 🚀🚀,108,54,108
2023-02-26,GME,Sample Reddit post about GME - 🚀🚀🚀,111,55,111
2023-02-27,GME,Sample Reddit post about GME - 🚀🚀🚀,104,52,104
2023-02-28,GME,Sample Reddit post about GME - 🚀🚀,114,57,114
2023-03-01,GME,Sample Reddit post about GME - 🚀🚀🚀,96,48,96
2023-03-02,GME,Sample Reddit post about GME - 🚀🚀🚀,114,57,114
2023-03-03,GME,Sample Reddit post about GME - 🚀🚀🚀,104,52,104
2023-03-04,GME,Sample Reddit post about GME - 🚀🚀🚀,95,47,95
2023-03-05,GME,Sample Reddit post about GME - 🚀🚀🚀,99,49,99
2023-03-06,GME,Sample Reddit post about GME - 🚀🚀🚀,107,53,107
2023-03-07,GME,Sample Reddit post about GME - 🚀🚀🚀,94,47,94
2023-03-08,GME,Sample Reddit post about GME - 🚀,89,44,89
2023-03-09,GME,Sample Reddit post about GME - 🚀🚀,112,56,112
2023-03-10,GME,Sample Reddit post about GME - 🚀🚀,117,58,117
2023-03-11,GME,Sample Reddit post about GME - 🚀🚀🚀,95,47,95
2023-03-12,GME,Sample Reddit post about GME - 🚀🚀🚀,595,297,595
2023-03-13,GME,Sample Reddit post about GME - 🚀🚀,108,54,108
2023-03-14,GME,Sample Reddit post about GME - 🚀,101,50,101
2023-03-15,GME,Sample Reddit post about GME - 🚀🚀🚀,84,42,84
2023-03-16,GME,Sample Reddit post about GME - 🚀🚀🚀,101,50,101
2023-03-17,GME,Sample Reddit post about GME - 🚀,114,57,114
2023-03-18,GME,Sample Reddit post about GME - 🚀🚀🚀,109,54,109
2023-03-19,GME,Sample Reddit post about GME - 🚀🚀🚀,100,50,100
2023-03-20,GME,Sample Reddit post about GME - 🚀🚀🚀,110,55,110
2023-03-21,GME,Sample Reddit post about GME - 🚀,99,49,99
2023-03-22,GME,Sample Reddit post about GME - 🚀🚀,106,53,106
2023-03-23,GME,Sample Reddit post about GME - 🚀,114,57,114
2023-03-24,GME,Sample Reddit post about GME - 🚀🚀🚀,80,40,80
2023-03-25,GME,Sample Reddit post about GME - 🚀,95,47,95
2023-03-26,GME,Sample Reddit post about GME - 🚀🚀🚀,108,54,108
2023-03-27,GME,Sample Reddit post about GME - 🚀,97,48,97
2023-03-28,GME,Sample Reddit post about GME - 🚀🚀🚀,95,47,95
2023-03-29,GME,Sample Reddit post about GME - 🚀🚀,107,53,107
2023-03-30,GME,Sample Reddit post about GME - 🚀🚀🚀,88,44,88
2023-03-31,GME,Sample Reddit post about GME - 🚀🚀,103,51,103
2023-04-01,GME,Sample Reddit post about GME - 🚀🚀🚀,84,42,84
2023-04-02,GME,Sample Reddit post about GME - 🚀,106,53,106
2023-04-03,GME,Sample Reddit post about GME - 🚀,113,56,113
2023-04-04,GME,Sample Reddit post about GME - 🚀🚀,115,57,115
2023-04-05,GME,Sample Reddit post about GME - 🚀🚀🚀,92,46,92
2023-04-06,GME,Sample Reddit post about GME - 🚀🚀🚀,104,52,104
2023-04-07,GME,Sample Reddit post about GME - 🚀🚀🚀,98,49,98
2023-04-08,GME,Sample Reddit post about GME - 🚀🚀🚀,79,39,79
2023-04-09,GME,Sample Reddit post about GME - 🚀🚀🚀,102,51,102
2023-04-10,GME,Sample Reddit post about GME - 🚀🚀🚀,103,51,103
2023-04-11,GME,Sample Reddit post about GME - 🚀🚀,89,44,89
2023-04-12,GME,Sample Reddit post about GME - 🚀,110,55,110
2023-04-13,GME,Sample Reddit post about GME - 🚀🚀,87,43,87
2023-04-14,GME,Sample Reddit post about GME - 🚀,102,51,102
2023-04-15,GME,Sample Reddit post about GME - 🚀,96,48,96
2023-04-16,GME,Sample Reddit post about GME - 🚀,103,51,103
2023-04-17,GME,Sample Reddit post about GME - 🚀🚀,77,38,77
2023-04-18,GME,Sample Reddit post about GME - 🚀,95,47,95
2023-04-19,GME,Sample Reddit post about GME - 🚀🚀,96,48,96
2023-04-20,GME,Sample Reddit post about GME - 🚀🚀,99,49,99
2023-04-21,GME,Sample Reddit post about GME - 🚀🚀🚀,107,53,107
2023-04-22,GME,Sample Reddit post about GME - 🚀,91,45,91
2023-04-23,GME,Sample Reddit post about GME - 🚀🚀,115,57,115
2023-04-24,GME,Sample Reddit post about GME - 🚀,84,42,84
2023-04-25,GME,Sample Reddit post about GME - 🚀🚀🚀,111,55,111
2023-04-26,GME,Sample Reddit post about GME - 🚀,100,50,100
2023-04-27,GME,Sample Reddit post about GME - 🚀🚀,95,47,95
2023-04-28,GME,Sample Reddit post about GME - 🚀🚀🚀,94,47,94
2023-04-29,GME,Sample Reddit post about GME - 🚀🚀🚀,89,44,89
2023-04-30,GME,Sample Reddit post about GME - 🚀🚀,108,54,108
2023-05-01,GME,Sample Reddit post about GME - 🚀🚀,450,225,450
2023-05-02,GME,Sample Reddit post about GME - 🚀🚀,92,46,92
2023-05-03,GME,Sample Reddit post about GME - 🚀,90,45,90
2023-05-04,GME,Sample Reddit post about GME - 🚀🚀,77,38,77
2023-05-05,GME,Sample Reddit post about GME - 🚀🚀🚀,92,46,92
2023-05-06,GME,Sample Reddit post about GME - 🚀,106,53,106
2023-05-07,GME,Sample Reddit post about GME - 🚀🚀,96,48,96
2023-05-08,GME,Sample Reddit post about GME - 🚀🚀🚀,94,47,94
2023-05-09,GME,Sample Reddit post about GME - 🚀,106,53,106
2023-05-10,GME,Sample Reddit post about GME - 🚀🚀🚀,118,59,118
2023-05-11,GME,Sample Reddit post about GME - 🚀🚀🚀,102,51,102
2023-05-12,GME,Sample Reddit post about GME - 🚀🚀🚀,96,48,96
2023-05-13,GME,Sample Reddit post about GME - 🚀🚀,85,42,85
2023-05-14,GME,Sample Reddit post about GME - 🚀,103,51,103
2023-05-15,GME,Sample Reddit post about GME - 🚀🚀🚀,83,41,83
2023-05-16,GME,Sample Reddit post about GME - 🚀,93,46,93
2023-05-17,GME,Sample Reddit post about GME - 🚀,112,56,112
2023-05-18,GME,Sample Reddit post about GME - 🚀,104,52,104
2023-05-19,GME,Sample Reddit post about GME - 🚀,106,53,106
2023-05-20,GME,Sample Reddit post about GME - 🚀🚀🚀,95,47,95
2023-05-21,GME,Sample Reddit post about GME - 🚀🚀,99,49,99
2023-05-22,GME,Sample Reddit post about GME - 🚀,113,56,113
2023-05-23,GME,Sample Reddit post about GME - 🚀🚀🚀,105,52,105
2023-05-24,GME,Sample Reddit post about GME - 🚀🚀🚀,106,53,106
2023-05-25,GME,Sample Reddit post about GME - 🚀🚀,110,55,110
2023-05-26,GME,Sample Reddit post about GME - 🚀🚀🚀,90,45,90
2023-05-27,GME,Sample Reddit post about GME - 🚀🚀,103,51,103
2023-05-28,GME,Sample Reddit post about GME - 🚀🚀🚀,95,47,95
2023-05-29,GME,Sample Reddit post about GME - 🚀🚀🚀,103,51,103
2023-05-30,GME,Sample Reddit post about GME - 🚀🚀🚀,91,45,91
2023-05-31,GME,Sample Reddit post about GME - 🚀🚀🚀,81,40,81
2023-06-01,GME,Sample Reddit post about GME - 🚀,81,40,81
2023-06-02,GME,Sample Reddit post about GME - 🚀🚀🚀,117,58,117
2023-06-03,GME,Sample Reddit post about GME - 🚀🚀,88,44,88
2023-06-04,GME,Sample Reddit post about GME - 🚀🚀🚀,81,40,81
2023-06-05,GME,Sample Reddit post about GME - 🚀,115,57,115
2023-06-06,GME,Sample Reddit post about GME - 🚀🚀🚀,94,47,94
2023-06-07,GME,Sample Reddit post about GME - 🚀🚀,91,45,91
2023-06-08,GME,Sample Reddit post about GME - 🚀🚀,109,54,109
2023-06-09,GME,Sample Reddit post about GME - 🚀🚀,96,48,96
2023-06-10,GME,Sample Reddit post about GME - 🚀🚀,99,49,99
2023-06-11,GME,Sample Reddit post about GME - 🚀🚀,99,49,99
2023-06-12,GME,Sample Reddit post about GME - 🚀,102,51,102
2023-06-13,GME,Sample Reddit post about GME - 🚀🚀,112,56,112
2023-06-14,GME,Sample Reddit post about GME - 🚀🚀,94,47,94
2023-06-15,GME,Sample Reddit post about GME - 🚀🚀🚀,92,46,92
2023-06-16,GME,Sample Reddit post about GME - 🚀🚀,127,63,127
2023-06-17,GME,Sample Reddit post about GME - 🚀🚀🚀,91,45,91
2023-06-18,GME,Sample Reddit post about GME - 🚀,84,42,84
2023-06-19,GME,Sample Reddit post about GME - 🚀🚀,97,48,97
2023-06-20,GME,Sample Reddit post about GME - 🚀🚀,505,252,505
2023-06-21,GME,Sample Reddit post about GME - 🚀🚀,114,57,114
2023-06-22,GME,Sample Reddit post about GME - 🚀🚀,96,48,96
2023-06-23,GME,Sample Reddit post about GME - 🚀🚀,110,55,110
2023-06-24,GME,Sample Reddit post about GME - 🚀🚀,109,54,109
2023-06-25,GME,Sample Reddit post about GME - 🚀🚀,102,51,102
2023-06-26,GME,Sample Reddit post about GME - 🚀🚀,100,50,100
2023-06-27,GME,Sample Reddit post about GME - 🚀🚀,105,52,105
2023-06-28,GME,Sample Reddit post about GME - 🚀🚀🚀,95,47,95
2023-06-29,GME,Sample Reddit post about GME - 🚀,82,41,82
2023-06-30,GME,Sample Reddit post about GME - 🚀🚀🚀,110,55,110
2023-07-01,GME,Sample Reddit post about GME - 🚀🚀,94,47,94
2023-07-02,GME,Sample Reddit post about GME - 🚀🚀,111,55,111
2023-07-03,GME,Sample Reddit post about GME - 🚀🚀,104,52,104
2023-07-04,GME,Sample Reddit post about GME - 🚀,103,51,103
2023-07-05,GME,Sample Reddit post about GME - 🚀🚀🚀,111,55,111
2023-07-06,GME,Sample Reddit post about GME - 🚀,103,51,103
2023-07-07,GME,Sample Reddit post about GME - 🚀,102,51,102
2023-07-08,GME,Sample Reddit post about GME - 🚀🚀,126,63,126
2023-07-09,GME,Sample Reddit post about GME - 🚀,104,52,104
2023-07-10,GME,Sample Reddit post about GME - 🚀🚀🚀,102,51,102
2023-07-11,GME,Sample Reddit post about GME - 🚀🚀,114,57,114
2023-07-12,GME,Sample Reddit post about GME - 🚀,86,43,86
2023-07-13,GME,Sample Reddit post about GME - 🚀,114,57,114
2023-07-14,GME,Sample Reddit post about GME - 🚀🚀🚀,114,57,114
2023-07-15,GME,Sample Reddit post about GME - 🚀🚀,102,51,102
2023-07-16,GME,Sample Reddit post about GME - 🚀,101,50,101
2023-07-17,GME,Sample Reddit post about GME - 🚀,101,50,101
2023-07-18,GME,Sample Reddit post about GME - 🚀🚀🚀,92,46,92
2023-07-19,GME,Sample Reddit post about GME - 🚀🚀,99,49,99
2023-07-20,GME,Sample Reddit post about GME - 🚀🚀,99,49,99
2023-07-21,GME,Sample Reddit post about GME - 🚀🚀🚀,92,46,92
2023-07-22,GME,Sample Reddit post about GME - 🚀,106,53,106
2023-07-23,GME,Sample Reddit post about GME - 🚀🚀,130,65,130
2023-07-24,GME,Sample Reddit post about GME - 🚀,88,44,88
2023-07-25,GME,Sample Reddit post about GME - 🚀🚀🚀,111,55,111
2023-07-26,GME,Sample Reddit post about GME - 🚀🚀🚀,102,51,102
2023-07-27,GME,Sample Reddit post about GME - 🚀,98,49,98
2023-07-28,GME,Sample Reddit post about GME - 🚀🚀,100,50,100
2023-07-29,GME,Sample Reddit post about GME - 🚀🚀,105,52,105
2023-07-30,GME,Sample Reddit post about GME - 🚀🚀🚀,99,49,99
2023-07-31,GME,Sample Reddit post about GME - 🚀🚀🚀,119,59,119
2023-08-01,GME,Sample Reddit post about GME - 🚀🚀🚀,97,48,97
2023-08-02,GME,Sample Reddit post about GME - 🚀🚀🚀,117,58,117
2023-08-03,GME,Sample Reddit post about GME - 🚀🚀,96,48,96
2023-08-04,GME,Sample Reddit post about GME - 🚀🚀,112,56,112
2023-08-05,GME,Sample Reddit post about GME - 🚀,106,53,106
2023-08-06,GME,Sample Reddit post about GME - 🚀🚀,108,54,108
2023-08-07,GME,Sample Reddit post about GME - 🚀🚀,102,51,102
2023-08-08,GME,Sample Reddit post about GME - 🚀🚀🚀,93,46,93
2023-08-09,GME,Sample Reddit post about GME - 🚀🚀,550,275,550
2023-08-10,GME,Sample Reddit post about GME - 🚀,115,57,115
2023-08-11,GME,Sample Reddit post about GME - 🚀,103,51,103
2023-08-12,GME,Sample Reddit post about GME - 🚀🚀🚀,113,56,113
2023-08-13,GME,Sample Reddit post about GME - 🚀,112,56,112
2023-08-14,GME,Sample Reddit post about GME - 🚀🚀🚀,89,44,89
2023-08-15,GME,Sample Reddit post about GME - 🚀🚀,88,44,88
2023-08-16,GME,Sample Reddit post about GME - 🚀🚀🚀,82,41,82
2023-08-17,GME,Sample Reddit post about GME - 🚀,85,42,85
2023-08-18,GME,Sample Reddit post about GME - 🚀🚀,108,54,108
2023-08-19,GME,Sample Reddit post about GME - 🚀,101,50,101
2023-08-20,GME,Sample Reddit post about GME - 🚀🚀🚀,110,55,110
2023-08-21,GME,Sample Reddit post about GME - 🚀🚀,102,51,102
2023-08-22,GME,Sample Reddit post about GME - 🚀🚀🚀,89,44,89
2023-08-23,GME,Sample Reddit post about GME - 🚀🚀,108,54,108
2023-08-24,GME,Sample Reddit post about GME - 🚀🚀,101,50,101
2023-08-25,GME,Sample Reddit post about GME - 🚀🚀,101,50,101
2023-08-26,GME,Sample Reddit post about GME - 🚀🚀🚀,108,54,108
2023-08-27,GME,Sample Reddit post about GME - 🚀🚀,98,49,98
2023-08-28,GME,Sample Reddit post about GME - 🚀🚀🚀,108,54,108
2023-08-29,GME,Sample Reddit post about GME - 🚀,88,44,88
2023-08-30,GME,Sample Reddit post about GME - 🚀🚀,101,50,101
2023-08-31,GME,Sample Reddit post about GME - 🚀,114,57,114
2023-09-01,GME,Sample Reddit post about GME - 🚀🚀🚀,116,58,116
2023-09-02,GME,Sample Reddit post about GME - 🚀🚀🚀,83,41,83
2023-09-03,GME,Sample Reddit post about GME - 🚀,93,46,93
2023-09-04,GME,Sample Reddit post about GME - 🚀,108,54,108
2023-09-05,GME,Sample Reddit post about GME - 🚀🚀🚀,115,57,115
2023-09-06,GME,Sample Reddit post about GME - 🚀,106,53,106
2023-09-07,GME,Sample Reddit post about GME - 🚀,106,53,106
2023-09-08,GME,Sample Reddit post about GME - 🚀🚀🚀,86,43,86
2023-09-09,GME,Sample Reddit post about GME - 🚀,109,54,109
2023-09-10,GME,Sample Reddit post about GME - 🚀🚀🚀,108,54,108
2023-09-11,GME,Sample Reddit post about GME - 🚀🚀🚀,108,54,108
2023-09-12,GME,Sample Reddit post about GME - 🚀🚀,111,55,111
2023-09-13,GME,Sample Reddit post about GME - 🚀🚀,96,48,96
2023-09-14,GME,Sample Reddit post about GME - 🚀🚀,100,50,100
2023-09-15,GME,Sample Reddit post about GME - 🚀🚀🚀,91,45,91
2023-09-16,GME,Sample Reddit post about GME - 🚀🚀,112,56,112
2023-09-17,GME,Sample Reddit post about GME - 🚀🚀,94,47,94
2023-09-18,GME,Sample Reddit post about GME - 🚀,106,53,106
2023-09-19,GME,Sample Reddit post about GME - 🚀🚀,107,53,107
2023-09-20,GME,Sample Reddit post about GME - 🚀🚀🚀,109,54,109
2023-09-21,GME,Sample Reddit post about GME - 🚀🚀🚀,88,44,88
2023-09-22,GME,Sample Reddit post about GME - 🚀,87,43,87
2023-09-23,GME,Sample Reddit post about GME - 🚀🚀,126,63,126
2023-09-24,GME,Sample Reddit post about GME - 🚀🚀,84,42,84
2023-09-25,GME,Sample Reddit post about GME - 🚀🚀🚀,115,57,115
2023-09-26,GME,Sample Reddit post about GME - 🚀🚀🚀,102,51,102
2023-09-27,GME,Sample Reddit post about GME - 🚀,98,49,98
2021-01-01,AMC,Sample Reddit post about AMC - 🚀,515,257,515
2021-01-02,AMC,Sample Reddit post about AMC - 🚀🚀🚀,88,44,88
2021-01-03,AMC,Sample Reddit post about AMC - 🚀🚀,103,51,103
2021-01-04,AMC,Sample Reddit post about AMC - 🚀🚀🚀,83,41,83
2021-01-05,AMC,Sample Reddit post about AMC - 🚀,112,56,112
2021-01-06,AMC,Sample Reddit post about AMC - 🚀,93,46,93
2021-01-07,AMC,Sample Reddit post about AMC - 🚀🚀,121,60,121
2021-01-08,AMC,Sample Reddit post about AMC - 🚀🚀,113,56,113
2021-01-09,AMC,Sample Reddit post about AMC - 🚀,94,47,94
2021-01-10,AMC,Sample Reddit post about AMC - 🚀🚀🚀,96,48,96
2021-01-11,AMC,Sample Reddit post about AMC - 🚀🚀,103,51,103
2021-01-12,AMC,Sample Reddit post about AMC - 🚀🚀🚀,95,47,95
2021-01-13,AMC,Sample Reddit post about AMC - 🚀🚀,107,53,107
2021-01-14,AMC,Sample Reddit post about AMC - 🚀🚀🚀,92,46,92
2021-01-15,AMC,Sample Reddit post about AMC - 🚀🚀,111,55,111
2021-01-16,AMC,Sample Reddit post about AMC - 🚀🚀🚀,103,51,103
2021-01-17,AMC,Sample Reddit post about AMC - 🚀,83,41,83
2021-01-18,AMC,Sample Reddit post about AMC - 🚀🚀🚀,93,46,93
2021-01-19,AMC,Sample Reddit post about AMC - 🚀🚀🚀,103,51,103
2021-01-20,AMC,Sample Reddit post about AMC - 🚀,96,48,96
2021-01-21,AMC,Sample Reddit post about AMC - 🚀🚀🚀,99,49,99
2021-01-22,AMC,Sample Reddit post about AMC - 🚀,85,42,85
2021-01-23,AMC,Sample Reddit post about AMC - 🚀🚀,93,46,93
2021-01-24,AMC,Sample Reddit post about AMC - 🚀,96,48,96
2021-01-25,AMC,Sample Reddit post about AMC - 🚀🚀🚀,102,51,102
2021-01-26,AMC,Sample Reddit post about AMC - 🚀,109,54,109
2021-01-27,AMC,Sample Reddit post about AMC - 🚀🚀🚀,98,49,98
2021-01-28,AMC,Sample Reddit post about AMC - 🚀🚀🚀,89,44,89
2021-01-29,AMC,Sample Reddit post about AMC - 🚀🚀,98,49,98
2021-01-30,AMC,Sample Reddit post about AMC - 🚀,91,45,91
2021-01-31,AMC,Sample Reddit post about AMC - 🚀,86,43,86
2021-02-01,AMC,Sample Reddit post about AMC - 🚀,96,48,96
2021-02-02,AMC,Sample Reddit post about AMC - 🚀,88,44,88
2021-02-03,AMC,Sample Reddit post about AMC - 🚀🚀,105,52,105
2021-02-04,AMC,Sample Reddit post about AMC - 🚀,69,34,69
2021-02-05,AMC,Sample Reddit post about AMC - 🚀,114,57,114
2021-02-06,AMC,Sample Reddit post about AMC - 🚀🚀,108,54,108
2021-02-07,AMC,Sample Reddit post about AMC - 🚀🚀,108,54,108
2021-02-08,AMC,Sample Reddit post about AMC - 🚀🚀,116,58,116
2021-02-09,AMC,Sample Reddit post about AMC - 🚀,111,55,111
2021-02-10,AMC,Sample Reddit post about AMC - 🚀🚀🚀,97,48,97
2021-02-11,AMC,Sample Reddit post about AMC - 🚀🚀,103,51,103
2021-02-12,AMC,Sample Reddit post about AMC - 🚀🚀🚀,98,49,98
2021-02-13,AMC,Sample Reddit post about AMC - 🚀,90,45,90
2021-02-14,AMC,Sample Reddit post about AMC - 🚀🚀,114,57,114
2021-02-15,AMC,Sample Reddit post about AMC - 🚀🚀,107,53,107
2021-02-16,AMC,Sample Reddit post about AMC - 🚀🚀🚀,88,44,88
2021-02-17,AMC,Sample Reddit post about AMC - 🚀🚀🚀,100,50,100
2021-02-18,AMC,Sample Reddit post about AMC - 🚀🚀,107,53,107
2021-02-19,AMC,Sample Reddit post about AMC - 🚀🚀,113,56,113
2021-02-20,AMC,Sample Reddit post about AMC - 🚀,460,230,460
2021-02-21,AMC,Sample Reddit post about AMC - 🚀🚀🚀,116,58,116
2021-02-22,AMC,Sample Reddit post about AMC - 🚀,106,53,106
2021-02-23,AMC,Sample Reddit post about AMC - 🚀🚀,102,51,102
2021-02-24,AMC,Sample Reddit post about AMC - 🚀,96,48,96
2021-02-25,AMC,Sample Reddit post about AMC - 🚀🚀,91,45,91
2021-02-26,AMC,Sample Reddit post about AMC - 🚀🚀🚀,107,53,107
2021-02-27,AMC,Sample Reddit post about AMC - 🚀🚀,98,49,98
2021-02-28,AMC,Sample Reddit post about AMC - 🚀,101,50,101
2021-03-01,AMC,Sample Reddit post about AMC - 🚀🚀🚀,109,54,109
2021-03-02,AMC,Sample Reddit post about AMC - 🚀🚀,95,47,95
2021-03-03,AMC,Sample Reddit post about AMC - 🚀,115,57,115
2021-03-04,AMC,Sample Reddit post about AMC - 🚀,110,55,110
2021-03-05,AMC,Sample Reddit post about AMC - 🚀🚀🚀,97,48,97
2021-03-06,AMC,Sample Reddit post about AMC - 🚀🚀🚀,111,55,111
2021-03-07,AMC,Sample Reddit post about AMC - 🚀🚀,93,46,93
2021-03-08,AMC,Sample Reddit post about AMC - 🚀🚀🚀,117,58,117
2021-03-09,AMC,Sample Reddit post about AMC - 🚀,88,44,88
2021-03-10,AMC,Sample Reddit post about AMC - 🚀🚀,92,46,92
2021-03-11,AMC,Sample Reddit post about AMC - 🚀🚀🚀,121,60,121
2021-03-12,AMC,Sample Reddit post about AMC - 🚀🚀,92,46,92
2021-03-13,AMC,Sample Reddit post about AMC - 🚀🚀🚀,110,55,110
2021-03-14,AMC,Sample Reddit post about AMC - 🚀🚀,96,48,96
2021-03-15,AMC,Sample Reddit post about AMC - 🚀🚀🚀,94,47,94
2021-03-16,AMC,Sample Reddit post about AMC - 🚀🚀,122,61,122
2021-03-17,AMC,Sample Reddit post about AMC - 🚀,104,52,104
2021-03-18,AMC,Sample Reddit post about AMC - 🚀🚀,96,48,96
2021-03-19,AMC,Sample Reddit post about AMC - 🚀🚀,86,43,86
2021-03-20,AMC,Sample Reddit post about AMC - 🚀,116,58,116
2021-03-21,AMC,Sample Reddit post about AMC - 🚀,102,51,102
2021-03-22,AMC,Sample Reddit post about AMC - 🚀,102,51,102
2021-03-23,AMC,Sample Reddit post about AMC - 🚀🚀,105,52,105
2021-03-24,AMC,Sample Reddit post about AMC - 🚀,91,45,91
2021-03-25,AMC,Sample Reddit post about AMC - 🚀🚀,103,51,103
2021-03-26,AMC,Sample Reddit post about AMC - 🚀,92,46,92
2021-03-27,AMC,Sample Reddit post about AMC - 🚀🚀🚀,96,48,96
2021-03-28,AMC,Sample Reddit post about AMC - 🚀,101,50,101
2021-03-29,AMC,Sample Reddit post about AMC - 🚀🚀,97,48,97
2021-03-30,AMC,Sample Reddit post about AMC - 🚀,95,47,95
2021-03-31,AMC,Sample Reddit post about AMC - 🚀🚀🚀,100,50,100
2021-04-01,AMC,Sample Reddit post about AMC - 🚀🚀🚀,91,45,91
2021-04-02,AMC,Sample Reddit post about AMC - 🚀🚀🚀,97,48,97
2021-04-03,AMC,Sample Reddit post about AMC - 🚀🚀,85,42,85
2021-04-04,AMC,Sample Reddit post about AMC - 🚀🚀,102,51,102
2021-04-05,AMC,Sample Reddit post about AMC - 🚀,86,43,86
2021-04-06,AMC,Sample Reddit post about AMC - 🚀,104,52,104
2021-04-07,AMC,Sample Reddit post about AMC - 🚀🚀🚀,131,65,131
2021-04-08,AMC,Sample Reddit post about AMC - 🚀🚀,112,56,112
2021-04-09,AMC,Sample Reddit post about AMC - 🚀🚀,84,42,84
2021-04-10,AMC,Sample Reddit post about AMC - 🚀🚀,103,51,103
2021-04-11,AMC,Sample Reddit post about AMC - 🚀,530,265,530
2021-04-12,AMC,Sample Reddit post about AMC - 🚀🚀🚀,102,51,102
2021-04-13,AMC,Sample Reddit post about AMC - 🚀🚀🚀,95,47,95
2021-04-14,AMC,Sample Reddit post about AMC - 🚀🚀🚀,95,47,95
2021-04-15,AMC,Sample Reddit post about AMC - 🚀,91,45,91
2021-04-16,AMC,Sample Reddit post about AMC - 🚀🚀🚀,93,46,93
2021-04-17,AMC,Sample Reddit post about AMC - 🚀🚀,98,49,98
2021-04-18,AMC,Sample Reddit post about AMC - 🚀,84,42,84
2021-04-19,AMC,Sample Reddit post about AMC - 🚀,94,47,94
2021-04-20,AMC,Sample Reddit post about AMC - 🚀🚀,114,57,114
2021-04-21,AMC,Sample Reddit post about AMC - 🚀🚀🚀,103,51,103
2021-04-22,AMC,Sample Reddit post about AMC - 🚀🚀🚀,113,56,113
2021-04-23,AMC,Sample Reddit post about AMC - 🚀🚀,98,49,98
2021-04-24,AMC,Sample Reddit post about AMC - 🚀🚀🚀,92,46,92
2021-04-25,AMC,Sample Reddit post about AMC - 🚀🚀,85,42,85
2021-04-26,AMC,Sample Reddit post about AMC - 🚀🚀,94,47,94
2021-04-27,AMC,Sample Reddit post about AMC - 🚀🚀,106,53,106
2021-04-28,AMC,Sample Reddit post about AMC - 🚀🚀,100,50,100
2021-04-29,AMC,Sample Reddit post about AMC - 🚀🚀,104,52,104
2021-04-30,AMC,Sample Reddit post about AMC - 🚀🚀🚀,101,50,101
2021-05-01,AMC,Sample Reddit post about AMC - 🚀🚀,102,51,102
2021-05-02,AMC,Sample Reddit post about AMC - 🚀🚀🚀,89,44,89
2021-05-03,AMC,Sample Reddit post about AMC - 🚀,101,50,101
2021-05-04,AMC,Sample Reddit post about AMC - 🚀🚀🚀,84,42,84
2021-05-05,AMC,Sample Reddit post about AMC - 🚀🚀🚀,103,51,103
2021-05-06,AMC,Sample Reddit post about AMC - 🚀🚀🚀,113,56,113
2021-05-07,AMC,Sample Reddit post about AMC - 🚀🚀,97,48,97
2021-05-08,AMC,Sample Reddit post about AMC - 🚀,94,47,94
2021-05-09,AMC,Sample Reddit post about AMC - 🚀,92,46,92
2021-05-10,AMC,Sample Reddit post about AMC - 🚀🚀,99,49,99
2021-05-11,AMC,Sample Reddit post about AMC - 🚀,94,47,94
2021-05-12,AMC,Sample Reddit post about AMC - 🚀🚀🚀,97,48,97
2021-05-13,AMC,Sample Reddit post about AMC - 🚀🚀🚀,90,45,90
2021-05-14,AMC,Sample Reddit post about AMC - 🚀🚀🚀,110,55,110
2021-05-15,AMC,Sample Reddit post about AMC - 🚀🚀,109,54,109
2021-05-16,AMC,Sample Reddit post about AMC - 🚀🚀🚀,101,50,101
2021-05-17,AMC,Sample Reddit post about AMC - 🚀,99,49,99
2021-05-18,AMC,Sample Reddit post about AMC - 🚀,100,50,100
2021-05-19,AMC,Sample Reddit post about AMC - 🚀,102,51,102
2021-05-20,AMC,Sample Reddit post about AMC - 🚀🚀🚀,91,45,91
2021-05-21,AMC,Sample Reddit post about AMC - 🚀,100,50,100
2021-05-22,AMC,Sample Reddit post about AMC - 🚀🚀🚀,115,57,115
2021-05-23,AMC,Sample Reddit post about AMC - 🚀🚀,92,46,92
2021-05-24,AMC,Sample Reddit post about AMC - 🚀🚀🚀,105,52,105
2021-05-25,AMC,Sample Reddit post about AMC - 🚀,90,45,90
2021-05-26,AMC,Sample Reddit post about AMC - 🚀,118,59,118
2021-05-27,AMC,Sample Reddit post about AMC - 🚀,95,47,95
2021-05-28,AMC,Sample Reddit post about AMC - 🚀🚀,79,39,79
2021-05-29,AMC,Sample Reddit post about AMC - 🚀🚀,87,43,87
2021-05-30,AMC,Sample Reddit post about AMC - 🚀🚀🚀,109,54,109
2021-05-31,AMC,Sample Reddit post about AMC - 🚀,490,245,490
2021-06-01,AMC,Sample Reddit post about AMC - 🚀,118,59,118
2021-06-02,AMC,Sample Reddit post about AMC - 🚀🚀🚀,99,49,99
2021-06-03,AMC,Sample Reddit post about AMC - 🚀🚀,104,52,104
2021-06-04,AMC,Sample Reddit post about AMC - 🚀🚀,106,53,106
2021-06-05,AMC,Sample Reddit post about AMC - 🚀🚀🚀,109,54,109
2021-06-06,AMC,Sample Reddit post about AMC - 🚀🚀🚀,103,51,103
2021-06-07,AMC,Sample Reddit post about AMC - 🚀🚀🚀,82,41,82
2021-06-08,AMC,Sample Reddit post about AMC - 🚀,123,61,123
2021-06-09,AMC,Sample Reddit post about AMC - 🚀,81,40,81
2021-06-10,AMC,Sample Reddit post about AMC - 🚀🚀,104,52,104
2021-06-11,AMC,Sample Reddit post about AMC - 🚀🚀🚀,93,46,93
2021-06-12,AMC,Sample Reddit post about AMC - 🚀🚀🚀,102,51,102
2021-06-13,AMC,Sample Reddit post about AMC - 🚀🚀,90,45,90
2021-06-14,AMC,Sample Reddit post about AMC - 🚀🚀,102,51,102
2021-06-15,AMC,Sample Reddit post about AMC - 🚀,121,60,121
2021-06-16,AMC,Sample Reddit post about AMC - 🚀,104,52,104
2021-06-17,AMC,Sample Reddit post about AMC - 🚀,96,48,96
2021-06-18,AMC,Sample Reddit post about AMC - 🚀,76,38,76
2021-06-19,AMC,Sample Reddit post about AMC - 🚀🚀,94,47,94
2021-06-20,AMC,Sample Reddit post about AMC - 🚀,91,45,91
2021-06-21,AMC,Sample Reddit post about AMC - 🚀🚀🚀,120,60,120
2021-06-22,AMC,Sample Reddit post about AMC - 🚀🚀,107,53,107
2021-06-23,AMC,Sample Reddit post about AMC - 🚀,97,48,97
2021-06-24,AMC,Sample Reddit post about AMC - 🚀🚀🚀,105,52,105
2021-06-25,AMC,Sample Reddit post about AMC - 🚀,99,49,99
2021-06-26,AMC,Sample Reddit post about AMC - 🚀🚀,88,44,88
2021-06-27,AMC,Sample Reddit post about AMC - 🚀,104,52,104
2021-06-28,AMC,Sample Reddit post about AMC - 🚀🚀,112,56,112
2021-06-29,AMC,Sample Reddit post about AMC - 🚀🚀,85,42,85
2021-06-30,AMC,Sample Reddit post about AMC - 🚀🚀🚀,97,48,97
2021-07-01,AMC,Sample Reddit post about AMC - 🚀🚀🚀,88,44,88
2021-07-02,AMC,Sample Reddit post about AMC - 🚀🚀,102,51,102
2021-07-03,AMC,Sample Reddit post about AMC - 🚀🚀,91,45,91
2021-07-04,AMC,Sample Reddit post about AMC - 🚀🚀🚀,109,54,109
2021-07-05,AMC,Sample Reddit post about AMC - 🚀🚀🚀,103,51,103
2021-07-06,AMC,Sample Reddit post about AMC - 🚀🚀🚀,96,48,96
2021-07-07,AMC,Sample Reddit post about AMC - 🚀🚀🚀,110,55,110
2021-07-08,AMC,Sample Reddit post about AMC - 🚀,88,44,88
2021-07-09,AMC,Sample Reddit post about AMC - 🚀,107,53,107
2021-07-10,AMC,Sample Reddit post about AMC - 🚀🚀🚀,125,62,125
2021-07-11,AMC,Sample Reddit post about AMC - 🚀,100,50,100
2021-07-12,AMC,Sample Reddit post about AMC - 🚀,87,43,87
2021-07-13,AMC,Sample Reddit post about AMC - 🚀🚀🚀,92,46,92
2021-07-14,AMC,Sample Reddit post about AMC - 🚀🚀,110,55,110
2021-07-15,AMC,Sample Reddit post about AMC - 🚀,92,46,92
2021-07-16,AMC,Sample Reddit post about AMC - 🚀🚀🚀,107,53,107
2021-07-17,AMC,Sample Reddit post about AMC - 🚀🚀,99,49,99
2021-07-18,AMC,Sample Reddit post about AMC - 🚀,112,56,112
2021-07-19,AMC,Sample Reddit post about AMC - 🚀🚀🚀,95,47,95
2021-07-20,AMC,Sample Reddit post about AMC - 🚀🚀,420,210,420
2021-07-21,AMC,Sample Reddit post about AMC - 🚀,79,39,79
2021-07-22,AMC,Sample Reddit post about AMC - 🚀🚀🚀,89,44,89
2021-07-23,AMC,Sample Reddit post about AMC - 🚀🚀,91,45,91
2021-07-24,AMC,Sample Reddit post about AMC - 🚀🚀,98,49,98
2021-07-25,AMC,Sample Reddit post about AMC - 🚀🚀,109,54,109
2021-07-26,AMC,Sample Reddit post about AMC - 🚀,81,40,81
2021-07-27,AMC,Sample Reddit post about AMC - 🚀,95,47,95
2021-07-28,AMC,Sample Reddit post about AMC - 🚀🚀🚀,94,47,94
2021-07-29,AMC,Sample Reddit post about AMC - 🚀🚀,111,55,111
2021-07-30,AMC,Sample Reddit post about AMC - 🚀🚀,100,50,100
2021-07-31,AMC,Sample Reddit post about AMC - 🚀,100,50,100
2021-08-01,AMC,Sample Reddit post about AMC - 🚀🚀,105,52,105
2021-08-02,AMC,Sample Reddit post about AMC - 🚀🚀🚀,111,55,111
2021-08-03,AMC,Sample Reddit post about AMC - 🚀,99,49,99
2021-08-04,AMC,Sample Reddit post about AMC - 🚀🚀,93,46,93
2021-08-05,AMC,Sample Reddit post about AMC - 🚀🚀🚀,109,54,109
2021-08-06,AMC,Sample Reddit post about AMC - 🚀🚀,90,45,90
2021-08-07,AMC,Sample Reddit post about AMC - 🚀🚀🚀,109,54,109
2021-08-08,AMC,Sample Reddit post about AMC - 🚀,99,49,99
2021-08-09,AMC,Sample Reddit post about AMC - 🚀🚀🚀,92,46,92
2021-08-10,AMC,Sample Reddit post about AMC - 🚀🚀,100,50,100
2021-08-11,AMC,Sample Reddit post about AMC - 🚀,101,50,101
2021-08-12,AMC,Sample Reddit post about AMC - 🚀,100,50,100
2021-08-13,AMC,Sample Reddit post about AMC - 🚀🚀,95,47,95
2021-08-14,AMC,Sample Reddit post about AMC - 🚀🚀,99,49,99
2021-08-15,AMC,Sample Reddit post about AMC - 🚀🚀,103,51,103
2021-08-16,AMC,Sample Reddit post about AMC - 🚀🚀,82,41,82
2021-08-17,AMC,Sample Reddit post about AMC - 🚀🚀🚀,109,54,109
2021-08-18,AMC,Sample Reddit post about AMC - 🚀,99,49,99
2021-08-19,AMC,Sample Reddit post about AMC - 🚀🚀,102,51,102
2021-08-20,AMC,Sample Reddit post about AMC - 🚀🚀🚀,89,44,89
2021-08-21,AMC,Sample Reddit post about AMC - 🚀,117,58,117
2021-08-22,AMC,Sample Reddit post about AMC - 🚀,89,44,89
2021-08-23,AMC,Sample Reddit post about AMC - 🚀🚀,108,54,108
2021-08-24,AMC,Sample Reddit post about AMC - 🚀🚀,107,53,107
2021-08-25,AMC,Sample Reddit post about AMC - 🚀🚀,92,46,92
2021-08-26,AMC,Sample Reddit post about AMC - 🚀,106,53,106
2021-08-27,AMC,Sample Reddit post about AMC - 🚀🚀,100,50,100
2021-08-28,AMC,Sample Reddit post about AMC - 🚀,101,50,101
2021-08-29,AMC,Sample Reddit post about AMC - 🚀🚀🚀,116,58,116
2021-08-30,AMC,Sample Reddit post about AMC - 🚀🚀🚀,94,47,94
2021-08-31,AMC,Sample Reddit post about AMC - 🚀,98,49,98
2021-09-01,AMC,Sample Reddit post about AMC - 🚀,108,54,108
2021-09-02,AMC,Sample Reddit post about AMC - 🚀,92,46,92
2021-09-03,AMC,Sample Reddit post about AMC - 🚀🚀🚀,100,50,100
2021-09-04,AMC,Sample Reddit post about AMC - 🚀,123,61,123
2021-09-05,AMC,Sample Reddit post about AMC - 🚀🚀🚀,97,48,97
2021-09-06,AMC,Sample Reddit post about AMC - 🚀,114,57,114
2021-09-07,AMC,Sample Reddit post about AMC - 🚀,109,54,109
2021-09-08,AMC,Sample Reddit post about AMC - 🚀🚀,705,352,705
2021-09-09,AMC,Sample Reddit post about AMC - 🚀,105,52,105
2021-09-10,AMC,Sample Reddit post about AMC - 🚀,107,53,107
2021-09-11,AMC,Sample Reddit post about AMC - 🚀,100,50,100
2021-09-12,AMC,Sample Reddit post about AMC - 🚀,102,51,102
2021-09-13,AMC,Sample Reddit post about AMC - 🚀🚀,100,50,100
2021-09-14,AMC,Sample Reddit post about AMC - 🚀🚀,101,50,101
2021-09-15,AMC,Sample Reddit post about AMC - 🚀,89,44,89
2021-09-16,AMC,Sample Reddit post about AMC - 🚀,88,44,88
2021-09-17,AMC,Sample Reddit post about AMC - 🚀🚀🚀,90,45,90
2021-09-18,AMC,Sample Reddit post about AMC - 🚀🚀,91,45,91
2021-09-19,AMC,Sample Reddit post about AMC - 🚀🚀🚀,106,53,106
2021-09-20,AMC,Sample Reddit post about AMC - 🚀,105,52,105
2021-09-21,AMC,Sample Reddit post about AMC - 🚀🚀🚀,103,51,103
2021-09-22,AMC,Sample Reddit post about AMC - 🚀🚀🚀,92,46,92
2021-09-23,AMC,Sample Reddit post about AMC - 🚀🚀🚀,102,51,102
2021-09-24,AMC,Sample Reddit post about AMC - 🚀,92,46,92
2021-09-25,AMC,Sample Reddit post about AMC - 🚀,92,46,92
2021-09-26,AMC,Sample Reddit post about AMC - 🚀🚀🚀,104,52,104
2021-09-27,AMC,Sample Reddit post about AMC - 🚀🚀🚀,96,48,96
2021-09-28,AMC,Sample Reddit post about AMC - 🚀🚀🚀,109,54,109
2021-09-29,AMC,Sample Reddit post about AMC - 🚀,86,43,86
2021-09-30,AMC,Sample Reddit post about AMC - 🚀🚀,92,46,92
2021-10-01,AMC,Sample Reddit post about AMC - 🚀,107,53,107
2021-10-02,AMC,Sample Reddit post about AMC - 🚀🚀,86,43,86
2021-10-03,AMC,Sample Reddit post about AMC - 🚀,100,50,100
2021-10-04,AMC,Sample Reddit post about AMC - 🚀🚀🚀,112,56,112
2021-10-05,AMC,Sample Reddit post about AMC - 🚀🚀,105,52,105
2021-10-06,AMC,Sample Reddit post about AMC - 🚀,105,52,105
2021-10-07,AMC,Sample Reddit post about AMC - 🚀,96,48,96
2021-10-08,AMC,Sample Reddit post about AMC - 🚀,94,47,94
2021-10-09,AMC,Sample Reddit post about AMC - 🚀🚀🚀,100,50,100
2021-10-10,AMC,Sample Reddit post about AMC - 🚀🚀,106,53,106
2021-10-11,AMC,Sample Reddit post about AMC - 🚀🚀🚀,95,47,95
2021-10-12,AMC,Sample Reddit post about AMC - 🚀🚀🚀,103,51,103
2021-10-13,AMC,Sample Reddit post about AMC - 🚀🚀🚀,95,47,95
2021-10-14,AMC,Sample Reddit post about AMC - 🚀🚀,114,57,114
2021-10-15,AMC,Sample Reddit post about AMC - 🚀🚀🚀,115,57,115
2021-10-16,AMC,Sample Reddit post about AMC - 🚀,112,56,112
2021-10-17,AMC,Sample Reddit post about AMC - 🚀,114,57,114
2021-10-18,AMC,Sample Reddit post about AMC - 🚀🚀,99,49,99
2021-10-19,AMC,Sample Reddit post about AMC - 🚀🚀🚀,100,50,100
2021-10-20,AMC,Sample Reddit post about AMC - 🚀🚀,94,47,94
2021-10-21,AMC,Sample Reddit post about AMC - 🚀🚀,117,58,117
2021-10-22,AMC,Sample Reddit post about AMC - 🚀,105,52,105
2021-10-23,AMC,Sample Reddit post about AMC - 🚀,116,58,116
2021-10-24,AMC,Sample Reddit post about AMC - 🚀🚀,108,54,108
2021-10-25,AMC,Sample Reddit post about AMC - 🚀,88,44,88
2021-10-26,AMC,Sample Reddit post about AMC - 🚀🚀,97,48,97
2021-10-27,AMC,Sample Reddit post about AMC - 🚀🚀,90,45,90
2021-10-28,AMC,Sample Reddit post about AMC - 🚀🚀🚀,540,270,540
2021-10-29,AMC,Sample Reddit post about AMC - 🚀🚀🚀,97,48,97
2021-10-30,AMC,Sample Reddit post about AMC - 🚀🚀🚀,86,43,86
2021-10-31,AMC,Sample Reddit post about AMC - 🚀🚀,80,40,80
2021-11-01,AMC,Sample Reddit post about AMC - 🚀🚀🚀,81,40,81
2021-11-02,AMC,Sample Reddit post about AMC - 🚀🚀,116,58,116
2021-11-03,AMC,Sample Reddit post about AMC - 🚀🚀,96,48,96
2021-11-04,AMC,Sample Reddit post about AMC - 🚀🚀🚀,87,43,87
2021-11-05,AMC,Sample Reddit post about AMC - 🚀🚀,104,52,104
2021-11-06,AMC,Sample Reddit post about AMC - 🚀🚀,108,54,108
2021-11-07,AMC,Sample Reddit post about AMC - 🚀🚀,105,52,105
2021-11-08,AMC,Sample Reddit post about AMC - 🚀,97,48,97
2021-11-09,AMC,Sample Reddit post about AMC - 🚀,87,43,87
2021-11-10,AMC,Sample Reddit post about AMC - 🚀🚀,96,48,96
2021-11-11,AMC,Sample Reddit post about AMC - 🚀🚀,86,43,86
2021-11-12,AMC,Sample Reddit post about AMC - 🚀🚀,102,51,102
2021-11-13,AMC,Sample Reddit post about AMC - 🚀,105,52,105
2021-11-14,AMC,Sample Reddit post about AMC - 🚀🚀,88,44,88
2021-11-15,AMC,Sample Reddit post about AMC - 🚀🚀,96,48,96
2021-11-16,AMC,Sample Reddit post about AMC - 🚀🚀,101,50,101
2021-11-17,AMC,Sample Reddit post about AMC - 🚀🚀🚀,106,53,106
2021-11-18,AMC,Sample Reddit post about AMC - 🚀,106,53,106
2021-11-19,AMC,Sample Reddit post about AMC - 🚀🚀,103,51,103
2021-11-20,AMC,Sample Reddit post about AMC - 🚀,87,43,87
2021-11-21,AMC,Sample Reddit post about AMC - 🚀,97,48,97
2021-11-22,AMC,Sample Reddit post about AMC - 🚀🚀,93,46,93
2021-11-23,AMC,Sample Reddit post about AMC - 🚀,107,53,107
2021-11-24,AMC,Sample Reddit post about AMC - 🚀🚀🚀,128,64,128
2021-11-25,AMC,Sample Reddit post about AMC - 🚀🚀,103,51,103
2021-11-26,AMC,Sample Reddit post about AMC - 🚀🚀,94,47,94
2021-11-27,AMC,Sample Reddit post about AMC - 🚀,105,52,105
2021-11-28,AMC,Sample Reddit post about AMC - 🚀🚀,86,43,86
2021-11-29,AMC,Sample Reddit post about AMC - 🚀,99,49,99
2021-11-30,AMC,Sample Reddit post about AMC - 🚀🚀🚀,88,44,88
2021-12-01,AMC,Sample Reddit post about AMC - 🚀🚀,129,64,129
2021-12-02,AMC,Sample Reddit post about AMC - 🚀,117,58,117
2021-12-03,AMC,Sample Reddit post about AMC - 🚀🚀,103,51,103
2021-12-04,AMC,Sample Reddit post about AMC - 🚀,99,49,99
2021-12-05,AMC,Sample Reddit post about AMC - 🚀,111,55,111
2021-12-06,AMC,Sample Reddit post about AMC - 🚀,98,49,98
2021-12-07,AMC,Sample Reddit post about AMC - 🚀🚀,95,47,95
2021-12-08,AMC,Sample Reddit post about AMC - 🚀,104,52,104
2021-12-09,AMC,Sample Reddit post about AMC - 🚀🚀,79,39,79
2021-12-10,AMC,Sample Reddit post about AMC - 🚀,73,36,73
2021-12-11,AMC,Sample Reddit post about AMC - 🚀,104,52,104
2021-12-12,AMC,Sample Reddit post about AMC - 🚀🚀🚀,81,40,81
2021-12-13,AMC,Sample Reddit post about AMC - 🚀🚀🚀,104,52,104
2021-12-14,AMC,Sample Reddit post about AMC - 🚀🚀,114,57,114
2021-12-15,AMC,Sample Reddit post about AMC - 🚀🚀,78,39,78
2021-12-16,AMC,Sample Reddit post about AMC - 🚀🚀,93,46,93
2021-12-17,AMC,Sample Reddit post about AMC - 🚀,475,237,475
2021-12-18,AMC,Sample Reddit post about AMC - 🚀🚀🚀,100,50,100
2021-12-19,AMC,Sample Reddit post about AMC - 🚀,94,47,94
2021-12-20,AMC,Sample Reddit post about AMC - 🚀,91,45,91
2021-12-21,AMC,Sample Reddit post about AMC - 🚀🚀,108,54,108
2021-12-22,AMC,Sample Reddit post about AMC - 🚀🚀,92,46,92
2021-12-23,AMC,Sample Reddit post about AMC - 🚀🚀🚀,105,52,105
2021-12-24,AMC,Sample Reddit post about AMC - 🚀,94,47,94
2021-12-25,AMC,Sample Reddit post about AMC - 🚀🚀🚀,93,46,93
2021-12-26,AMC,Sample Reddit post about AMC - 🚀,104,52,104
2021-12-27,AMC,Sample Reddit post about AMC - 🚀🚀,97,48,97
2021-12-28,AMC,Sample Reddit post about AMC - 🚀🚀🚀,91,45,91
2021-12-29,AMC,Sample Reddit post about AMC - 🚀,93,46,93
2021-12-30,AMC,Sample Reddit post about AMC - 🚀🚀,86,43,86
2021-12-31,AMC,Sample Reddit post about AMC - 🚀🚀🚀,106,53,106
2022-01-01,AMC,Sample Reddit post about AMC - 🚀,89,44,89
2022-01-02,AMC,Sample Reddit post about AMC - 🚀🚀🚀,99,49,99
2022-01-03,AMC,Sample Reddit post about AMC - 🚀🚀🚀,90,45,90
2022-01-04,AMC,Sample Reddit post about AMC - 🚀🚀,105,52,105
2022-01-05,AMC,Sample Reddit post about AMC - 🚀,118,59,118
2022-01-06,AMC,Sample Reddit post about AMC - 🚀🚀🚀,94,47,94
2022-01-07,AMC,Sample Reddit post about AMC - 🚀,83,41,83
2022-01-08,AMC,Sample Reddit post about AMC - 🚀🚀🚀,105,52,105
2022-01-09,AMC,Sample Reddit post about AMC - 🚀🚀,90,45,90
2022-01-10,AMC,Sample Reddit post about AMC - 🚀🚀🚀,103,51,103
2022-01-11,AMC,Sample Reddit post about AMC - 🚀,97,48,97
2022-01-12,AMC,Sample Reddit post about AMC - 🚀🚀,95,47,95
2022-01-13,AMC,Sample Reddit post about AMC - 🚀🚀,90,45,90
2022-01-14,AMC,Sample Reddit post about AMC - 🚀,108,54,108
2022-01-15,AMC,Sample Reddit post about AMC - 🚀🚀🚀,109,54,109
2022-01-16,AMC,Sample Reddit post about AMC - 🚀🚀🚀,83,41,83
2022-01-17,AMC,Sample Reddit post about AMC - 🚀🚀🚀,100,50,100
2022-01-18,AMC,Sample Reddit post about AMC - 🚀🚀,115,57,115
2022-01-19,AMC,Sample Reddit post about AMC - 🚀,99,49,99
2022-01-20,AMC,Sample Reddit post about AMC - 🚀,94,47,94
2022-01-21,AMC,Sample Reddit post about AMC - 🚀,91,45,91
2022-01-22,AMC,Sample Reddit post about AMC - 🚀🚀🚀,109,54,109
2022-01-23,AMC,Sample Reddit post about AMC - 🚀🚀🚀,110,55,110
2022-01-24,AMC,Sample Reddit post about AMC - 🚀🚀,111,55,111
2022-01-25,AMC,Sample Reddit post about AMC - 🚀🚀🚀,82,41,82
2022-01-26,AMC,Sample Reddit post about AMC - 🚀🚀🚀,89,44,89
2022-01-27,AMC,Sample Reddit post about AMC - 🚀🚀🚀,96,48,96
2022-01-28,AMC,Sample Reddit post about AMC - 🚀🚀🚀,102,51,102
2022-01-29,AMC,Sample Reddit post about AMC - 🚀🚀🚀,112,56,112
2022-01-30,AMC,Sample Reddit post about AMC - 🚀🚀,104,52,104
2022-01-31,AMC,Sample Reddit post about AMC - 🚀🚀,79,39,79
2022-02-01,AMC,Sample Reddit post about AMC - 🚀🚀🚀,87,43,87
2022-02-02,AMC,Sample Reddit post about AMC - 🚀🚀,85,42,85
2022-02-03,AMC,Sample Reddit post about AMC - 🚀🚀,106,53,106
2022-02-04,AMC,Sample Reddit post about AMC - 🚀🚀,108,54,108
2022-02-05,AMC,Sample Reddit post about AMC - 🚀,450,225,450
2022-02-06,AMC,Sample Reddit post about AMC - 🚀,114,57,114
2022-02-07,AMC,Sample Reddit post about AMC - 🚀🚀🚀,139,69,139
2022-02-08,AMC,Sample Reddit post about AMC - 🚀,94,47,94
2022-02-09,AMC,Sample Reddit post about AMC - 🚀🚀,94,47,94
2022-02-10,AMC,Sample Reddit post about AMC - 🚀🚀🚀,97,48,97
2022-02-11,AMC,Sample Reddit post about AMC - 🚀🚀🚀,93,46,93
2022-02-12,AMC,Sample Reddit post about AMC - 🚀🚀,105,52,105
2022-02-13,AMC,Sample Reddit post about AMC - 🚀🚀🚀,107,53,107
2022-02-14,AMC,Sample Reddit post about AMC - 🚀🚀,103,51,103
2022-02-15,AMC,Sample Reddit post about AMC - 🚀🚀,111,55,111
2022-02-16,AMC,Sample Reddit post about AMC - 🚀🚀🚀,105,52,105
2022-02-17,AMC,Sample Reddit post about AMC - 🚀🚀🚀,95,47,95
2022-02-18,AMC,Sample Reddit post about AMC - 🚀🚀🚀,102,51,102
2022-02-19,AMC,Sample Reddit post about AMC - 🚀,101,50,101
2022-02-20,AMC,Sample Reddit post about AMC - 🚀🚀,103,51,103
2022-02-21,AMC,Sample Reddit post about AMC - 🚀🚀🚀,102,51,102
2022-02-22,AMC,Sample Reddit post about AMC - 🚀🚀🚀,97,48,97
2022-02-23,AMC,Sample Reddit post about AMC - 🚀🚀,99,49,99
2022-02-24,AMC,Sample Reddit post about AMC - 🚀🚀🚀,96,48,96
2022-02-25,AMC,Sample Reddit post about AMC - 🚀🚀🚀,102,51,102
2022-02-26,AMC,Sample Reddit post about AMC - 🚀🚀,98,49,98
2022-02-27,AMC,Sample Reddit post about AMC - 🚀,114,57,114
2022-02-28,AMC,Sample Reddit post about AMC - 🚀🚀🚀,74,37,74
2022-03-01,AMC,Sample Reddit post about AMC - 🚀,112,56,112
2022-03-02,AMC,Sample Reddit post about AMC - 🚀,107,53,107
2022-03-03,AMC,Sample Reddit post about AMC - 🚀🚀🚀,89,44,89
2022-03-04,AMC,Sample Reddit post about AMC - 🚀🚀🚀,99,49,99
2022-03-05,AMC,Sample Reddit post about AMC - 🚀,81,40,81
2022-03-06,AMC,Sample Reddit post about AMC - 🚀,81,40,81
2022-03-07,AMC,Sample Reddit post about AMC - 🚀🚀,101,50,101
2022-03-08,AMC,Sample Reddit post about AMC - 🚀,95,47,95
2022-03-09,AMC,Sample Reddit post about AMC - 🚀🚀🚀,95,47,95
2022-03-10,AMC,Sample Reddit post about AMC - 🚀🚀🚀,113,56,113
2022-03-11,AMC,Sample Reddit post about AMC - 🚀🚀🚀,97,48,97
2022-03-12,AMC,Sample Reddit post about AMC - 🚀,96,48,96
2022-03-13,AMC,Sample Reddit post about AMC - 🚀🚀,89,44,89
2022-03-14,AMC,Sample Reddit post about AMC - 🚀,106,53,106
2022-03-15,AMC,Sample Reddit post about AMC - 🚀🚀,103,51,103
2022-03-16,AMC,Sample Reddit post about AMC - 🚀🚀,112,56,112
2022-03-17,AMC,Sample Reddit post about AMC - 🚀,105,52,105
2022-03-18,AMC,Sample Reddit post about AMC - 🚀🚀🚀,102,51,102
2022-03-19,AMC,Sample Reddit post about AMC - 🚀🚀🚀,95,47,95
2022-03-20,AMC,Sample Reddit post about AMC - 🚀🚀🚀,92,46,92
2022-03-21,AMC,Sample Reddit post about AMC - 🚀🚀,95,47,95
2022-03-22,AMC,Sample Reddit post about AMC - 🚀🚀🚀,103,51,103
2022-03-23,AMC,Sample Reddit post about AMC - 🚀🚀🚀,96,48,96
2022-03-24,AMC,Sample Reddit post about AMC - 🚀,100,50,100
2022-03-25,AMC,Sample Reddit post about AMC - 🚀,106,53,106
2022-03-26,AMC,Sample Reddit post about AMC - 🚀🚀,90,45,90
2022-03-27,AMC,Sample Reddit post about AMC - 🚀,470,235,470
2022-03-28,AMC,Sample Reddit post about AMC - 🚀,114,57,114
2022-03-29,AMC,Sample Reddit post about AMC - 🚀🚀🚀,106,53,106
2022-03-30,AMC,Sample Reddit post about AMC - 🚀🚀,101,50,101
2022-03-31,AMC,Sample Reddit post about AMC - 🚀🚀,105,52,105
2022-04-01,AMC,Sample Reddit post about AMC - 🚀,106,53,106
2022-04-02,AMC,Sample Reddit post about AMC - 🚀🚀🚀,108,54,108
2022-04-03,AMC,Sample Reddit post about AMC - 🚀🚀🚀,89,44,89
2022-04-04,AMC,Sample Reddit post about AMC - 🚀🚀🚀,96,48,96
2022-04-05,AMC,Sample Reddit post about AMC - 🚀🚀🚀,100,50,100
2022-04-06,AMC,Sample Reddit post about AMC - 🚀🚀🚀,90,45,90
2022-04-07,AMC,Sample Reddit post about AMC - 🚀🚀,116,58,116
2022-04-08,AMC,Sample Reddit post about AMC - 🚀🚀,93,46,93
2022-04-09,AMC,Sample Reddit post about AMC - 🚀🚀,115,57,115
2022-04-10,AMC,Sample Reddit post about AMC - 🚀🚀,94,47,94
2022-04-11,AMC,Sample Reddit post about AMC - 🚀🚀,129,64,129
2022-04-12,AMC,Sample Reddit post about AMC - 🚀🚀,105,52,105
2022-04-13,AMC,Sample Reddit post about AMC - 🚀,90,45,90
2022-04-14,AMC,Sample Reddit post about AMC - 🚀🚀,112,56,112
2022-04-15,AMC,Sample Reddit post about AMC - 🚀🚀,98,49,98
2022-04-16,AMC,Sample Reddit post about AMC - 🚀🚀,103,51,103
2022-04-17,AMC,Sample Reddit post about AMC - 🚀🚀🚀,98,49,98
2022-04-18,AMC,Sample Reddit post about AMC - 🚀,109,54,109
2022-04-19,AMC,Sample Reddit post about AMC - 🚀,109,54,109
2022-04-20,AMC,Sample Reddit post about AMC - 🚀🚀🚀,88,44,88
2022-04-21,AMC,Sample Reddit post about AMC - 🚀🚀,88,44,88
2022-04-22,AMC,Sample Reddit post about AMC - 🚀🚀🚀,103,51,103
2022-04-23,AMC,Sample Reddit post about AMC - 🚀,114,57,114
2022-04-24,AMC,Sample Reddit post about AMC - 🚀,103,51,103
2022-04-25,AMC,Sample Reddit post about AMC - 🚀🚀,107,53,107
2022-04-26,AMC,Sample Reddit post about AMC - 🚀🚀🚀,100,50,100
2022-04-27,AMC,Sample Reddit post about AMC - 🚀,108,54,108
2022-04-28,AMC,Sample Reddit post about AMC - 🚀,99,49,99
2022-04-29,AMC,Sample Reddit post about AMC - 🚀🚀🚀,94,47,94
2022-04-30,AMC,Sample Reddit post about AMC - 🚀🚀,117,58,117
2022-05-01,AMC,Sample Reddit post about AMC - 🚀🚀,100,50,100
2022-05-02,AMC,Sample Reddit post about AMC - 🚀🚀🚀,80,40,80
2022-05-03,AMC,Sample Reddit post about AMC - 🚀🚀,93,46,93
2022-05-04,AMC,Sample Reddit post about AMC - 🚀🚀,86,43,86
2022-05-05,AMC,Sample Reddit post about AMC - 🚀🚀🚀,112,56,112
2022-05-06,AMC,Sample Reddit post about AMC - 🚀,97,48,97
2022-05-07,AMC,Sample Reddit post about AMC - 🚀🚀🚀,100,50,100
2022-05-08,AMC,Sample Reddit post about AMC - 🚀,93,46,93
2022-05-09,AMC,Sample Reddit post about AMC - 🚀🚀,89,44,89
2022-05-10,AMC,Sample Reddit post about AMC - 🚀🚀🚀,110,55,110
2022-05-11,AMC,Sample Reddit post about AMC - 🚀🚀,88,44,88
2022-05-12,AMC,Sample Reddit post about AMC - 🚀🚀,89,44,89
2022-05-13,AMC,Sample Reddit post about AMC - 🚀,103,51,103
2022-05-14,AMC,Sample Reddit post about AMC - 🚀🚀🚀,95,47,95
2022-05-15,AMC,Sample Reddit post about AMC - 🚀🚀🚀,94,47,94
2022-05-16,AMC,Sample Reddit post about AMC - 🚀🚀🚀,440,220,440
2022-05-17,AMC,Sample Reddit post about AMC - 🚀,82,41,82
2022-05-18,AMC,Sample Reddit post about AMC - 🚀,108,54,108
2022-05-19,AMC,Sample Reddit post about AMC - 🚀🚀🚀,118,59,118
2022-05-20,AMC,Sample Reddit post about AMC - 🚀🚀,88,44,88
2022-05-21,AMC,Sample Reddit post about AMC - 🚀🚀,101,50,101
2022-05-22,AMC,Sample Reddit post about AMC - 🚀🚀🚀,94,47,94
2022-05-23,AMC,Sample Reddit post about AMC - 🚀🚀🚀,102,51,102
2022-05-24,AMC,Sample Reddit post about AMC - 🚀🚀🚀,107,53,107
2022-05-25,AMC,Sample Reddit post about AMC - 🚀,115,57,115
2022-05-26,AMC,Sample Reddit post about AMC - 🚀🚀🚀,101,50,101
2022-05-27,AMC,Sample Reddit post about AMC - 🚀🚀,100,50,100
2022-05-28,AMC,Sample Reddit post about AMC - 🚀,98,49,98
2022-05-29,AMC,Sample Reddit post about AMC - 🚀🚀,112,56,112
2022-05-30,AMC,Sample Reddit post about AMC - 🚀,97,48,97
2022-05-31,AMC,Sample Reddit post about AMC - 🚀,116,58,116
2022-06-01,AMC,Sample Reddit post about AMC - 🚀,111,55,111
2022-06-02,AMC,Sample Reddit post about AMC - 🚀,101,50,101
2022-06-03,AMC,Sample Reddit post about AMC - 🚀🚀,86,43,86
2022-06-04,AMC,Sample Reddit post about AMC - 🚀🚀,97,48,97
2022-06-05,AMC,Sample Reddit post about AMC - 🚀,86,43,86
2022-06-06,AMC,Sample Reddit post about AMC - 🚀,94,47,94
2022-06-07,AMC,Sample Reddit post about AMC - 🚀🚀,104,52,104
2022-06-08,AMC,Sample Reddit post about AMC - 🚀,118,59,118
2022-06-09,AMC,Sample Reddit post about AMC - 🚀🚀🚀,100,50,100
2022-06-10,AMC,Sample Reddit post about AMC - 🚀,90,45,90
2022-06-11,AMC,Sample Reddit post about AMC - 🚀,94,47,94
2022-06-12,AMC,Sample Reddit post about AMC - 🚀,81,40,81
2022-06-13,AMC,Sample Reddit post about AMC - 🚀,106,53,106
2022-06-14,AMC,Sample Reddit post about AMC - 🚀,114,57,114
2022-06-15,AMC,Sample Reddit post about AMC - 🚀🚀,119,59,119
2022-06-16,AMC,Sample Reddit post about AMC - 🚀🚀🚀,86,43,86
2022-06-17,AMC,Sample Reddit post about AMC - 🚀🚀🚀,97,48,97
2022-06-18,AMC,Sample Reddit post about AMC - 🚀,116,58,116
2022-06-19,AMC,Sample Reddit post about AMC - 🚀🚀,102,51,102
2022-06-20,AMC,Sample Reddit post about AMC - 🚀🚀🚀,110,55,110
2022-06-21,AMC,Sample Reddit post about AMC - 🚀🚀🚀,93,46,93
2022-06-22,AMC,Sample Reddit post about AMC - 🚀🚀🚀,101,50,101
2022-06-23,AMC,Sample Reddit post about AMC - 🚀🚀,94,47,94
2022-06-24,AMC,Sample Reddit post about AMC - 🚀,114,57,114
2022-06-25,AMC,Sample Reddit post about AMC - 🚀,99,49,99
2022-06-26,AMC,Sample Reddit post about AMC - 🚀🚀,95,47,95
2022-06-27,AMC,Sample Reddit post about AMC - 🚀,97,48,97
2022-06-28,AMC,Sample Reddit post about AMC - 🚀🚀,111,55,111
2022-06-29,AMC,Sample Reddit post about AMC - 🚀🚀🚀,94,47,94
2022-06-30,AMC,Sample Reddit post about AMC - 🚀🚀🚀,80,40,80
2022-07-01,AMC,Sample Reddit post about AMC - 🚀🚀🚀,90,45,90
2022-07-02,AMC,Sample Reddit post about AMC - 🚀🚀🚀,81,40,81
2022-07-03,AMC,Sample Reddit post about AMC - 🚀🚀🚀,102,51,102
2022-07-04,AMC,Sample Reddit post about AMC - 🚀🚀🚀,114,57,114
2022-07-05,AMC,Sample Reddit post about AMC - 🚀,450,225,450
2022-07-06,AMC,Sample Reddit post about AMC - 🚀,100,50,100
2022-07-07,AMC,Sample Reddit post about AMC - 🚀,109,54,109
2022-07-08,AMC,Sample Reddit post about AMC - 🚀🚀🚀,101,50,101
2022-07-09,AMC,Sample Reddit post about AMC - 🚀🚀🚀,96,48,96
2022-07-10,AMC,Sample Reddit post about AMC - 🚀,113,56,113
2022-07-11,AMC,Sample Reddit post about AMC - 🚀,102,51,102
2022-07-12,AMC,Sample Reddit post about AMC - 🚀🚀🚀,85,42,85
2022-07-13,AMC,Sample Reddit post about AMC - 🚀,100,50,100
2022-07-14,AMC,Sample Reddit post about AMC - 🚀🚀,103,51,103
2022-07-15,AMC,Sample Reddit post about AMC - 🚀🚀🚀,99,49,99
2022-07-16,AMC,Sample Reddit post about AMC - 🚀,102,51,102
2022-07-17,AMC,Sample Reddit post about AMC - 🚀🚀,114,57,114
2022-07-18,AMC,Sample Reddit post about AMC - 🚀🚀🚀,84,42,84
2022-07-19,AMC,Sample Reddit post about AMC - 🚀,107,53,107
2022-07-20,AMC,Sample Reddit post about AMC - 🚀,99,49,99
2022-07-21,AMC,Sample Reddit post about AMC - 🚀🚀,97,48,97
2022-07-22,AMC,Sample Reddit post about AMC - 🚀,99,49,99
2022-07-23,AMC,Sample Reddit post about AMC - 🚀🚀🚀,76,38,76
2022-07-24,AMC,Sample Reddit post about AMC - 🚀🚀🚀,120,60,120
2022-07-25,AMC,Sample Reddit post about AMC - 🚀🚀🚀,92,46,92
2022-07-26,AMC,Sample Reddit post about AMC - 🚀🚀🚀,113,56,113
2022-07-27,AMC,Sample Reddit post about AMC - 🚀,99,49,99
2022-07-28,AMC,Sample Reddit post about AMC - 🚀🚀,94,47,94
2022-07-29,AMC,Sample Reddit post about AMC - 🚀🚀🚀,100,50,100
2022-07-30,AMC,Sample Reddit post about AMC - 🚀,100,50,100
2022-07-31,AMC,Sample Reddit post about AMC - 🚀🚀,109,54,109
2022-08-01,AMC,Sample Reddit post about AMC - 🚀🚀,100,50,100
2022-08-02,AMC,Sample Reddit post about AMC - 🚀🚀,99,49,99
2022-08-03,AMC,Sample Reddit post about AMC - 🚀,113,56,113
2022-08-04,AMC,Sample Reddit post about AMC - 🚀🚀,90,45,90
2022-08-05,AMC,Sample Reddit post about AMC - 🚀🚀,102,51,102
2022-08-06,AMC,Sample Reddit post about AMC - 🚀,99,49,99
2022-08-07,AMC,Sample Reddit post about AMC - 🚀🚀🚀,93,46,93
2022-08-08,AMC,Sample Reddit post about AMC - 🚀🚀🚀,100,50,100
2022-08-09,AMC,Sample Reddit post about AMC - 🚀🚀🚀,91,45,91
2022-08-10,AMC,Sample Reddit post about AMC - 🚀,95,47,95
2022-08-11,AMC,Sample Reddit post about AMC - 🚀,101,50,101
2022-08-12,AMC,Sample Reddit post about AMC - 🚀,111,55,111
2022-08-13,AMC,Sample Reddit post about AMC - 🚀🚀🚀,103,51,103
2022-08-14,AMC,Sample Reddit post about AMC - 🚀,107,53,107
2022-08-15,AMC,Sample Reddit post about AMC - 🚀,99,49,99
2022-08-16,AMC,Sample Reddit post about AMC - 🚀,102,51,102
2022-08-17,AMC,Sample Reddit post about AMC - 🚀,94,47,94
2022-08-18,AMC,Sample Reddit post about AMC - 🚀🚀🚀,115,57,115
2022-08-19,AMC,Sample Reddit post about AMC - 🚀,105,52,105
2022-08-20,AMC,Sample Reddit post about AMC - 🚀🚀🚀,91,45,91
2022-08-21,AMC,Sample Reddit post about AMC - 🚀,112,56,112
2022-08-22,AMC,Sample Reddit post about AMC - 🚀🚀,94,47,94
2022-08-23,AMC,Sample Reddit post about AMC - 🚀🚀🚀,108,54,108
2022-08-24,AMC,Sample Reddit post about AMC - 🚀🚀,545,272,545
2022-08-25,AMC,Sample Reddit post about AMC - 🚀🚀🚀,98,49,98
2022-08-26,AMC,Sample Reddit post about AMC - 🚀🚀,107,53,107
2022-08-27,AMC,Sample Reddit post about AMC - 🚀🚀,108,54,108
2022-08-28,AMC,Sample Reddit post about AMC - 🚀🚀🚀,121,60,121
2022-08-29,AMC,Sample Reddit post about AMC - 🚀,111,55,111
2022-08-30,AMC,Sample Reddit post about AMC - 🚀🚀🚀,95,47,95
2022-08-31,AMC,Sample Reddit post about AMC - 🚀,88,44,88
2022-09-01,AMC,Sample Reddit post about AMC - 🚀🚀🚀,88,44,88
2022-09-02,AMC,Sample Reddit post about AMC - 🚀🚀🚀,90,45,90
2022-09-03,AMC,Sample Reddit post about AMC - 🚀🚀,118,59,118
2022-09-04,AMC,Sample Reddit post about AMC - 🚀,110,55,110
2022-09-05,AMC,Sample Reddit post about AMC - 🚀🚀🚀,114,57,114
2022-09-06,AMC,Sample Reddit post about AMC - 🚀,97,48,97
2022-09-07,AMC,Sample Reddit post about AMC - 🚀🚀,100,50,100
2022-09-08,AMC,Sample Reddit post about AMC - 🚀🚀🚀,95,47,95
2022-09-09,AMC,Sample Reddit post about AMC - 🚀🚀🚀,102,51,102
2022-09-10,AMC,Sample Reddit post about AMC - 🚀🚀,108,54,108
2022-09-11,AMC,Sample Reddit post about AMC - 🚀,87,43,87
2022-09-12,AMC,Sample Reddit post about AMC - 🚀🚀🚀,106,53,106
2022-09-13,AMC,Sample Reddit post about AMC - 🚀🚀🚀,94,47,94
2022-09-14,AMC,Sample Reddit post about AMC - 🚀,105,52,105
2022-09-15,AMC,Sample Reddit post about AMC - 🚀🚀,104,52,104
2022-09-16,AMC,Sample Reddit post about AMC - 🚀🚀,119,59,119
2022-09-17,AMC,Sample Reddit post about AMC - 🚀,107,53,107
2022-09-18,AMC,Sample Reddit post about AMC - 🚀🚀🚀,94,47,94
2022-09-19,AMC,Sample Reddit post about AMC - 🚀,94,47,94
2022-09-20,AMC,Sample Reddit post about AMC - 🚀🚀,106,53,106
2022-09-21,AMC,Sample Reddit post about AMC - 🚀,109,54,109
2022-09-22,AMC,Sample Reddit post about AMC - 🚀,86,43,86
2022-09-23,AMC,Sample Reddit post about AMC - 🚀🚀🚀,94,47,94
2022-09-24,AMC,Sample Reddit post about AMC - 🚀🚀,87,43,87
2022-09-25,AMC,Sample Reddit post about AMC - 🚀,104,52,104
2022-09-26,AMC,Sample Reddit post about AMC - 🚀🚀,94,47,94
2022-09-27,AMC,Sample Reddit post about AMC - 🚀🚀,98,49,98
2022-09-28,AMC,Sample Reddit post about AMC - 🚀🚀,106,53,106
2022-09-29,AMC,Sample Reddit post about AMC - 🚀🚀🚀,107,53,107
2022-09-30,AMC,Sample Reddit post about AMC - 🚀🚀🚀,110,55,110
2022-10-01,AMC,Sample Reddit post about AMC - 🚀🚀,109,54,109
2022-10-02,AMC,Sample Reddit post about AMC - 🚀🚀🚀,104,52,104
2022-10-03,AMC,Sample Reddit post about AMC - 🚀🚀🚀,110,55,110
2022-10-04,AMC,Sample Reddit post about AMC - 🚀🚀🚀,96,48,96
2022-10-05,AMC,Sample Reddit post about AMC - 🚀,103,51,103
2022-10-06,AMC,Sample Reddit post about AMC - 🚀🚀,106,53,106
2022-10-07,AMC,Sample Reddit post about AMC - 🚀🚀,123,61,123
2022-10-08,AMC,Sample Reddit post about AMC - 🚀🚀,98,49,98
2022-10-09,AMC,Sample Reddit post about AMC - 🚀🚀🚀,84,42,84
2022-10-10,AMC,Sample Reddit post about AMC - 🚀,114,57,114
2022-10-11,AMC,Sample Reddit post about AMC - 🚀,104,52,104
2022-10-12,AMC,Sample Reddit post about AMC - 🚀,118,59,118
2022-10-13,AMC,Sample Reddit post about AMC - 🚀🚀,435,217,435
2022-10-14,AMC,Sample Reddit post about AMC - 🚀🚀,98,49,98
2022-10-15,AMC,Sample Reddit post about AMC - 🚀🚀,108,54,108
2022-10-16,AMC,Sample Reddit post about AMC - 🚀🚀,98,49,98
2022-10-17,AMC,Sample Reddit post about AMC - 🚀🚀,106,53,106
2022-10-18,AMC,Sample Reddit post about AMC - 🚀,107,53,107
2022-10-19,AMC,Sample Reddit post about AMC - 🚀🚀,120,60,120
2022-10-20,AMC,Sample Reddit post about AMC - 🚀,102,51,102
2022-10-21,AMC,Sample Reddit post about AMC - 🚀🚀,78,39,78
2022-10-22,AMC,Sample Reddit post about AMC - 🚀,103,51,103
2022-10-23,AMC,Sample Reddit post about AMC - 🚀🚀🚀,103,51,103
2022-10-24,AMC,Sample Reddit post about AMC - 🚀🚀,96,48,96
2022-10-25,AMC,Sample Reddit post about AMC - 🚀,84,42,84
2022-10-26,AMC,Sample Reddit post about AMC - 🚀🚀,102,51,102
2022-10-27,AMC,Sample Reddit post about AMC - 🚀🚀,101,50,101
2022-10-28,AMC,Sample Reddit post about AMC - 🚀🚀🚀,110,55,110
2022-10-29,AMC,Sample Reddit post about AMC - 🚀,96,48,96
2022-10-30,AMC,Sample Reddit post about AMC - 🚀🚀,88,44,88
2022-10-31,AMC,Sample Reddit post about AMC - 🚀🚀🚀,93,46,93
2022-11-01,AMC,Sample Reddit post about AMC - 🚀🚀,77,38,77
2022-11-02,AMC,Sample Reddit post about AMC - 🚀,101,50,101
2022-11-03,AMC,Sample Reddit post about AMC - 🚀🚀🚀,92,46,92
2022-11-04,AMC,Sample Reddit post about AMC - 🚀🚀🚀,98,49,98
2022-11-05,AMC,Sample Reddit post about AMC - 🚀🚀🚀,99,49,99
2022-11-06,AMC,Sample Reddit post about AMC - 🚀🚀,79,39,79
2022-11-07,AMC,Sample Reddit post about AMC - 🚀🚀,91,45,91
2022-11-08,AMC,Sample Reddit post about AMC - 🚀🚀🚀,116,58,116
2022-11-09,AMC,Sample Reddit post about AMC - 🚀🚀🚀,107,53,107
2022-11-10,AMC,Sample Reddit post about AMC - 🚀🚀🚀,112,56,112
2022-11-11,AMC,Sample Reddit post about AMC - 🚀,98,49,98
2022-11-12,AMC,Sample Reddit post about AMC - 🚀,117,58,117
2022-11-13,AMC,Sample Reddit post about AMC - 🚀,87,43,87
2022-11-14,AMC,Sample Reddit post about AMC - 🚀🚀🚀,110,55,110
2022-11-15,AMC,Sample Reddit post about AMC - 🚀🚀🚀,99,49,99
2022-11-16,AMC,Sample Reddit post about AMC - 🚀🚀🚀,106,53,106
2022-11-17,AMC,Sample Reddit post about AMC - 🚀🚀🚀,88,44,88
2022-11-18,AMC,Sample Reddit post about AMC - 🚀🚀,100,50,100
2022-11-19,AMC,Sample Reddit post about AMC - 🚀🚀🚀,86,43,86
2022-11-20,AMC,Sample Reddit post about AMC - 🚀🚀🚀,83,41,83
2022-11-21,AMC,Sample Reddit post about AMC - 🚀🚀🚀,72,36,72
2022-11-22,AMC,Sample Reddit post about AMC - 🚀🚀,104,52,104
2022-11-23,AMC,Sample Reddit post about AMC - 🚀🚀🚀,108,54,108
2022-11-24,AMC,Sample Reddit post about AMC - 🚀🚀🚀,106,53,106
2022-11-25,AMC,Sample Reddit post about AMC - 🚀🚀🚀,94,47,94
2022-11-26,AMC,Sample Reddit post about AMC - 🚀🚀🚀,97,48,97
2022-11-27,AMC,Sample Reddit post about AMC - 🚀🚀🚀,102,51,102
2022-11-28,AMC,Sample Reddit post about AMC - 🚀,100,50,100
2022-11-29,AMC,Sample Reddit post about AMC - 🚀,104,52,104
2022-11-30,AMC,Sample Reddit post about AMC - 🚀,81,40,81
2022-12-01,AMC,Sample Reddit post about AMC - 🚀🚀,105,52,105
2022-12-02,AMC,Sample Reddit post about AMC - 🚀,480,240,480
2022-12-03,AMC,Sample Reddit post about AMC - 🚀🚀,114,57,114
2022-12-04,AMC,Sample Reddit post about AMC - 🚀🚀,88,44,88
2022-12-05,AMC,Sample Reddit post about AMC - 🚀🚀,93,46,93
2022-12-06,AMC,Sample Reddit post about AMC - 🚀🚀🚀,103,51,103
2022-12-07,AMC,Sample Reddit post about AMC - 🚀🚀🚀,83,41,83
2022-12-08,AMC,Sample Reddit post about AMC - 🚀🚀🚀,100,50,100
2022-12-09,AMC,Sample Reddit post about AMC - 🚀🚀🚀,105,52,105
2022-12-10,AMC,Sample Reddit post about AMC - 🚀🚀,89,44,89
2022-12-11,AMC,Sample Reddit post about AMC - 🚀,101,50,101
2022-12-12,AMC,Sample Reddit post about AMC - 🚀,87,43,87
2022-12-13,AMC,Sample Reddit post about AMC - 🚀🚀🚀,100,50,100
2022-12-14,AMC,Sample Reddit post about AMC - 🚀,76,38,76
2022-12-15,AMC,Sample Reddit post about AMC - 🚀,104,52,104
2022-12-16,AMC,Sample Reddit post about AMC - 🚀🚀🚀,89,44,89
2022-12-17,AMC,Sample Reddit post about AMC - 🚀🚀,105,52,105
2022-12-18,AMC,Sample Reddit post about AMC - 🚀,87,43,87
2022-12-19,AMC,Sample Reddit post about AMC - 🚀🚀🚀,111,55,111
2022-12-20,AMC,Sample Reddit post about AMC - 🚀🚀🚀,107,53,107
2022-12-21,AMC,Sample Reddit post about AMC - 🚀,92,46,92
2022-12-22,AMC,Sample Reddit post about AMC - 🚀🚀,111,55,111
2022-12-23,AMC,Sample Reddit post about AMC - 🚀,87,43,87
2022-12-24,AMC,Sample Reddit post about AMC - 🚀,101,50,101
2022-12-25,AMC,Sample Reddit post about AMC - 🚀🚀🚀,85,42,85
2022-12-26,AMC,Sample Reddit post about AMC - 🚀,94,47,94
2022-12-27,AMC,Sample Reddit post about AMC - 🚀,91,45,91
2022-12-28,AMC,Sample Reddit post about AMC - 🚀🚀,99,49,99
2022-12-29,AMC,Sample Reddit post about AMC - 🚀🚀,107,53,107
2022-12-30,AMC,Sample Reddit post about AMC - 🚀,94,47,94
2022-12-31,AMC,Sample Reddit post about AMC - 🚀🚀🚀,101,50,101
2023-01-01,AMC,Sample Reddit post about AMC - 🚀🚀🚀,108,54,108
2023-01-02,AMC,Sample Reddit post about AMC - 🚀🚀,103,51,103
2023-01-03,AMC,Sample Reddit post about AMC - 🚀🚀🚀,99,49,99
2023-01-04,AMC,Sample Reddit post about AMC - 🚀🚀🚀,111,55,111
2023-01-05,AMC,Sample Reddit post about AMC - 🚀🚀🚀,84,42,84
2023-01-06,AMC,Sample Reddit post about AMC - 🚀🚀,95,47,95
2023-01-07,AMC,Sample Reddit post about AMC - 🚀🚀🚀,94,47,94
2023-01-08,AMC,Sample Reddit post about AMC - 🚀,100,50,100
2023-01-09,AMC,Sample Reddit post about AMC - 🚀🚀,105,52,105
2023-01-10,AMC,Sample Reddit post about AMC - 🚀🚀,94,47,94
2023-01-11,AMC,Sample Reddit post about AMC - 🚀🚀🚀,107,53,107
2023-01-12,AMC,Sample Reddit post about AMC - 🚀🚀,114,57,114
2023-01-13,AMC,Sample Reddit post about AMC - 🚀🚀,96,48,96
2023-01-14,AMC,Sample Reddit post about AMC - 🚀🚀,111,55,111
2023-01-15,AMC,Sample Reddit post about AMC - 🚀🚀,99,49,99
2023-01-16,AMC,Sample Reddit post about AMC - 🚀,98,49,98
2023-01-17,AMC,Sample Reddit post about AMC - 🚀🚀🚀,82,41,82
2023-01-18,AMC,Sample Reddit post about AMC - 🚀🚀🚀,102,51,102
2023-01-19,AMC,Sample Reddit post about AMC - 🚀,90,45,90
2023-01-20,AMC,Sample Reddit post about AMC - 🚀,104,52,104
2023-01-21,AMC,Sample Reddit post about AMC - 🚀🚀,435,217,435
2023-01-22,AMC,Sample Reddit post about AMC - 🚀,107,53,107
2023-01-23,AMC,Sample Reddit post about AMC - 🚀,85,42,85
2023-01-24,AMC,Sample Reddit post about AMC - 🚀,90,45,90
2023-01-25,AMC,Sample Reddit post about AMC - 🚀,107,53,107
2023-01-26,AMC,Sample Reddit post about AMC - 🚀🚀🚀,101,50,101
2023-01-27,AMC,Sample Reddit post about AMC - 🚀,114,57,114
2023-01-28,AMC,Sample Reddit post about AMC - 🚀,99,49,99
2023-01-29,AMC,Sample Reddit post about AMC - 🚀,123,61,123
2023-01-30,AMC,Sample Reddit post about AMC - 🚀🚀,118,59,118
2023-01-31,AMC,Sample Reddit post about AMC - 🚀🚀🚀,99,49,99
2023-02-01,AMC,Sample Reddit post about AMC - 🚀🚀,106,53,106
2023-02-02,AMC,Sample Reddit post about AMC - 🚀,113,56,113
2023-02-03,AMC,Sample Reddit post about AMC - 🚀🚀,92,46,92
2023-02-04,AMC,Sample Reddit post about AMC - 🚀🚀🚀,96,48,96
2023-02-05,AMC,Sample Reddit post about AMC - 🚀,106,53,106
2023-02-06,AMC,Sample Reddit post about AMC - 🚀🚀🚀,94,47,94
2023-02-07,AMC,Sample Reddit post about AMC - 🚀🚀🚀,100,50,100
2023-02-08,AMC,Sample Reddit post about AMC - 🚀,86,43,86
2023-02-09,AMC,Sample Reddit post about AMC - 🚀🚀🚀,100,50,100
2023-02-10,AMC,Sample Reddit post about AMC - 🚀🚀,96,48,96
2023-02-11,AMC,Sample Reddit post about AMC - 🚀🚀🚀,81,40,81
2023-02-12,AMC,Sample Reddit post about AMC - 🚀,103,51,103
2023-02-13,AMC,Sample Reddit post about AMC - 🚀🚀,92,46,92
2023-02-14,AMC,Sample Reddit post about AMC - 🚀🚀,122,61,122
2023-02-15,AMC,Sample Reddit post about AMC - 🚀🚀,115,57,115
2023-02-16,AMC,Sample Reddit post about AMC - 🚀🚀🚀,114,57,114
2023-02-17,AMC,Sample Reddit post about AMC - 🚀,84,42,84
2023-02-18,AMC,Sample Reddit post about AMC - 🚀🚀,93,46,93
2023-02-19,AMC,Sample Reddit post about AMC - 🚀🚀🚀,104,52,104
2023-02-20,AMC,Sample Reddit post about AMC - 🚀,90,45,90
2023-02-21,AMC,Sample Reddit post about AMC - 🚀,106,53,106
2023-02-22,AMC,Sample Reddit post about AMC - 🚀🚀🚀,73,36,73
2023-02-23,AMC,Sample Reddit post about AMC - 🚀🚀,90,45,90
2023-02-24,AMC,Sample Reddit post about AMC - 🚀🚀🚀,94,47,94
2023-02-25,AMC,Sample Reddit post about AMC - 🚀🚀🚀,97,48,97
2023-02-26,AMC,Sample Reddit post about AMC - 🚀,89,44,89
2023-02-27,AMC,Sample Reddit post about AMC - 🚀🚀🚀,99,49,99
2023-02-28,AMC,Sample Reddit post about AMC - 🚀,106,53,106
2023-03-01,AMC,Sample Reddit post about AMC - 🚀,91,45,91
2023-03-02,AMC,Sample Reddit post about AMC - 🚀🚀,103,51,103
2023-03-03,AMC,Sample Reddit post about AMC - 🚀🚀🚀,87,43,87
2023-03-04,AMC,Sample Reddit post about AMC - 🚀,100,50,100
2023-03-05,AMC,Sample Reddit post about AMC - 🚀🚀🚀,86,43,86
2023-03-06,AMC,Sample Reddit post about AMC - 🚀,102,51,102
2023-03-07,AMC,Sample Reddit post about AMC - 🚀,92,46,92
2023-03-08,AMC,Sample Reddit post about AMC - 🚀🚀🚀,111,55,111
2023-03-09,AMC,Sample Reddit post about AMC - 🚀,102,51,102
2023-03-10,AMC,Sample Reddit post about AMC - 🚀,102,51,102
2023-03-11,AMC,Sample Reddit post about AMC - 🚀🚀🚀,101,50,101
2023-03-12,AMC,Sample Reddit post about AMC - 🚀🚀🚀,460,230,460
2023-03-13,AMC,Sample Reddit post about AMC - 🚀,81,40,81
2023-03-14,AMC,Sample Reddit post about AMC - 🚀🚀🚀,99,49,99
2023-03-15,AMC,Sample Reddit post about AMC - 🚀🚀,90,45,90
2023-03-16,AMC,Sample Reddit post about AMC - 🚀,91,45,91
2023-03-17,AMC,Sample Reddit post about AMC - 🚀,102,51,102
2023-03-18,AMC,Sample Reddit post about AMC - 🚀,87,43,87
2023-03-19,AMC,Sample Reddit post about AMC - 🚀,99,49,99
2023-03-20,AMC,Sample Reddit post about AMC - 🚀🚀🚀,103,51,103
2023-03-21,AMC,Sample Reddit post about AMC - 🚀🚀,90,45,90
2023-03-22,AMC,Sample Reddit post about AMC - 🚀🚀🚀,103,51,103
2023-03-23,AMC,Sample Reddit post about AMC - 🚀🚀,100,50,100
2023-03-24,AMC,Sample Reddit post about AMC - 🚀🚀,84,42,84
2023-03-25,AMC,Sample Reddit post about AMC - 🚀🚀,85,42,85
2023-03-26,AMC,Sample Reddit post about AMC - 🚀🚀🚀,97,48,97
2023-03-27,AMC,Sample Reddit post about AMC - 🚀🚀🚀,104,52,104
2023-03-28,AMC,Sample Reddit post about AMC - 🚀,95,47,95
2023-03-29,AMC,Sample Reddit post about AMC - 🚀🚀🚀,113,56,113
2023-03-30,AMC,Sample Reddit post about AMC - 🚀🚀🚀,103,51,103
2023-03-31,AMC,Sample Reddit post about AMC - 🚀🚀,110,55,110
2023-04-01,AMC,Sample Reddit post about AMC - 🚀🚀,118,59,118
2023-04-02,AMC,Sample Reddit post about AMC - 🚀🚀🚀,94,47,94
2023-04-03,AMC,Sample Reddit post about AMC - 🚀🚀,107,53,107
2023-04-04,AMC,Sample Reddit post about AMC - 🚀,112,56,112
2023-04-05,AMC,Sample Reddit post about AMC - 🚀,101,50,101
2023-04-06,AMC,Sample Reddit post about AMC - 🚀🚀🚀,110,55,110
2023-04-07,AMC,Sample Reddit post about AMC - 🚀,85,42,85
2023-04-08,AMC,Sample Reddit post about AMC - 🚀🚀,93,46,93
2023-04-09,AMC,Sample Reddit post about AMC - 🚀🚀🚀,104,52,104
2023-04-10,AMC,Sample Reddit post about AMC - 🚀🚀🚀,91,45,91
2023-04-11,AMC,Sample Reddit post about AMC - 🚀🚀🚀,95,47,95
2023-04-12,AMC,Sample Reddit post about AMC - 🚀🚀🚀,92,46,92
2023-04-13,AMC,Sample Reddit post about AMC - 🚀,103,51,103
2023-04-14,AMC,Sample Reddit post about AMC - 🚀🚀🚀,96,48,96
2023-04-15,AMC,Sample Reddit post about AMC - 🚀🚀🚀,104,52,104
2023-04-16,AMC,Sample Reddit post about AMC - 🚀🚀,101,50,101
2023-04-17,AMC,Sample Reddit post about AMC - 🚀,88,44,88
2023-04-18,AMC,Sample Reddit post about AMC - 🚀🚀🚀,99,49,99
2023-04-19,AMC,Sample Reddit post about AMC - 🚀🚀🚀,81,40,81
2023-04-20,AMC,Sample Reddit post about AMC - 🚀,99,49,99
2023-04-21,AMC,Sample Reddit post about AMC - 🚀,99,49,99
2023-04-22,AMC,Sample Reddit post about AMC - 🚀🚀,108,54,108
2023-04-23,AMC,Sample Reddit post about AMC - 🚀,104,52,104
2023-04-24,AMC,Sample Reddit post about AMC - 🚀,113,56,113
2023-04-25,AMC,Sample Reddit post about AMC - 🚀🚀,99,49,99
2023-04-26,AMC,Sample Reddit post about AMC - 🚀,105,52,105
2023-04-27,AMC,Sample Reddit post about AMC - 🚀🚀🚀,110,55,110
2023-04-28,AMC,Sample Reddit post about AMC - 🚀🚀🚀,86,43,86
2023-04-29,AMC,Sample Reddit post about AMC - 🚀🚀,104,52,104
2023-04-30,AMC,Sample Reddit post about AMC - 🚀🚀,87,43,87
2023-05-01,AMC,Sample Reddit post about AMC - 🚀,535,267,535
2023-05-02,AMC,Sample Reddit post about AMC - 🚀,111,55,111
2023-05-03,AMC,Sample Reddit post about AMC - 🚀,113,56,113
2023-05-04,AMC,Sample Reddit post about AMC - 🚀🚀,95,47,95
2023-05-05,AMC,Sample Reddit post about AMC - 🚀🚀🚀,92,46,92
2023-05-06,AMC,Sample Reddit post about AMC - 🚀🚀,108,54,108
2023-05-07,AMC,Sample Reddit post about AMC - 🚀🚀🚀,119,59,119
2023-05-08,AMC,Sample Reddit post about AMC - 🚀,109,54,109
2023-05-09,AMC,Sample Reddit post about AMC - 🚀🚀🚀,109,54,109
2023-05-10,AMC,Sample Reddit post about AMC - 🚀🚀,97,48,97
2023-05-11,AMC,Sample Reddit post about AMC - 🚀🚀,98,49,98
2023-05-12,AMC,Sample Reddit post about AMC - 🚀🚀,93,46,93
2023-05-13,AMC,Sample Reddit post about AMC - 🚀,102,51,102
2023-05-14,AMC,Sample Reddit post about AMC - 🚀🚀🚀,125,62,125
2023-05-15,AMC,Sample Reddit post about AMC - 🚀,108,54,108
2023-05-16,AMC,Sample Reddit post about AMC - 🚀🚀,108,54,108
2023-05-17,AMC,Sample Reddit post about AMC - 🚀🚀🚀,114,57,114
2023-05-18,AMC,Sample Reddit post about AMC - 🚀🚀🚀,95,47,95
2023-05-19,AMC,Sample Reddit post about AMC - 🚀🚀,89,44,89
2023-05-20,AMC,Sample Reddit post about AMC - 🚀,95,47,95
2023-05-21,AMC,Sample Reddit post about AMC - 🚀🚀🚀,113,56,113
2023-05-22,AMC,Sample Reddit post about AMC - 🚀🚀,106,53,106
2023-05-23,AMC,Sample Reddit post about AMC - 🚀🚀🚀,104,52,104
2023-05-24,AMC,Sample Reddit post about AMC - 🚀🚀,111,55,111
2023-05-25,AMC,Sample Reddit post about AMC - 🚀🚀🚀,98,49,98
2023-05-26,AMC,Sample Reddit post about AMC - 🚀🚀🚀,89,44,89
2023-05-27,AMC,Sample Reddit post about AMC - 🚀🚀🚀,120,60,120
2023-05-28,AMC,Sample Reddit post about AMC - 🚀,91,45,91
2023-05-29,AMC,Sample Reddit post about AMC - 🚀,98,49,98
2023-05-30,AMC,Sample Reddit post about AMC - 🚀🚀🚀,91,45,91
2023-05-31,AMC,Sample Reddit post about AMC - 🚀🚀🚀,117,58,117
2023-06-01,AMC,Sample Reddit post about AMC - 🚀🚀,102,51,102
2023-06-02,AMC,Sample Reddit post about AMC - 🚀,102,51,102
2023-06-03,AMC,Sample Reddit post about AMC - 🚀🚀🚀,117,58,117
2023-06-04,AMC,Sample Reddit post about AMC - 🚀,92,46,92
2023-06-05,AMC,Sample Reddit post about AMC - 🚀,99,49,99
2023-06-06,AMC,Sample Reddit post about AMC - 🚀🚀,101,50,101
2023-06-07,AMC,Sample Reddit post about AMC - 🚀🚀🚀,81,40,81
2023-06-08,AMC,Sample Reddit post about AMC - 🚀🚀🚀,94,47,94
2023-06-09,AMC,Sample Reddit post about AMC - 🚀🚀🚀,102,51,102
2023-06-10,AMC,Sample Reddit post about AMC - 🚀,102,51,102
2023-06-11,AMC,Sample Reddit post about AMC - 🚀🚀🚀,120,60,120
2023-06-12,AMC,Sample Reddit post about AMC - 🚀,89,44,89
2023-06-13,AMC,Sample Reddit post about AMC - 🚀🚀🚀,98,49,98
2023-06-14,AMC,Sample Reddit post about AMC - 🚀🚀🚀,103,51,103
2023-06-15,AMC,Sample Reddit post about AMC - 🚀🚀🚀,101,50,101
2023-06-16,AMC,Sample Reddit post about AMC - 🚀🚀🚀,119,59,119
2023-06-17,AMC,Sample Reddit post about AMC - 🚀🚀🚀,93,46,93
2023-06-18,AMC,Sample Reddit post about AMC - 🚀🚀🚀,97,48,97
2023-06-19,AMC,Sample Reddit post about AMC - 🚀,102,51,102
2023-06-20,AMC,Sample Reddit post about AMC - 🚀🚀🚀,475,237,475
2023-06-21,AMC,Sample Reddit post about AMC - 🚀🚀,95,47,95
2023-06-22,AMC,Sample Reddit post about AMC - 🚀,92,46,92
2023-06-23,AMC,Sample Reddit post about AMC - 🚀🚀,93,46,93
2023-06-24,AMC,Sample Reddit post about AMC - 🚀,91,45,91
2023-06-25,AMC,Sample Reddit post about AMC - 🚀🚀🚀,105,52,105
2023-06-26,AMC,Sample Reddit post about AMC - 🚀🚀,98,49,98
2023-06-27,AMC,Sample Reddit post about AMC - 🚀🚀,88,44,88
2023-06-28,AMC,Sample Reddit post about AMC - 🚀🚀🚀,114,57,114
2023-06-29,AMC,Sample Reddit post about AMC - 🚀🚀,104,52,104
2023-06-30,AMC,Sample Reddit post about AMC - 🚀🚀,87,43,87
2023-07-01,AMC,Sample Reddit post about AMC - 🚀,86,43,86
2023-07-02,AMC,Sample Reddit post about AMC - 🚀,104,52,104
2023-07-03,AMC,Sample Reddit post about AMC - 🚀🚀🚀,95,47,95
2023-07-04,AMC,Sample Reddit post about AMC - 🚀🚀🚀,91,45,91
2023-07-05,AMC,Sample Reddit post about AMC - 🚀🚀🚀,101,50,101
2023-07-06,AMC,Sample Reddit post about AMC - 🚀🚀,96,48,96
2023-07-07,AMC,Sample Reddit post about AMC - 🚀🚀,92,46,92
2023-07-08,AMC,Sample Reddit post about AMC - 🚀🚀,100,50,100
2023-07-09,AMC,Sample Reddit post about AMC - 🚀,82,41,82
2023-07-10,AMC,Sample Reddit post about AMC - 🚀🚀🚀,116,58,116
2023-07-11,AMC,Sample Reddit post about AMC - 🚀🚀🚀,110,55,110
2023-07-12,AMC,Sample Reddit post about AMC - 🚀🚀,90,45,90
2023-07-13,AMC,Sample Reddit post about AMC - 🚀🚀,99,49,99
2023-07-14,AMC,Sample Reddit post about AMC - 🚀,106,53,106
2023-07-15,AMC,Sample Reddit post about AMC - 🚀🚀,112,56,112
2023-07-16,AMC,Sample Reddit post about AMC - 🚀🚀,97,48,97
2023-07-17,AMC,Sample Reddit post about AMC - 🚀🚀,108,54,108
2023-07-18,AMC,Sample Reddit post about AMC - 🚀🚀,105,52,105
2023-07-19,AMC,Sample Reddit post about AMC - 🚀🚀🚀,104,52,104
2023-07-20,AMC,Sample Reddit post about AMC - 🚀,98,49,98
2023-07-21,AMC,Sample Reddit post about AMC - 🚀🚀,114,57,114
2023-07-22,AMC,Sample Reddit post about AMC - 🚀🚀🚀,88,44,88
2023-07-23,AMC,Sample Reddit post about AMC - 🚀🚀🚀,98,49,98
2023-07-24,AMC,Sample Reddit post about AMC - 🚀🚀🚀,95,47,95
2023-07-25,AMC,Sample Reddit post about AMC - 🚀🚀,97,48,97
2023-07-26,AMC,Sample Reddit post about AMC - 🚀🚀,103,51,103
2023-07-27,AMC,Sample Reddit post about AMC - 🚀🚀,77,38,77
2023-07-28,AMC,Sample Reddit post about AMC - 🚀🚀🚀,76,38,76
2023-07-29,AMC,Sample Reddit post about AMC - 🚀🚀🚀,105,52,105
2023-07-30,AMC,Sample Reddit post about AMC - 🚀🚀🚀,95,47,95
2023-07-31,AMC,Sample Reddit post about AMC - 🚀🚀🚀,79,39,79
2023-08-01,AMC,Sample Reddit post about AMC - 🚀🚀,90,45,90
2023-08-02,AMC,Sample Reddit post about AMC - 🚀🚀,87,43,87
2023-08-03,AMC,Sample Reddit post about AMC - 🚀🚀,99,49,99
2023-08-04,AMC,Sample Reddit post about AMC - 🚀🚀🚀,86,43,86
2023-08-05,AMC,Sample Reddit post about AMC - 🚀,84,42,84
2023-08-06,AMC,Sample Reddit post about AMC - 🚀🚀🚀,87,43,87
2023-08-07,AMC,Sample Reddit post about AMC - 🚀🚀,98,49,98
2023-08-08,AMC,Sample Reddit post about AMC - 🚀,88,44,88
2023-08-09,AMC,Sample Reddit post about AMC - 🚀🚀,515,257,515
2023-08-10,AMC,Sample Reddit post about AMC - 🚀🚀,117,58,117
2023-08-11,AMC,Sample Reddit post about AMC - 🚀🚀🚀,110,55,110
2023-08-12,AMC,Sample Reddit post about AMC - 🚀,122,61,122
2023-08-13,AMC,Sample Reddit post about AMC - 🚀,91,45,91
2023-08-14,AMC,Sample Reddit post about AMC - 🚀🚀,94,47,94
2023-08-15,AMC,Sample Reddit post about AMC - 🚀,101,50,101
2023-08-16,AMC,Sample Reddit post about AMC - 🚀🚀🚀,105,52,105
2023-08-17,AMC,Sample Reddit post about AMC - 🚀🚀🚀,95,47,95
2023-08-18,AMC,Sample Reddit post about AMC - 🚀,100,50,100
2023-08-19,AMC,Sample Reddit post about AMC - 🚀,115,57,115
2023-08-20,AMC,Sample Reddit post about AMC - 🚀🚀🚀,95,47,95
2023-08-21,AMC,Sample Reddit post about AMC - 🚀🚀🚀,93,46,93
2023-08-22,AMC,Sample Reddit post about AMC - 🚀🚀,98,49,98
2023-08-23,AMC,Sample Reddit post about AMC - 🚀🚀🚀,89,44,89
2023-08-24,AMC,Sample Reddit post about AMC - 🚀,94,47,94
2023-08-25,AMC,Sample Reddit post about AMC - 🚀🚀,102,51,102
2023-08-26,AMC,Sample Reddit post about AMC - 🚀🚀,86,43,86
2023-08-27,AMC,Sample Reddit post about AMC - 🚀🚀,94,47,94
2023-08-28,AMC,Sample Reddit post about AMC - 🚀,97,48,97
2023-08-29,AMC,Sample Reddit post about AMC - 🚀🚀,111,55,111
2023-08-30,AMC,Sample Reddit post about AMC - 🚀🚀,99,49,99
2023-08-31,AMC,Sample Reddit post about AMC - 🚀,96,48,96
2023-09-01,AMC,Sample Reddit post about AMC - 🚀,81,40,81
2023-09-02,AMC,Sample Reddit post about AMC - 🚀🚀,105,52,105
2023-09-03,AMC,Sample Reddit post about AMC - 🚀🚀,94,47,94
2023-09-04,AMC,Sample Reddit post about AMC - 🚀,94,47,94
2023-09-05,AMC,Sample Reddit post about AMC - 🚀,90,45,90
2023-09-06,AMC,Sample Reddit post about AMC - 🚀🚀,91,45,91
2023-09-07,AMC,Sample Reddit post about AMC - 🚀🚀🚀,98,49,98
2023-09-08,AMC,Sample Reddit post about AMC - 🚀🚀,104,52,104
2023-09-09,AMC,Sample Reddit post about AMC - 🚀🚀,94,47,94
2023-09-10,AMC,Sample Reddit post about AMC - 🚀🚀,100,50,100
2023-09-11,AMC,Sample Reddit post about AMC - 🚀🚀,95,47,95
2023-09-12,AMC,Sample Reddit post about AMC - 🚀🚀,104,52,104
2023-09-13,AMC,Sample Reddit post about AMC - 🚀🚀🚀,102,51,102
2023-09-14,AMC,Sample Reddit post about AMC - 🚀🚀,115,57,115
2023-09-15,AMC,Sample Reddit post about AMC - 🚀🚀,103,51,103
2023-09-16,AMC,Sample Reddit post about AMC - 🚀🚀🚀,75,37,75
2023-09-17,AMC,Sample Reddit post about AMC - 🚀🚀🚀,105,52,105
2023-09-18,AMC,Sample Reddit post about AMC - 🚀,110,55,110
2023-09-19,AMC,Sample Reddit post about AMC - 🚀,90,45,90
2023-09-20,AMC,Sample Reddit post about AMC - 🚀🚀🚀,83,41,83
2023-09-21,AMC,Sample Reddit post about AMC - 🚀,90,45,90
2023-09-22,AMC,Sample Reddit post about AMC - 🚀🚀,102,51,102
2023-09-23,AMC,Sample Reddit post about AMC - 🚀,98,49,98
2023-09-24,AMC,Sample Reddit post about AMC - 🚀,94,47,94
2023-09-25,AMC,Sample Reddit post about AMC - 🚀🚀,92,46,92
2023-09-26,AMC,Sample Reddit post about AMC - 🚀🚀🚀,93,46,93
2023-09-27,AMC,Sample Reddit post about AMC - 🚀🚀,97,48,97
2021-01-01,BB,Sample Reddit post about BB - 🚀🚀,575,287,575
2021-01-02,BB,Sample Reddit post about BB - 🚀🚀,100,50,100
2021-01-03,BB,Sample Reddit post about BB - 🚀🚀,113,56,113
2021-01-04,BB,Sample Reddit post about BB - 🚀🚀🚀,87,43,87
2021-01-05,BB,Sample Reddit post about BB - 🚀,114,57,114
2021-01-06,BB,Sample Reddit post about BB - 🚀🚀,112,56,112
2021-01-07,BB,Sample Reddit post about BB - 🚀🚀🚀,103,51,103
2021-01-08,BB,Sample Reddit post about BB - 🚀,111,55,111
2021-01-09,BB,Sample Reddit post about BB - 🚀🚀,94,47,94
2021-01-10,BB,Sample Reddit post about BB - 🚀,106,53,106
2021-01-11,BB,Sample Reddit post about BB - 🚀🚀,121,60,121
2021-01-12,BB,Sample Reddit post about BB - 🚀,102,51,102
2021-01-13,BB,Sample Reddit post about BB - 🚀,118,59,118
2021-01-14,BB,Sample Reddit post about BB - 🚀🚀🚀,94,47,94
2021-01-15,BB,Sample Reddit post about BB - 🚀🚀🚀,76,38,76
2021-01-16,BB,Sample Reddit post about BB - 🚀🚀,96,48,96
2021-01-17,BB,Sample Reddit post about BB - 🚀🚀,98,49,98
2021-01-18,BB,Sample Reddit post about BB - 🚀🚀🚀,105,52,105
2021-01-19,BB,Sample Reddit post about BB - 🚀🚀,95,47,95
2021-01-20,BB,Sample Reddit post about BB - 🚀,96,48,96
2021-01-21,BB,Sample Reddit post about BB - 🚀,101,50,101
2021-01-22,BB,Sample Reddit post about BB - 🚀🚀🚀,90,45,90
2021-01-23,BB,Sample Reddit post about BB - 🚀🚀,90,45,90
2021-01-24,BB,Sample Reddit post about BB - 🚀,93,46,93
2021-01-25,BB,Sample Reddit post about BB - 🚀🚀🚀,110,55,110
2021-01-26,BB,Sample Reddit post about BB - 🚀,79,39,79
2021-01-27,BB,Sample Reddit post about BB - 🚀🚀🚀,104,52,104
2021-01-28,BB,Sample Reddit post about BB - 🚀🚀,96,48,96
2021-01-29,BB,Sample Reddit post about BB - 🚀🚀🚀,86,43,86
2021-01-30,BB,Sample Reddit post about BB - 🚀🚀🚀,96,48,96
2021-01-31,BB,Sample Reddit post about BB - 🚀🚀,92,46,92
2021-02-01,BB,Sample Reddit post about BB - 🚀,103,51,103
2021-02-02,BB,Sample Reddit post about BB - 🚀🚀,117,58,117
2021-02-03,BB,Sample Reddit post about BB - 🚀🚀,92,46,92
2021-02-04,BB,Sample Reddit post about BB - 🚀,107,53,107
2021-02-05,BB,Sample Reddit post about BB - 🚀,98,49,98
2021-02-06,BB,Sample Reddit post about BB - 🚀,98,49,98
2021-02-07,BB,Sample Reddit post about BB - 🚀🚀🚀,107,53,107
2021-02-08,BB,Sample Reddit post about BB - 🚀🚀🚀,93,46,93
2021-02-09,BB,Sample Reddit post about BB - 🚀🚀,99,49,99
2021-02-10,BB,Sample Reddit post about BB - 🚀🚀,103,51,103
2021-02-11,BB,Sample Reddit post about BB - 🚀🚀,110,55,110
2021-02-12,BB,Sample Reddit post about BB - 🚀🚀,111,55,111
2021-02-13,BB,Sample Reddit post about BB - 🚀🚀🚀,114,57,114
2021-02-14,BB,Sample Reddit post about BB - 🚀🚀🚀,106,53,106
2021-02-15,BB,Sample Reddit post about BB - 🚀🚀🚀,101,50,101
2021-02-16,BB,Sample Reddit post about BB - 🚀🚀🚀,93,46,93
2021-02-17,BB,Sample Reddit post about BB - 🚀🚀🚀,94,47,94
2021-02-18,BB,Sample Reddit post about BB - 🚀🚀,99,49,99
2021-02-19,BB,Sample Reddit post about BB - 🚀🚀,104,52,104
2021-02-20,BB,Sample Reddit post about BB - 🚀🚀,500,250,500
2021-02-21,BB,Sample Reddit post about BB - 🚀,103,51,103
2021-02-22,BB,Sample Reddit post about BB - 🚀🚀🚀,97,48,97
2021-02-23,BB,Sample Reddit post about BB - 🚀🚀,108,54,108
2021-02-24,BB,Sample Reddit post about BB - 🚀,114,57,114
2021-02-25,BB,Sample Reddit post about BB - 🚀🚀,90,45,90
2021-02-26,BB,Sample Reddit post about BB - 🚀🚀🚀,106,53,106
2021-02-27,BB,Sample Reddit post about BB - 🚀🚀,89,44,89
2021-02-28,BB,Sample Reddit post about BB - 🚀🚀🚀,89,44,89
2021-03-01,BB,Sample Reddit post about BB - 🚀,96,48,96
2021-03-02,BB,Sample Reddit post about BB - 🚀🚀,90,45,90
2021-03-03,BB,Sample Reddit post about BB - 🚀🚀,104,52,104
2021-03-04,BB,Sample Reddit post about BB - 🚀🚀🚀,98,49,98
2021-03-05,BB,Sample Reddit post about BB - 🚀🚀🚀,104,52,104
2021-03-06,BB,Sample Reddit post about BB - 🚀🚀,87,43,87
2021-03-07,BB,Sample Reddit post about BB - 🚀🚀🚀,105,52,105
2021-03-08,BB,Sample Reddit post about BB - 🚀🚀🚀,103,51,103
2021-03-09,BB,Sample Reddit post about BB - 🚀🚀🚀,81,40,81
2021-03-10,BB,Sample Reddit post about BB - 🚀,97,48,97
2021-03-11,BB,Sample Reddit post about BB - 🚀🚀,107,53,107
2021-03-12,BB,Sample Reddit post about BB - 🚀,105,52,105
2021-03-13,BB,Sample Reddit post about BB - 🚀,93,46,93
2021-03-14,BB,Sample Reddit post about BB - 🚀🚀🚀,104,52,104
2021-03-15,BB,Sample Reddit post about BB - 🚀🚀🚀,94,47,94
2021-03-16,BB,Sample Reddit post about BB - 🚀🚀🚀,115,57,115
2021-03-17,BB,Sample Reddit post about BB - 🚀🚀,94,47,94
2021-03-18,BB,Sample Reddit post about BB - 🚀,103,51,103
2021-03-19,BB,Sample Reddit post about BB - 🚀,92,46,92
2021-03-20,BB,Sample Reddit post about BB - 🚀,106,53,106
2021-03-21,BB,Sample Reddit post about BB - 🚀🚀,97,48,97
2021-03-22,BB,Sample Reddit post about BB - 🚀🚀🚀,98,49,98
2021-03-23,BB,Sample Reddit post about BB - 🚀🚀,91,45,91
2021-03-24,BB,Sample Reddit post about BB - 🚀🚀,100,50,100
2021-03-25,BB,Sample Reddit post about BB - 🚀🚀,100,50,100
2021-03-26,BB,Sample Reddit post about BB - 🚀🚀🚀,117,58,117
2021-03-27,BB,Sample Reddit post about BB - 🚀,102,51,102
2021-03-28,BB,Sample Reddit post about BB - 🚀,110,55,110
2021-03-29,BB,Sample Reddit post about BB - 🚀🚀🚀,98,49,98
2021-03-30,BB,Sample Reddit post about BB - 🚀🚀🚀,105,52,105
2021-03-31,BB,Sample Reddit post about BB - 🚀🚀🚀,112,56,112
2021-04-01,BB,Sample Reddit post about BB - 🚀,108,54,108
2021-04-02,BB,Sample Reddit post about BB - 🚀🚀🚀,109,54,109
2021-04-03,BB,Sample Reddit post about BB - 🚀🚀🚀,105,52,105
2021-04-04,BB,Sample Reddit post about BB - 🚀,123,61,123
2021-04-05,BB,Sample Reddit post about BB - 🚀,104,52,104
2021-04-06,BB,Sample Reddit post about BB - 🚀🚀,94,47,94
2021-04-07,BB,Sample Reddit post about BB - 🚀🚀,92,46,92
2021-04-08,BB,Sample Reddit post about BB - 🚀🚀,108,54,108
2021-04-09,BB,Sample Reddit post about BB - 🚀,98,49,98
2021-04-10,BB,Sample Reddit post about BB - 🚀🚀🚀,112,56,112
2021-04-11,BB,Sample Reddit post about BB - 🚀🚀🚀,505,252,505
2021-04-12,BB,Sample Reddit post about BB - 🚀🚀,93,46,93
2021-04-13,BB,Sample Reddit post about BB - 🚀🚀,94,47,94
2021-04-14,BB,Sample Reddit post about BB - 🚀🚀🚀,103,51,103
2021-04-15,BB,Sample Reddit post about BB - 🚀🚀🚀,102,51,102
2021-04-16,BB,Sample Reddit post about BB - 🚀🚀🚀,115,57,115
2021-04-17,BB,Sample Reddit post about BB - 🚀🚀🚀,106,53,106
2021-04-18,BB,Sample Reddit post about BB - 🚀,98,49,98
2021-04-19,BB,Sample Reddit post about BB - 🚀,96,48,96
2021-04-20,BB,Sample Reddit post about BB - 🚀🚀🚀,99,49,99
2021-04-21,BB,Sample Reddit post about BB - 🚀🚀🚀,123,61,123
2021-04-22,BB,Sample Reddit post about BB - 🚀🚀🚀,103,51,103
2021-04-23,BB,Sample Reddit post about BB - 🚀,91,45,91
2021-04-24,BB,Sample Reddit post about BB - 🚀🚀,95,47,95
2021-04-25,BB,Sample Reddit post about BB - 🚀🚀,88,44,88
2021-04-26,BB,Sample Reddit post about BB - 🚀,87,43,87
2021-04-27,BB,Sample Reddit post about BB - 🚀🚀,87,43,87
2021-04-28,BB,Sample Reddit post about BB - 🚀,75,37,75
2021-04-29,BB,Sample Reddit post about BB - 🚀🚀🚀,103,51,103
2021-04-30,BB,Sample Reddit post about BB - 🚀🚀🚀,87,43,87
2021-05-01,BB,Sample Reddit post about BB - 🚀🚀🚀,102,51,102
2021-05-02,BB,Sample Reddit post about BB - 🚀🚀🚀,107,53,107
2021-05-03,BB,Sample Reddit post about BB - 🚀🚀🚀,100,50,100
2021-05-04,BB,Sample Reddit post about BB - 🚀,107,53,107
2021-05-05,BB,Sample Reddit post about BB - 🚀🚀🚀,93,46,93
2021-05-06,BB,Sample Reddit post about BB - 🚀,78,39,78
2021-05-07,BB,Sample Reddit post about BB - 🚀🚀🚀,106,53,106
2021-05-08,BB,Sample Reddit post about BB - 🚀🚀,105,52,105
2021-05-09,BB,Sample Reddit post about BB - 🚀,98,49,98
2021-05-10,BB,Sample Reddit post about BB - 🚀🚀🚀,126,63,126
2021-05-11,BB,Sample Reddit post about BB - 🚀🚀🚀,91,45,91
2021-05-12,BB,Sample Reddit post about BB - 🚀,100,50,100
2021-05-13,BB,Sample Reddit post about BB - 🚀,114,57,114
2021-05-14,BB,Sample Reddit post about BB - 🚀🚀🚀,104,52,104
2021-05-15,BB,Sample Reddit post about BB - 🚀,82,41,82
2021-05-16,BB,Sample Reddit post about BB - 🚀,101,50,101
2021-05-17,BB,Sample Reddit post about BB - 🚀,121,60,121
2021-05-18,BB,Sample Reddit post about BB - 🚀🚀,98,49,98
2021-05-19,BB,Sample Reddit post about BB - 🚀,84,42,84
2021-05-20,BB,Sample Reddit post about BB - 🚀🚀🚀,88,44,88
2021-05-21,BB,Sample Reddit post about BB - 🚀,95,47,95
2021-05-22,BB,Sample Reddit post about BB - 🚀🚀,106,53,106
2021-05-23,BB,Sample Reddit post about BB - 🚀🚀,99,49,99
2021-05-24,BB,Sample Reddit post about BB - 🚀,101,50,101
2021-05-25,BB,Sample Reddit post about BB - 🚀🚀🚀,85,42,85
2021-05-26,BB,Sample Reddit post about BB - 🚀🚀🚀,104,52,104
2021-05-27,BB,Sample Reddit post about BB - 🚀,109,54,109
2021-05-28,BB,Sample Reddit post about BB - 🚀,108,54,108
2021-05-29,BB,Sample Reddit post about BB - 🚀🚀🚀,105,52,105
2021-05-30,BB,Sample Reddit post about BB - 🚀,112,56,112
2021-05-31,BB,Sample Reddit post about BB - 🚀🚀,500,250,500
2021-06-01,BB,Sample Reddit post about BB - 🚀🚀,90,45,90
2021-06-02,BB,Sample Reddit post about BB - 🚀🚀🚀,103,51,103
2021-06-03,BB,Sample Reddit post about BB - 🚀,88,44,88
2021-06-04,BB,Sample Reddit post about BB - 🚀,108,54,108
2021-06-05,BB,Sample Reddit post about BB - 🚀🚀,77,38,77
2021-06-06,BB,Sample Reddit post about BB - 🚀🚀,111,55,111
2021-06-07,BB,Sample Reddit post about BB - 🚀🚀,112,56,112
2021-06-08,BB,Sample Reddit post about BB - 🚀🚀🚀,93,46,93
2021-06-09,BB,Sample Reddit post about BB - 🚀🚀🚀,104,52,104
2021-06-10,BB,Sample Reddit post about BB - 🚀🚀🚀,95,47,95
2021-06-11,BB,Sample Reddit post about BB - 🚀,97,48,97
2021-06-12,BB,Sample Reddit post about BB - 🚀🚀,100,50,100
2021-06-13,BB,Sample Reddit post about BB - 🚀,112,56,112
2021-06-14,BB,Sample Reddit post about BB - 🚀🚀,92,46,92
2021-06-15,BB,Sample Reddit post about BB - 🚀🚀🚀,102,51,102
2021-06-16,BB,Sample Reddit post about BB - 🚀🚀,94,47,94
2021-06-17,BB,Sample Reddit post about BB - 🚀🚀🚀,103,51,103
2021-06-18,BB,Sample Reddit post about BB - 🚀🚀,96,48,96
2021-06-19,BB,Sample Reddit post about BB - 🚀🚀,109,54,109
2021-06-20,BB,Sample Reddit post about BB - 🚀🚀🚀,101,50,101
2021-06-21,BB,Sample Reddit post about BB - 🚀,100,50,100
2021-06-22,BB,Sample Reddit post about BB - 🚀🚀,115,57,115
2021-06-23,BB,Sample Reddit post about BB - 🚀🚀🚀,97,48,97
2021-06-24,BB,Sample Reddit post about BB - 🚀,106,53,106
2021-06-25,BB,Sample Reddit post about BB - 🚀🚀🚀,102,51,102
2021-06-26,BB,Sample Reddit post about BB - 🚀,105,52,105
2021-06-27,BB,Sample Reddit post about BB - 🚀🚀,97,48,97
2021-06-28,BB,Sample Reddit post about BB - 🚀🚀,83,41,83
2021-06-29,BB,Sample Reddit post about BB - 🚀🚀,109,54,109
2021-06-30,BB,Sample Reddit post about BB - 🚀🚀,98,49,98
2021-07-01,BB,Sample Reddit post about BB - 🚀🚀,95,47,95
2021-07-02,BB,Sample Reddit post about BB - 🚀🚀,119,59,119
2021-07-03,BB,Sample Reddit post about BB - 🚀,100,50,100
2021-07-04,BB,Sample Reddit post about BB - 🚀🚀,104,52,104
2021-07-05,BB,Sample Reddit post about BB - 🚀🚀,87,43,87
2021-07-06,BB,Sample Reddit post about BB - 🚀🚀,109,54,109
2021-07-07,BB,Sample Reddit post about BB - 🚀,110,55,110
2021-07-08,BB,Sample Reddit post about BB - 🚀,88,44,88
2021-07-09,BB,Sample Reddit post about BB - 🚀,96,48,96
2021-07-10,BB,Sample Reddit post about BB - 🚀🚀,87,43,87
2021-07-11,BB,Sample Reddit post about BB - 🚀,88,44,88
2021-07-12,BB,Sample Reddit post about BB - 🚀🚀,98,49,98
2021-07-13,BB,Sample Reddit post about BB - 🚀🚀🚀,101,50,101
2021-07-14,BB,Sample Reddit post about BB - 🚀🚀🚀,108,54,108
2021-07-15,BB,Sample Reddit post about BB - 🚀,97,48,97
2021-07-16,BB,Sample Reddit post about BB - 🚀🚀,103,51,103
2021-07-17,BB,Sample Reddit post about BB - 🚀🚀🚀,94,47,94
2021-07-18,BB,Sample Reddit post about BB - 🚀,90,45,90
2021-07-19,BB,Sample Reddit post about BB - 🚀🚀,100,50,100
2021-07-20,BB,Sample Reddit post about BB - 🚀🚀,530,265,530
2021-07-21,BB,Sample Reddit post about BB - 🚀🚀,114,57,114
2021-07-22,BB,Sample Reddit post about BB - 🚀,106,53,106
2021-07-23,BB,Sample Reddit post about BB - 🚀🚀,90,45,90
2021-07-24,BB,Sample Reddit post about BB - 🚀🚀,91,45,91
2021-07-25,BB,Sample Reddit post about BB - 🚀🚀🚀,99,49,99
2021-07-26,BB,Sample Reddit post about BB - 🚀🚀,119,59,119
2021-07-27,BB,Sample Reddit post about BB - 🚀,95,47,95
2021-07-28,BB,Sample Reddit post about BB - 🚀🚀🚀,104,52,104
2021-07-29,BB,Sample Reddit post about BB - 🚀,102,51,102
2021-07-30,BB,Sample Reddit post about BB - 🚀🚀,118,59,118
2021-07-31,BB,Sample Reddit post about BB - 🚀,96,48,96
2021-08-01,BB,Sample Reddit post about BB - 🚀🚀,97,48,97
2021-08-02,BB,Sample Reddit post about BB - 🚀🚀,101,50,101
2021-08-03,BB,Sample Reddit post about BB - 🚀🚀,104,52,104
2021-08-04,BB,Sample Reddit post about BB - 🚀🚀🚀,92,46,92
2021-08-05,BB,Sample Reddit post about BB - 🚀🚀🚀,116,58,116
2021-08-06,BB,Sample Reddit post about BB - 🚀🚀🚀,96,48,96
2021-08-07,BB,Sample Reddit post about BB - 🚀🚀🚀,113,56,113
2021-08-08,BB,Sample Reddit post about BB - 🚀🚀,92,46,92
2021-08-09,BB,Sample Reddit post about BB - 🚀,109,54,109
2021-08-10,BB,Sample Reddit post about BB - 🚀🚀,115,57,115
2021-08-11,BB,Sample Reddit post about BB - 🚀🚀🚀,91,45,91
2021-08-12,BB,Sample Reddit post about BB - 🚀🚀🚀,103,51,103
2021-08-13,BB,Sample Reddit post about BB - 🚀🚀,81,40,81
2021-08-14,BB,Sample Reddit post about BB - 🚀🚀,100,50,100
2021-08-15,BB,Sample Reddit post about BB - 🚀🚀,103,51,103
2021-08-16,BB,Sample Reddit post about BB - 🚀🚀,98,49,98
2021-08-17,BB,Sample Reddit post about BB - 🚀,106,53,106
2021-08-18,BB,Sample Reddit post about BB - 🚀🚀,100,50,100
2021-08-19,BB,Sample Reddit post about BB - 🚀🚀🚀,92,46,92
2021-08-20,BB,Sample Reddit post about BB - 🚀🚀🚀,112,56,112
2021-08-21,BB,Sample Reddit post about BB - 🚀🚀🚀,100,50,100
2021-08-22,BB,Sample Reddit post about BB - 🚀🚀🚀,93,46,93
2021-08-23,BB,Sample Reddit post about BB - 🚀,88,44,88
2021-08-24,BB,Sample Reddit post about BB - 🚀🚀,111,55,111
2021-08-25,BB,Sample Reddit post about BB - 🚀🚀,103,51,103
2021-08-26,BB,Sample Reddit post about BB - 🚀,95,47,95
2021-08-27,BB,Sample Reddit post about BB - 🚀,115,57,115
2021-08-28,BB,Sample Reddit post about BB - 🚀,121,60,121
2021-08-29,BB,Sample Reddit post about BB - 🚀🚀,95,47,95
2021-08-30,BB,Sample Reddit post about BB - 🚀🚀🚀,82,41,82
2021-08-31,BB,Sample Reddit post about BB - 🚀🚀,90,45,90
2021-09-01,BB,Sample Reddit post about BB - 🚀🚀🚀,97,48,97
2021-09-02,BB,Sample Reddit post about BB - 🚀🚀🚀,96,48,96
2021-09-03,BB,Sample Reddit post about BB - 🚀🚀,96,48,96
2021-09-04,BB,Sample Reddit post about BB - 🚀🚀,100,50,100
2021-09-05,BB,Sample Reddit post about BB - 🚀,93,46,93
2021-09-06,BB,Sample Reddit post about BB - 🚀🚀🚀,111,55,111
2021-09-07,BB,Sample Reddit post about BB - 🚀🚀,121,60,121
2021-09-08,BB,Sample Reddit post about BB - 🚀🚀,545,272,545
2021-09-09,BB,Sample Reddit post about BB - 🚀,94,47,94
2021-09-10,BB,Sample Reddit post about BB - 🚀🚀,95,47,95
2021-09-11,BB,Sample Reddit post about BB - 🚀,91,45,91
2021-09-12,BB,Sample Reddit post about BB - 🚀,99,49,99
2021-09-13,BB,Sample Reddit post about BB - 🚀,104,52,104
2021-09-14,BB,Sample Reddit post about BB - 🚀🚀🚀,119,59,119
2021-09-15,BB,Sample Reddit post about BB - 🚀,102,51,102
2021-09-16,BB,Sample Reddit post about BB - 🚀🚀🚀,94,47,94
2021-09-17,BB,Sample Reddit post about BB - 🚀🚀🚀,89,44,89
2021-09-18,BB,Sample Reddit post about BB - 🚀🚀🚀,111,55,111
2021-09-19,BB,Sample Reddit post about BB - 🚀🚀,97,48,97
2021-09-20,BB,Sample Reddit post about BB - 🚀,92,46,92
2021-09-21,BB,Sample Reddit post about BB - 🚀🚀,108,54,108
2021-09-22,BB,Sample Reddit post about BB - 🚀🚀,92,46,92
2021-09-23,BB,Sample Reddit post about BB - 🚀,110,55,110
2021-09-24,BB,Sample Reddit post about BB - 🚀🚀🚀,92,46,92
2021-09-25,BB,Sample Reddit post about BB - 🚀,91,45,91
2021-09-26,BB,Sample Reddit post about BB - 🚀🚀,79,39,79
2021-09-27,BB,Sample Reddit post about BB - 🚀🚀,94,47,94
2021-09-28,BB,Sample Reddit post about BB - 🚀🚀,91,45,91
2021-09-29,BB,Sample Reddit post about BB - 🚀,99,49,99
2021-09-30,BB,Sample Reddit post about BB - 🚀🚀,82,41,82
2021-10-01,BB,Sample Reddit post about BB - 🚀🚀,109,54,109
2021-10-02,BB,Sample Reddit post about BB - 🚀🚀,94,47,94
2021-10-03,BB,Sample Reddit post about BB - 🚀🚀🚀,89,44,89
2021-10-04,BB,Sample Reddit post about BB - 🚀,92,46,92
2021-10-05,BB,Sample Reddit post about BB - 🚀🚀🚀,107,53,107
2021-10-06,BB,Sample Reddit post about BB - 🚀🚀🚀,102,51,102
2021-10-07,BB,Sample Reddit post about BB - 🚀,115,57,115
2021-10-08,BB,Sample Reddit post about BB - 🚀🚀🚀,116,58,116
2021-10-09,BB,Sample Reddit post about BB - 🚀🚀,89,44,89
2021-10-10,BB,Sample Reddit post about BB - 🚀🚀🚀,107,53,107
2021-10-11,BB,Sample Reddit post about BB - 🚀🚀🚀,106,53,106
2021-10-12,BB,Sample Reddit post about BB - 🚀,99,49,99
2021-10-13,BB,Sample Reddit post about BB - 🚀,106,53,106
2021-10-14,BB,Sample Reddit post about BB - 🚀🚀,102,51,102
2021-10-15,BB,Sample Reddit post about BB - 🚀🚀,103,51,103
2021-10-16,BB,Sample Reddit post about BB - 🚀,106,53,106
2021-10-17,BB,Sample Reddit post about BB - 🚀🚀,94,47,94
2021-10-18,BB,Sample Reddit post about BB - 🚀,100,50,100
2021-10-19,BB,Sample Reddit post about BB - 🚀🚀,100,50,100
2021-10-20,BB,Sample Reddit post about BB - 🚀🚀,95,47,95
2021-10-21,BB,Sample Reddit post about BB - 🚀,108,54,108
2021-10-22,BB,Sample Reddit post about BB - 🚀🚀,102,51,102
2021-10-23,BB,Sample Reddit post about BB - 🚀,99,49,99
2021-10-24,BB,Sample Reddit post about BB - 🚀🚀,108,54,108
2021-10-25,BB,Sample Reddit post about BB - 🚀🚀,97,48,97
2021-10-26,BB,Sample Reddit post about BB - 🚀,98,49,98
2021-10-27,BB,Sample Reddit post about BB - 🚀🚀,95,47,95
2021-10-28,BB,Sample Reddit post about BB - 🚀🚀,565,282,565
2021-10-29,BB,Sample Reddit post about BB - 🚀🚀🚀,114,57,114
2021-10-30,BB,Sample Reddit post about BB - 🚀🚀🚀,94,47,94
2021-10-31,BB,Sample Reddit post about BB - 🚀🚀🚀,99,49,99
2021-11-01,BB,Sample Reddit post about BB - 🚀🚀🚀,93,46,93
2021-11-02,BB,Sample Reddit post about BB - 🚀,96,48,96
2021-11-03,BB,Sample Reddit post about BB - 🚀🚀,83,41,83
2021-11-04,BB,Sample Reddit post about BB - 🚀,86,43,86
2021-11-05,BB,Sample Reddit post about BB - 🚀,92,46,92
2021-11-06,BB,Sample Reddit post about BB - 🚀🚀,106,53,106
2021-11-07,BB,Sample Reddit post about BB - 🚀🚀,119,59,119
2021-11-08,BB,Sample Reddit post about BB - 🚀🚀🚀,109,54,109
2021-11-09,BB,Sample Reddit post about BB - 🚀🚀,102,51,102
2021-11-10,BB,Sample Reddit post about BB - 🚀🚀,100,50,100
2021-11-11,BB,Sample Reddit post about BB - 🚀,105,52,105
2021-11-12,BB,Sample Reddit post about BB - 🚀🚀,95,47,95
2021-11-13,BB,Sample Reddit post about BB - 🚀🚀,82,41,82
2021-11-14,BB,Sample Reddit post about BB - 🚀🚀,109,54,109
2021-11-15,BB,Sample Reddit post about BB - 🚀🚀🚀,87,43,87
2021-11-16,BB,Sample Reddit post about BB - 🚀🚀🚀,100,50,100
2021-11-17,BB,Sample Reddit post about BB - 🚀🚀,99,49,99
2021-11-18,BB,Sample Reddit post about BB - 🚀,109,54,109
2021-11-19,BB,Sample Reddit post about BB - 🚀🚀,111,55,111
2021-11-20,BB,Sample Reddit post about BB - 🚀,104,52,104
2021-11-21,BB,Sample Reddit post about BB - 🚀🚀,98,49,98
2021-11-22,BB,Sample Reddit post about BB - 🚀🚀🚀,103,51,103
2021-11-23,BB,Sample Reddit post about BB - 🚀,94,47,94
2021-11-24,BB,Sample Reddit post about BB - 🚀🚀,96,48,96
2021-11-25,BB,Sample Reddit post about BB - 🚀,92,46,92
2021-11-26,BB,Sample Reddit post about BB - 🚀,80,40,80
2021-11-27,BB,Sample Reddit post about BB - 🚀🚀🚀,95,47,95
2021-11-28,BB,Sample Reddit post about BB - 🚀,101,50,101
2021-11-29,BB,Sample Reddit post about BB - 🚀🚀🚀,107,53,107
2021-11-30,BB,Sample Reddit post about BB - 🚀🚀,114,57,114
2021-12-01,BB,Sample Reddit post about BB - 🚀🚀,119,59,119
2021-12-02,BB,Sample Reddit post about BB - 🚀🚀,91,45,91
2021-12-03,BB,Sample Reddit post about BB - 🚀🚀🚀,84,42,84
2021-12-04,BB,Sample Reddit post about BB - 🚀🚀🚀,109,54,109
2021-12-05,BB,Sample Reddit post about BB - 🚀,100,50,100
2021-12-06,BB,Sample Reddit post about BB - 🚀,99,49,99
2021-12-07,BB,Sample Reddit post about BB - 🚀🚀,88,44,88
2021-12-08,BB,Sample Reddit post about BB - 🚀,115,57,115
2021-12-09,BB,Sample Reddit post about BB - 🚀🚀,94,47,94
2021-12-10,BB,Sample Reddit post about BB - 🚀🚀,113,56,113
2021-12-11,BB,Sample Reddit post about BB - 🚀,89,44,89
2021-12-12,BB,Sample Reddit post about BB - 🚀🚀,114,57,114
2021-12-13,BB,Sample Reddit post about BB - 🚀🚀,109,54,109
2021-12-14,BB,Sample Reddit post about BB - 🚀,109,54,109
2021-12-15,BB,Sample Reddit post about BB - 🚀🚀,95,47,95
2021-12-16,BB,Sample Reddit post about BB - 🚀,112,56,112
2021-12-17,BB,Sample Reddit post about BB - 🚀🚀,415,207,415
2021-12-18,BB,Sample Reddit post about BB - 🚀🚀🚀,92,46,92
2021-12-19,BB,Sample Reddit post about BB - 🚀,113,56,113
2021-12-20,BB,Sample Reddit post about BB - 🚀🚀🚀,120,60,120
2021-12-21,BB,Sample Reddit post about BB - 🚀🚀,79,39,79
2021-12-22,BB,Sample Reddit post about BB - 🚀🚀,84,42,84
2021-12-23,BB,Sample Reddit post about BB - 🚀🚀,96,48,96
2021-12-24,BB,Sample Reddit post about BB - 🚀🚀,111,55,111
2021-12-25,BB,Sample Reddit post about BB - 🚀,90,45,90
2021-12-26,BB,Sample Reddit post about BB - 🚀🚀🚀,88,44,88
2021-12-27,BB,Sample Reddit post about BB - 🚀🚀🚀,87,43,87
2021-12-28,BB,Sample Reddit post about BB - 🚀🚀🚀,80,40,80
2021-12-29,BB,Sample Reddit post about BB - 🚀🚀,79,39,79
2021-12-30,BB,Sample Reddit post about BB - 🚀,101,50,101
2021-12-31,BB,Sample Reddit post about BB - 🚀🚀🚀,98,49,98
2022-01-01,BB,Sample Reddit post about BB - 🚀🚀🚀,99,49,99
2022-01-02,BB,Sample Reddit post about BB - 🚀,121,60,121
2022-01-03,BB,Sample Reddit post about BB - 🚀🚀,97,48,97
2022-01-04,BB,Sample Reddit post about BB - 🚀,108,54,108
2022-01-05,BB,Sample Reddit post about BB - 🚀🚀🚀,117,58,117
2022-01-06,BB,Sample Reddit post about BB - 🚀🚀,94,47,94
2022-01-07,BB,Sample Reddit post about BB - 🚀🚀🚀,120,60,120
2022-01-08,BB,Sample Reddit post about BB - 🚀🚀,110,55,110
2022-01-09,BB,Sample Reddit post about BB - 🚀🚀🚀,108,54,108
2022-01-10,BB,Sample Reddit post about BB - 🚀,101,50,101
2022-01-11,BB,Sample Reddit post about BB - 🚀🚀,84,42,84
2022-01-12,BB,Sample Reddit post about BB - 🚀🚀,100,50,100
2022-01-13,BB,Sample Reddit post about BB - 🚀🚀,94,47,94
2022-01-14,BB,Sample Reddit post about BB - 🚀,102,51,102
2022-01-15,BB,Sample Reddit post about BB - 🚀🚀🚀,106,53,106
2022-01-16,BB,Sample Reddit post about BB - 🚀🚀,108,54,108
2022-01-17,BB,Sample Reddit post about BB - 🚀🚀,110,55,110
2022-01-18,BB,Sample Reddit post about BB - 🚀🚀🚀,119,59,119
2022-01-19,BB,Sample Reddit post about BB - 🚀,102,51,102
2022-01-20,BB,Sample Reddit post about BB - 🚀,104,52,104
2022-01-21,BB,Sample Reddit post about BB - 🚀🚀🚀,121,60,121
2022-01-22,BB,Sample Reddit post about BB - 🚀🚀,91,45,91
2022-01-23,BB,Sample Reddit post about BB - 🚀🚀🚀,95,47,95
2022-01-24,BB,Sample Reddit post about BB - 🚀🚀🚀,103,51,103
2022-01-25,BB,Sample Reddit post about BB - 🚀🚀,105,52,105
2022-01-26,BB,Sample Reddit post about BB - 🚀,93,46,93
2022-01-27,BB,Sample Reddit post about BB - 🚀,80,40,80
2022-01-28,BB,Sample Reddit post about BB - 🚀,96,48,96
2022-01-29,BB,Sample Reddit post about BB - 🚀,98,49,98
2022-01-30,BB,Sample Reddit post about BB - 🚀🚀,117,58,117
2022-01-31,BB,Sample Reddit post about BB - 🚀,102,51,102
2022-02-01,BB,Sample Reddit post about BB - 🚀🚀🚀,107,53,107
2022-02-02,BB,Sample Reddit post about BB - 🚀,102,51,102
2022-02-03,BB,Sample Reddit post about BB - 🚀,99,49,99
2022-02-04,BB,Sample Reddit post about BB - 🚀,113,56,113
2022-02-05,BB,Sample Reddit post about BB - 🚀,465,232,465
2022-02-06,BB,Sample Reddit post about BB - 🚀🚀,104,52,104
2022-02-07,BB,Sample Reddit post about BB - 🚀,91,45,91
2022-02-08,BB,Sample Reddit post about BB - 🚀🚀🚀,113,56,113
2022-02-09,BB,Sample Reddit post about BB - 🚀,101,50,101
2022-02-10,BB,Sample Reddit post about BB - 🚀,98,49,98
2022-02-11,BB,Sample Reddit post about BB - 🚀,113,56,113
2022-02-12,BB,Sample Reddit post about BB - 🚀,108,54,108
2022-02-13,BB,Sample Reddit post about BB - 🚀🚀🚀,102,51,102
2022-02-14,BB,Sample Reddit post about BB - 🚀🚀,88,44,88
2022-02-15,BB,Sample Reddit post about BB - 🚀,100,50,100
2022-02-16,BB,Sample Reddit post about BB - 🚀🚀,96,48,96
2022-02-17,BB,Sample Reddit post about BB - 🚀,94,47,94
2022-02-18,BB,Sample Reddit post about BB - 🚀🚀🚀,103,51,103
2022-02-19,BB,Sample Reddit post about BB - 🚀🚀🚀,106,53,106
2022-02-20,BB,Sample Reddit post about BB - 🚀🚀,102,51,102
2022-02-21,BB,Sample Reddit post about BB - 🚀🚀🚀,100,50,100
2022-02-22,BB,Sample Reddit post about BB - 🚀🚀🚀,99,49,99
2022-02-23,BB,Sample Reddit post about BB - 🚀,106,53,106
2022-02-24,BB,Sample Reddit post about BB - 🚀🚀,97,48,97
2022-02-25,BB,Sample Reddit post about BB - 🚀,93,46,93
2022-02-26,BB,Sample Reddit post about BB - 🚀🚀🚀,107,53,107
2022-02-27,BB,Sample Reddit post about BB - 🚀,109,54,109
2022-02-28,BB,Sample Reddit post about BB - 🚀🚀🚀,100,50,100
2022-03-01,BB,Sample Reddit post about BB - 🚀🚀🚀,93,46,93
2022-03-02,BB,Sample Reddit post about BB - 🚀🚀,117,58,117
2022-03-03,BB,Sample Reddit post about BB - 🚀🚀,91,45,91
2022-03-04,BB,Sample Reddit post about BB - 🚀,95,47,95
2022-03-05,BB,Sample Reddit post about BB - 🚀🚀,88,44,88
2022-03-06,BB,Sample Reddit post about BB - 🚀🚀,108,54,108
2022-03-07,BB,Sample Reddit post about BB - 🚀,84,42,84
2022-03-08,BB,Sample Reddit post about BB - 🚀🚀🚀,110,55,110
2022-03-09,BB,Sample Reddit post about BB - 🚀🚀,102,51,102
2022-03-10,BB,Sample Reddit post about BB - 🚀,95,47,95
2022-03-11,BB,Sample Reddit post about BB - 🚀🚀,107,53,107
2022-03-12,BB,Sample Reddit post about BB - 🚀,109,54,109
2022-03-13,BB,Sample Reddit post about BB - 🚀,93,46,93
2022-03-14,BB,Sample Reddit post about BB - 🚀🚀,93,46,93
2022-03-15,BB,Sample Reddit post about BB - 🚀,96,48,96
2022-03-16,BB,Sample Reddit post about BB - 🚀🚀,85,42,85
2022-03-17,BB,Sample Reddit post about BB - 🚀🚀🚀,91,45,91
2022-03-18,BB,Sample Reddit post about BB - 🚀🚀🚀,111,55,111
2022-03-19,BB,Sample Reddit post about BB - 🚀🚀🚀,102,51,102
2022-03-20,BB,Sample Reddit post about BB - 🚀🚀,96,48,96
2022-03-21,BB,Sample Reddit post about BB - 🚀🚀🚀,112,56,112
2022-03-22,BB,Sample Reddit post about BB - 🚀🚀🚀,99,49,99
2022-03-23,BB,Sample Reddit post about BB - 🚀,109,54,109
2022-03-24,BB,Sample Reddit post about BB - 🚀🚀🚀,115,57,115
2022-03-25,BB,Sample Reddit post about BB - 🚀🚀,96,48,96
2022-03-26,BB,Sample Reddit post about BB - 🚀🚀,93,46,93
2022-03-27,BB,Sample Reddit post about BB - 🚀,510,255,510
2022-03-28,BB,Sample Reddit post about BB - 🚀🚀🚀,101,50,101
2022-03-29,BB,Sample Reddit post about BB - 🚀🚀,86,43,86
2022-03-30,BB,Sample Reddit post about BB - 🚀🚀,107,53,107
2022-03-31,BB,Sample Reddit post about BB - 🚀,101,50,101
2022-04-01,BB,Sample Reddit post about BB - 🚀🚀,99,49,99
2022-04-02,BB,Sample Reddit post about BB - 🚀,91,45,91
2022-04-03,BB,Sample Reddit post about BB - 🚀,92,46,92
2022-04-04,BB,Sample Reddit post about BB - 🚀🚀,106,53,106
2022-04-05,BB,Sample Reddit post about BB - 🚀,118,59,118
2022-04-06,BB,Sample Reddit post about BB - 🚀🚀,114,57,114
2022-04-07,BB,Sample Reddit post about BB - 🚀,118,59,118
2022-04-08,BB,Sample Reddit post about BB - 🚀,89,44,89
2022-04-09,BB,Sample Reddit post about BB - 🚀🚀🚀,107,53,107
2022-04-10,BB,Sample Reddit post about BB - 🚀🚀🚀,100,50,100
2022-04-11,BB,Sample Reddit post about BB - 🚀🚀🚀,107,53,107
2022-04-12,BB,Sample Reddit post about BB - 🚀🚀🚀,84,42,84
2022-04-13,BB,Sample Reddit post about BB - 🚀🚀🚀,100,50,100
2022-04-14,BB,Sample Reddit post about BB - 🚀🚀,109,54,109
2022-04-15,BB,Sample Reddit post about BB - 🚀🚀,89,44,89
2022-04-16,BB,Sample Reddit post about BB - 🚀🚀,110,55,110
2022-04-17,BB,Sample Reddit post about BB - 🚀🚀🚀,114,57,114
2022-04-18,BB,Sample Reddit post about BB - 🚀🚀,95,47,95
2022-04-19,BB,Sample Reddit post about BB - 🚀,101,50,101
2022-04-20,BB,Sample Reddit post about BB - 🚀🚀🚀,99,49,99
2022-04-21,BB,Sample Reddit post about BB - 🚀🚀🚀,88,44,88
2022-04-22,BB,Sample Reddit post about BB - 🚀🚀,102,51,102
2022-04-23,BB,Sample Reddit post about BB - 🚀🚀🚀,98,49,98
2022-04-24,BB,Sample Reddit post about BB - 🚀🚀,100,50,100
2022-04-25,BB,Sample Reddit post about BB - 🚀🚀,100,50,100
2022-04-26,BB,Sample Reddit post about BB - 🚀🚀,98,49,98
2022-04-27,BB,Sample Reddit post about BB - 🚀,84,42,84
2022-04-28,BB,Sample Reddit post about BB - 🚀,93,46,93
2022-04-29,BB,Sample Reddit post about BB - 🚀🚀🚀,91,45,91
2022-04-30,BB,Sample Reddit post about BB - 🚀,88,44,88
2022-05-01,BB,Sample Reddit post about BB - 🚀🚀🚀,103,51,103
2022-05-02,BB,Sample Reddit post about BB - 🚀🚀🚀,101,50,101
2022-05-03,BB,Sample Reddit post about BB - 🚀🚀🚀,97,48,97
2022-05-04,BB,Sample Reddit post about BB - 🚀🚀,89,44,89
2022-05-05,BB,Sample Reddit post about BB - 🚀,90,45,90
2022-05-06,BB,Sample Reddit post about BB - 🚀🚀🚀,94,47,94
2022-05-07,BB,Sample Reddit post about BB - 🚀🚀🚀,108,54,108
2022-05-08,BB,Sample Reddit post about BB - 🚀🚀,110,55,110
2022-05-09,BB,Sample Reddit post about BB - 🚀,91,45,91
2022-05-10,BB,Sample Reddit post about BB - 🚀,82,41,82
2022-05-11,BB,Sample Reddit post about BB - 🚀,106,53,106
2022-05-12,BB,Sample Reddit post about BB - 🚀,103,51,103
2022-05-13,BB,Sample Reddit post about BB - 🚀,115,57,115
2022-05-14,BB,Sample Reddit post about BB - 🚀🚀🚀,121,60,121
2022-05-15,BB,Sample Reddit post about BB - 🚀🚀🚀,83,41,83
2022-05-16,BB,Sample Reddit post about BB - 🚀,510,255,510
2022-05-17,BB,Sample Reddit post about BB - 🚀,112,56,112
2022-05-18,BB,Sample Reddit post about BB - 🚀,83,41,83
2022-05-19,BB,Sample Reddit post about BB - 🚀🚀🚀,125,62,125
2022-05-20,BB,Sample Reddit post about BB - 🚀,108,54,108
2022-05-21,BB,Sample Reddit post about BB - 🚀🚀🚀,102,51,102
2022-05-22,BB,Sample Reddit post about BB - 🚀🚀,70,35,70
2022-05-23,BB,Sample Reddit post about BB - 🚀,106,53,106
2022-05-24,BB,Sample Reddit post about BB - 🚀🚀🚀,98,49,98
2022-05-25,BB,Sample Reddit post about BB - 🚀🚀🚀,96,48,96
2022-05-26,BB,Sample Reddit post about BB - 🚀🚀,100,50,100
2022-05-27,BB,Sample Reddit post about BB - 🚀🚀🚀,100,50,100
2022-05-28,BB,Sample Reddit post about BB - 🚀🚀,93,46,93
2022-05-29,BB,Sample Reddit post about BB - 🚀,98,49,98
2022-05-30,BB,Sample Reddit post about BB - 🚀🚀🚀,94,47,94
2022-05-31,BB,Sample Reddit post about BB - 🚀🚀,95,47,95
2022-06-01,BB,Sample Reddit post about BB - 🚀🚀🚀,104,52,104
2022-06-02,BB,Sample Reddit post about BB - 🚀🚀🚀,90,45,90
2022-06-03,BB,Sample Reddit post about BB - 🚀,97,48,97
2022-06-04,BB,Sample Reddit post about BB - 🚀🚀,90,45,90
2022-06-05,BB,Sample Reddit post about BB - 🚀🚀🚀,90,45,90
2022-06-06,BB,Sample Reddit post about BB - 🚀🚀🚀,89,44,89
2022-06-07,BB,Sample Reddit post about BB - 🚀🚀🚀,109,54,109
2022-06-08,BB,Sample Reddit post about BB - 🚀,88,44,88
2022-06-09,BB,Sample Reddit post about BB - 🚀🚀🚀,84,42,84
2022-06-10,BB,Sample Reddit post about BB - 🚀🚀,103,51,103
2022-06-11,BB,Sample Reddit post about BB - 🚀🚀,93,46,93
2022-06-12,BB,Sample Reddit post about BB - 🚀🚀,97,48,97
2022-06-13,BB,Sample Reddit post about BB - 🚀🚀🚀,111,55,111
2022-06-14,BB,Sample Reddit post about BB - 🚀,104,52,104
2022-06-15,BB,Sample Reddit post about BB - 🚀,107,53,107
2022-06-16,BB,Sample Reddit post about BB - 🚀🚀,106,53,106
2022-06-17,BB,Sample Reddit post about BB - 🚀🚀🚀,108,54,108
2022-06-18,BB,Sample Reddit post about BB - 🚀🚀,107,53,107
2022-06-19,BB,Sample Reddit post about BB - 🚀,90,45,90
2022-06-20,BB,Sample Reddit post about BB - 🚀🚀,108,54,108
2022-06-21,BB,Sample Reddit post about BB - 🚀,98,49,98
2022-06-22,BB,Sample Reddit post about BB - 🚀🚀,91,45,91
2022-06-23,BB,Sample Reddit post about BB - 🚀,110,55,110
2022-06-24,BB,Sample Reddit post about BB - 🚀,118,59,118
2022-06-25,BB,Sample Reddit post about BB - 🚀,99,49,99
2022-06-26,BB,Sample Reddit post about BB - 🚀🚀🚀,120,60,120
2022-06-27,BB,Sample Reddit post about BB - 🚀🚀,103,51,103
2022-06-28,BB,Sample Reddit post about BB - 🚀🚀🚀,117,58,117
2022-06-29,BB,Sample Reddit post about BB - 🚀,104,52,104
2022-06-30,BB,Sample Reddit post about BB - 🚀🚀,96,48,96
2022-07-01,BB,Sample Reddit post about BB - 🚀🚀🚀,105,52,105
2022-07-02,BB,Sample Reddit post about BB - 🚀🚀🚀,110,55,110
2022-07-03,BB,Sample Reddit post about BB - 🚀🚀,93,46,93
2022-07-04,BB,Sample Reddit post about BB - 🚀🚀🚀,90,45,90
2022-07-05,BB,Sample Reddit post about BB - 🚀,475,237,475
2022-07-06,BB,Sample Reddit post about BB - 🚀,112,56,112
2022-07-07,BB,Sample Reddit post about BB - 🚀,100,50,100
2022-07-08,BB,Sample Reddit post about BB - 🚀🚀,87,43,87
2022-07-09,BB,Sample Reddit post about BB - 🚀,107,53,107
2022-07-10,BB,Sample Reddit post about BB - 🚀🚀,108,54,108
2022-07-11,BB,Sample Reddit post about BB - 🚀🚀🚀,97,48,97
2022-07-12,BB,Sample Reddit post about BB - 🚀🚀,109,54,109
2022-07-13,BB,Sample Reddit post about BB - 🚀🚀🚀,96,48,96
2022-07-14,BB,Sample Reddit post about BB - 🚀,100,50,100
2022-07-15,BB,Sample Reddit post about BB - 🚀🚀🚀,112,56,112
2022-07-16,BB,Sample Reddit post about BB - 🚀🚀,86,43,86
2022-07-17,BB,Sample Reddit post about BB - 🚀,103,51,103
2022-07-18,BB,Sample Reddit post about BB - 🚀🚀,102,51,102
2022-07-19,BB,Sample Reddit post about BB - 🚀🚀,116,58,116
2022-07-20,BB,Sample Reddit post about BB - 🚀🚀,102,51,102
2022-07-21,BB,Sample Reddit post about BB - 🚀,100,50,100
2022-07-22,BB,Sample Reddit post about BB - 🚀,113,56,113
2022-07-23,BB,Sample Reddit post about BB - 🚀🚀,99,49,99
2022-07-24,BB,Sample Reddit post about BB - 🚀🚀🚀,101,50,101
2022-07-25,BB,Sample Reddit post about BB - 🚀🚀🚀,107,53,107
2022-07-26,BB,Sample Reddit post about BB - 🚀,102,51,102
2022-07-27,BB,Sample Reddit post about BB - 🚀🚀,103,51,103
2022-07-28,BB,Sample Reddit post about BB - 🚀🚀🚀,121,60,121
2022-07-29,BB,Sample Reddit post about BB - 🚀🚀,101,50,101
2022-07-30,BB,Sample Reddit post about BB - 🚀,103,51,103
2022-07-31,BB,Sample Reddit post about BB - 🚀🚀,97,48,97
2022-08-01,BB,Sample Reddit post about BB - 🚀🚀🚀,95,47,95
2022-08-02,BB,Sample Reddit post about BB - 🚀🚀,99,49,99
2022-08-03,BB,Sample Reddit post about BB - 🚀,83,41,83
2022-08-04,BB,Sample Reddit post about BB - 🚀🚀,85,42,85
2022-08-05,BB,Sample Reddit post about BB - 🚀🚀,116,58,116
2022-08-06,BB,Sample Reddit post about BB - 🚀,110,55,110
2022-08-07,BB,Sample Reddit post about BB - 🚀,96,48,96
2022-08-08,BB,Sample Reddit post about BB - 🚀🚀,101,50,101
2022-08-09,BB,Sample Reddit post about BB - 🚀🚀,111,55,111
2022-08-10,BB,Sample Reddit post about BB - 🚀,109,54,109
2022-08-11,BB,Sample Reddit post about BB - 🚀🚀,91,45,91
2022-08-12,BB,Sample Reddit post about BB - 🚀🚀🚀,88,44,88
2022-08-13,BB,Sample Reddit post about BB - 🚀,95,47,95
2022-08-14,BB,Sample Reddit post about BB - 🚀,103,51,103
2022-08-15,BB,Sample Reddit post about BB - 🚀🚀,96,48,96
2022-08-16,BB,Sample Reddit post about BB - 🚀🚀,106,53,106
2022-08-17,BB,Sample Reddit post about BB - 🚀,88,44,88
2022-08-18,BB,Sample Reddit post about BB - 🚀🚀,97,48,97
2022-08-19,BB,Sample Reddit post about BB - 🚀🚀🚀,97,48,97
2022-08-20,BB,Sample Reddit post about BB - 🚀,108,54,108
2022-08-21,BB,Sample Reddit post about BB - 🚀,109,54,109
2022-08-22,BB,Sample Reddit post about BB - 🚀🚀🚀,115,57,115
2022-08-23,BB,Sample Reddit post about BB - 🚀🚀,120,60,120
2022-08-24,BB,Sample Reddit post about BB - 🚀,495,247,495
2022-08-25,BB,Sample Reddit post about BB - 🚀🚀🚀,110,55,110
2022-08-26,BB,Sample Reddit post about BB - 🚀,93,46,93
2022-08-27,BB,Sample Reddit post about BB - 🚀🚀🚀,98,49,98
2022-08-28,BB,Sample Reddit post about BB - 🚀🚀🚀,103,51,103
2022-08-29,BB,Sample Reddit post about BB - 🚀,93,46,93
2022-08-30,BB,Sample Reddit post about BB - 🚀,96,48,96
2022-08-31,BB,Sample Reddit post about BB - 🚀🚀🚀,113,56,113
2022-09-01,BB,Sample Reddit post about BB - 🚀🚀🚀,98,49,98
2022-09-02,BB,Sample Reddit post about BB - 🚀🚀,121,60,121
2022-09-03,BB,Sample Reddit post about BB - 🚀🚀,106,53,106
2022-09-04,BB,Sample Reddit post about BB - 🚀🚀,97,48,97
2022-09-05,BB,Sample Reddit post about BB - 🚀,84,42,84
2022-09-06,BB,Sample Reddit post about BB - 🚀🚀,100,50,100
2022-09-07,BB,Sample Reddit post about BB - 🚀,96,48,96
2022-09-08,BB,Sample Reddit post about BB - 🚀,97,48,97
2022-09-09,BB,Sample Reddit post about BB - 🚀,105,52,105
2022-09-10,BB,Sample Reddit post about BB - 🚀,99,49,99
2022-09-11,BB,Sample Reddit post about BB - 🚀🚀🚀,103,51,103
2022-09-12,BB,Sample Reddit post about BB - 🚀🚀🚀,96,48,96
2022-09-13,BB,Sample Reddit post about BB - 🚀🚀🚀,105,52,105
2022-09-14,BB,Sample Reddit post about BB - 🚀🚀🚀,94,47,94
2022-09-15,BB,Sample Reddit post about BB - 🚀,101,50,101
2022-09-16,BB,Sample Reddit post about BB - 🚀🚀,94,47,94
2022-09-17,BB,Sample Reddit post about BB - 🚀🚀,87,43,87
2022-09-18,BB,Sample Reddit post about BB - 🚀🚀🚀,107,53,107
2022-09-19,BB,Sample Reddit post about BB - 🚀🚀,99,49,99
2022-09-20,BB,Sample Reddit post about BB - 🚀🚀🚀,98,49,98
2022-09-21,BB,Sample Reddit post about BB - 🚀🚀🚀,113,56,113
2022-09-22,BB,Sample Reddit post about BB - 🚀🚀,107,53,107
2022-09-23,BB,Sample Reddit post about BB - 🚀,112,56,112
2022-09-24,BB,Sample Reddit post about BB - 🚀🚀,109,54,109
2022-09-25,BB,Sample Reddit post about BB - 🚀🚀🚀,96,48,96
2022-09-26,BB,Sample Reddit post about BB - 🚀🚀🚀,112,56,112
2022-09-27,BB,Sample Reddit post about BB - 🚀,109,54,109
2022-09-28,BB,Sample Reddit post about BB - 🚀🚀,98,49,98
2022-09-29,BB,Sample Reddit post about BB - 🚀🚀🚀,110,55,110
2022-09-30,BB,Sample Reddit post about BB - 🚀🚀,89,44,89
2022-10-01,BB,Sample Reddit post about BB - 🚀🚀🚀,98,49,98
2022-10-02,BB,Sample Reddit post about BB - 🚀🚀,93,46,93
2022-10-03,BB,Sample Reddit post about BB - 🚀🚀🚀,101,50,101
2022-10-04,BB,Sample Reddit post about BB - 🚀🚀,99,49,99
2022-10-05,BB,Sample Reddit post about BB - 🚀🚀🚀,97,48,97
2022-10-06,BB,Sample Reddit post about BB - 🚀🚀,100,50,100
2022-10-07,BB,Sample Reddit post about BB - 🚀🚀🚀,117,58,117
2022-10-08,BB,Sample Reddit post about BB - 🚀🚀🚀,94,47,94
2022-10-09,BB,Sample Reddit post about BB - 🚀,108,54,108
2022-10-10,BB,Sample Reddit post about BB - 🚀,97,48,97
2022-10-11,BB,Sample Reddit post about BB - 🚀🚀🚀,103,51,103
2022-10-12,BB,Sample Reddit post about BB - 🚀🚀,98,49,98
2022-10-13,BB,Sample Reddit post about BB - 🚀🚀,440,220,440
2022-10-14,BB,Sample Reddit post about BB - 🚀🚀,95,47,95
2022-10-15,BB,Sample Reddit post about BB - 🚀🚀🚀,103,51,103
2022-10-16,BB,Sample Reddit post about BB - 🚀🚀,103,51,103
2022-10-17,BB,Sample Reddit post about BB - 🚀,87,43,87
2022-10-18,BB,Sample Reddit post about BB - 🚀,122,61,122
2022-10-19,BB,Sample Reddit post about BB - 🚀🚀🚀,77,38,77
2022-10-20,BB,Sample Reddit post about BB - 🚀,94,47,94
2022-10-21,BB,Sample Reddit post about BB - 🚀🚀,89,44,89
2022-10-22,BB,Sample Reddit post about BB - 🚀,112,56,112
2022-10-23,BB,Sample Reddit post about BB - 🚀🚀,98,49,98
2022-10-24,BB,Sample Reddit post about BB - 🚀,80,40,80
2022-10-25,BB,Sample Reddit post about BB - 🚀,101,50,101
2022-10-26,BB,Sample Reddit post about BB - 🚀🚀🚀,112,56,112
2022-10-27,BB,Sample Reddit post about BB - 🚀🚀🚀,81,40,81
2022-10-28,BB,Sample Reddit post about BB - 🚀🚀🚀,115,57,115
2022-10-29,BB,Sample Reddit post about BB - 🚀🚀,84,42,84
2022-10-30,BB,Sample Reddit post about BB - 🚀,114,57,114
2022-10-31,BB,Sample Reddit post about BB - 🚀🚀,103,51,103
2022-11-01,BB,Sample Reddit post about BB - 🚀🚀,88,44,88
2022-11-02,BB,Sample Reddit post about BB - 🚀🚀,97,48,97
2022-11-03,BB,Sample Reddit post about BB - 🚀🚀🚀,115,57,115
2022-11-04,BB,Sample Reddit post about BB - 🚀🚀🚀,96,48,96
2022-11-05,BB,Sample Reddit post about BB - 🚀🚀🚀,98,49,98
2022-11-06,BB,Sample Reddit post about BB - 🚀🚀,84,42,84
2022-11-07,BB,Sample Reddit post about BB - 🚀,85,42,85
2022-11-08,BB,Sample Reddit post about BB - 🚀,96,48,96
2022-11-09,BB,Sample Reddit post about BB - 🚀🚀,107,53,107
2022-11-10,BB,Sample Reddit post about BB - 🚀,119,59,119
2022-11-11,BB,Sample Reddit post about BB - 🚀🚀,107,53,107
2022-11-12,BB,Sample Reddit post about BB - 🚀,111,55,111
2022-11-13,BB,Sample Reddit post about BB - 🚀🚀🚀,112,56,112
2022-11-14,BB,Sample Reddit post about BB - 🚀🚀🚀,105,52,105
2022-11-15,BB,Sample Reddit post about BB - 🚀,86,43,86
2022-11-16,BB,Sample Reddit post about BB - 🚀🚀🚀,92,46,92
2022-11-17,BB,Sample Reddit post about BB - 🚀🚀,86,43,86
2022-11-18,BB,Sample Reddit post about BB - 🚀,96,48,96
2022-11-19,BB,Sample Reddit post about BB - 🚀🚀,96,48,96
2022-11-20,BB,Sample Reddit post about BB - 🚀🚀🚀,109,54,109
2022-11-21,BB,Sample Reddit post about BB - 🚀🚀,107,53,107
2022-11-22,BB,Sample Reddit post about BB - 🚀🚀,117,58,117
2022-11-23,BB,Sample Reddit post about BB - 🚀🚀,86,43,86
2022-11-24,BB,Sample Reddit post about BB - 🚀🚀,111,55,111
2022-11-25,BB,Sample Reddit post about BB - 🚀,98,49,98
2022-11-26,BB,Sample Reddit post about BB - 🚀,88,44,88
2022-11-27,BB,Sample Reddit post about BB - 🚀🚀🚀,100,50,100
2022-11-28,BB,Sample Reddit post about BB - 🚀🚀🚀,90,45,90
2022-11-29,BB,Sample Reddit post about BB - 🚀,111,55,111
2022-11-30,BB,Sample Reddit post about BB - 🚀,113,56,113
2022-12-01,BB,Sample Reddit post about BB - 🚀,96,48,96
2022-12-02,BB,Sample Reddit post about BB - 🚀,520,260,520
2022-12-03,BB,Sample Reddit post about BB - 🚀🚀🚀,92,46,92
2022-12-04,BB,Sample Reddit post about BB - 🚀🚀,102,51,102
2022-12-05,BB,Sample Reddit post about BB - 🚀🚀,94,47,94
2022-12-06,BB,Sample Reddit post about BB - 🚀🚀,127,63,127
2022-12-07,BB,Sample Reddit post about BB - 🚀🚀🚀,96,48,96
2022-12-08,BB,Sample Reddit post about BB - 🚀🚀🚀,109,54,109
2022-12-09,BB,Sample Reddit post about BB - 🚀,100,50,100
2022-12-10,BB,Sample Reddit post about BB - 🚀🚀,103,51,103
2022-12-11,BB,Sample Reddit post about BB - 🚀🚀🚀,88,44,88
2022-12-12,BB,Sample Reddit post about BB - 🚀,111,55,111
2022-12-13,BB,Sample Reddit post about BB - 🚀,85,42,85
2022-12-14,BB,Sample Reddit post about BB - 🚀,92,46,92
2022-12-15,BB,Sample Reddit post about BB - 🚀,115,57,115
2022-12-16,BB,Sample Reddit post about BB - 🚀🚀,106,53,106
2022-12-17,BB,Sample Reddit post about BB - 🚀🚀🚀,111,55,111
2022-12-18,BB,Sample Reddit post about BB - 🚀🚀🚀,107,53,107
2022-12-19,BB,Sample Reddit post about BB - 🚀🚀,99,49,99
2022-12-20,BB,Sample Reddit post about BB - 🚀🚀,115,57,115
2022-12-21,BB,Sample Reddit post about BB - 🚀,113,56,113
2022-12-22,BB,Sample Reddit post about BB - 🚀🚀🚀,84,42,84
2022-12-23,BB,Sample Reddit post about BB - 🚀,100,50,100
2022-12-24,BB,Sample Reddit post about BB - 🚀🚀,96,48,96
2022-12-25,BB,Sample Reddit post about BB - 🚀🚀,93,46,93
2022-12-26,BB,Sample Reddit post about BB - 🚀🚀🚀,105,52,105
2022-12-27,BB,Sample Reddit post about BB - 🚀🚀🚀,96,48,96
2022-12-28,BB,Sample Reddit post about BB - 🚀🚀,108,54,108
2022-12-29,BB,Sample Reddit post about BB - 🚀🚀,94,47,94
2022-12-30,BB,Sample Reddit post about BB - 🚀🚀🚀,93,46,93
2022-12-31,BB,Sample Reddit post about BB - 🚀🚀🚀,108,54,108
2023-01-01,BB,Sample Reddit post about BB - 🚀🚀🚀,111,55,111
2023-01-02,BB,Sample Reddit post about BB - 🚀🚀,102,51,102
2023-01-03,BB,Sample Reddit post about BB - 🚀,99,49,99
2023-01-04,BB,Sample Reddit post about BB - 🚀,94,47,94
2023-01-05,BB,Sample Reddit post about BB - 🚀,108,54,108
2023-01-06,BB,Sample Reddit post about BB - 🚀🚀,106,53,106
2023-01-07,BB,Sample Reddit post about BB - 🚀🚀,86,43,86
2023-01-08,BB,Sample Reddit post about BB - 🚀🚀,101,50,101
2023-01-09,BB,Sample Reddit post about BB - 🚀,91,45,91
2023-01-10,BB,Sample Reddit post about BB - 🚀🚀,104,52,104
2023-01-11,BB,Sample Reddit post about BB - 🚀🚀,120,60,120
2023-01-12,BB,Sample Reddit post about BB - 🚀🚀,100,50,100
2023-01-13,BB,Sample Reddit post about BB - 🚀,113,56,113
2023-01-14,BB,Sample Reddit post about BB - 🚀🚀🚀,85,42,85
2023-01-15,BB,Sample Reddit post about BB - 🚀🚀,92,46,92
2023-01-16,BB,Sample Reddit post about BB - 🚀🚀🚀,112,56,112
2023-01-17,BB,Sample Reddit post about BB - 🚀🚀,98,49,98
2023-01-18,BB,Sample Reddit post about BB - 🚀🚀🚀,113,56,113
2023-01-19,BB,Sample Reddit post about BB - 🚀🚀🚀,108,54,108
2023-01-20,BB,Sample Reddit post about BB - 🚀🚀🚀,97,48,97
2023-01-21,BB,Sample Reddit post about BB - 🚀🚀🚀,565,282,565
2023-01-22,BB,Sample Reddit post about BB - 🚀,109,54,109
2023-01-23,BB,Sample Reddit post about BB - 🚀🚀,110,55,110
2023-01-24,BB,Sample Reddit post about BB - 🚀🚀🚀,95,47,95
2023-01-25,BB,Sample Reddit post about BB - 🚀🚀🚀,105,52,105
2023-01-26,BB,Sample Reddit post about BB - 🚀🚀,93,46,93
2023-01-27,BB,Sample Reddit post about BB - 🚀,84,42,84
2023-01-28,BB,Sample Reddit post about BB - 🚀🚀🚀,86,43,86
2023-01-29,BB,Sample Reddit post about BB - 🚀,103,51,103
2023-01-30,BB,Sample Reddit post about BB - 🚀🚀🚀,100,50,100
2023-01-31,BB,Sample Reddit post about BB - 🚀🚀🚀,113,56,113
2023-02-01,BB,Sample Reddit post about BB - 🚀🚀,99,49,99
2023-02-02,BB,Sample Reddit post about BB - 🚀,128,64,128
2023-02-03,BB,Sample Reddit post about BB - 🚀🚀🚀,103,51,103
2023-02-04,BB,Sample Reddit post about BB - 🚀🚀🚀,89,44,89
2023-02-05,BB,Sample Reddit post about BB - 🚀,98,49,98
2023-02-06,BB,Sample Reddit post about BB - 🚀🚀🚀,79,39,79
2023-02-07,BB,Sample Reddit post about BB - 🚀🚀,92,46,92
2023-02-08,BB,Sample Reddit post about BB - 🚀,82,41,82
2023-02-09,BB,Sample Reddit post about BB - 🚀,101,50,101
2023-02-10,BB,Sample Reddit post about BB - 🚀,99,49,99
2023-02-11,BB,Sample Reddit post about BB - 🚀🚀🚀,99,49,99
2023-02-12,BB,Sample Reddit post about BB - 🚀,92,46,92
2023-02-13,BB,Sample Reddit post about BB - 🚀,105,52,105
2023-02-14,BB,Sample Reddit post about BB - 🚀🚀,106,53,106
2023-02-15,BB,Sample Reddit post about BB - 🚀🚀🚀,109,54,109
2023-02-16,BB,Sample Reddit post about BB - 🚀,95,47,95
2023-02-17,BB,Sample Reddit post about BB - 🚀🚀🚀,94,47,94
2023-02-18,BB,Sample Reddit post about BB - 🚀🚀🚀,101,50,101
2023-02-19,BB,Sample Reddit post about BB - 🚀🚀,98,49,98
2023-02-20,BB,Sample Reddit post about BB - 🚀🚀🚀,94,47,94
2023-02-21,BB,Sample Reddit post about BB - 🚀🚀,83,41,83
2023-02-22,BB,Sample Reddit post about BB - 🚀🚀🚀,104,52,104
2023-02-23,BB,Sample Reddit post about BB - 🚀🚀🚀,97,48,97
2023-02-24,BB,Sample Reddit post about BB - 🚀🚀🚀,81,40,81
2023-02-25,BB,Sample Reddit post about BB - 🚀🚀🚀,109,54,109
2023-02-26,BB,Sample Reddit post about BB - 🚀🚀,91,45,91
2023-02-27,BB,Sample Reddit post about BB - 🚀,94,47,94
2023-02-28,BB,Sample Reddit post about BB - 🚀🚀🚀,94,47,94
2023-03-01,BB,Sample Reddit post about BB - 🚀,93,46,93
2023-03-02,BB,Sample Reddit post about BB - 🚀,104,52,104
2023-03-03,BB,Sample Reddit post about BB - 🚀,92,46,92
2023-03-04,BB,Sample Reddit post about BB - 🚀🚀🚀,115,57,115
2023-03-05,BB,Sample Reddit post about BB - 🚀,102,51,102
2023-03-06,BB,Sample Reddit post about BB - 🚀🚀,92,46,92
2023-03-07,BB,Sample Reddit post about BB - 🚀,104,52,104
2023-03-08,BB,Sample Reddit post about BB - 🚀🚀🚀,105,52,105
2023-03-09,BB,Sample Reddit post about BB - 🚀,95,47,95
2023-03-10,BB,Sample Reddit post about BB - 🚀,90,45,90
2023-03-11,BB,Sample Reddit post about BB - 🚀🚀,106,53,106
2023-03-12,BB,Sample Reddit post about BB - 🚀🚀🚀,485,242,485
2023-03-13,BB,Sample Reddit post about BB - 🚀🚀🚀,91,45,91
2023-03-14,BB,Sample Reddit post about BB - 🚀🚀🚀,102,51,102
2023-03-15,BB,Sample Reddit post about BB - 🚀🚀,96,48,96
2023-03-16,BB,Sample Reddit post about BB - 🚀,100,50,100
2023-03-17,BB,Sample Reddit post about BB - 🚀,104,52,104
2023-03-18,BB,Sample Reddit post about BB - 🚀🚀,108,54,108
2023-03-19,BB,Sample Reddit post about BB - 🚀🚀🚀,121,60,121
2023-03-20,BB,Sample Reddit post about BB - 🚀🚀,107,53,107
2023-03-21,BB,Sample Reddit post about BB - 🚀🚀,100,50,100
2023-03-22,BB,Sample Reddit post about BB - 🚀🚀,95,47,95
2023-03-23,BB,Sample Reddit post about BB - 🚀🚀,92,46,92
2023-03-24,BB,Sample Reddit post about BB - 🚀🚀,95,47,95
2023-03-25,BB,Sample Reddit post about BB - 🚀,114,57,114
2023-03-26,BB,Sample Reddit post about BB - 🚀🚀🚀,100,50,100
2023-03-27,BB,Sample Reddit post about BB - 🚀🚀,90,45,90
2023-03-28,BB,Sample Reddit post about BB - 🚀🚀,112,56,112
2023-03-29,BB,Sample Reddit post about BB - 🚀🚀,96,48,96
2023-03-30,BB,Sample Reddit post about BB - 🚀🚀🚀,100,50,100
2023-03-31,BB,Sample Reddit post about BB - 🚀🚀,101,50,101
2023-04-01,BB,Sample Reddit post about BB - 🚀🚀🚀,98,49,98
2023-04-02,BB,Sample Reddit post about BB - 🚀,112,56,112
2023-04-03,BB,Sample Reddit post about BB - 🚀🚀🚀,105,52,105
2023-04-04,BB,Sample Reddit post about BB - 🚀,99,49,99
2023-04-05,BB,Sample Reddit post about BB - 🚀🚀,113,56,113
2023-04-06,BB,Sample Reddit post about BB - 🚀🚀,103,51,103
2023-04-07,BB,Sample Reddit post about BB - 🚀,109,54,109
2023-04-08,BB,Sample Reddit post about BB - 🚀🚀,105,52,105
2023-04-09,BB,Sample Reddit post about BB - 🚀,94,47,94
2023-04-10,BB,Sample Reddit post about BB - 🚀,101,50,101
2023-04-11,BB,Sample Reddit post about BB - 🚀,90,45,90
2023-04-12,BB,Sample Reddit post about BB - 🚀🚀🚀,87,43,87
2023-04-13,BB,Sample Reddit post about BB - 🚀,95,47,95
2023-04-14,BB,Sample Reddit post about BB - 🚀🚀,106,53,106
2023-04-15,BB,Sample Reddit post about BB - 🚀🚀,121,60,121
2023-04-16,BB,Sample Reddit post about BB - 🚀,100,50,100
2023-04-17,BB,Sample Reddit post about BB - 🚀🚀🚀,85,42,85
2023-04-18,BB,Sample Reddit post about BB - 🚀🚀🚀,97,48,97
2023-04-19,BB,Sample Reddit post about BB - 🚀🚀🚀,94,47,94
2023-04-20,BB,Sample Reddit post about BB - 🚀🚀🚀,114,57,114
2023-04-21,BB,Sample Reddit post about BB - 🚀🚀,102,51,102
2023-04-22,BB,Sample Reddit post about BB - 🚀🚀🚀,92,46,92
2023-04-23,BB,Sample Reddit post about BB - 🚀🚀,109,54,109
2023-04-24,BB,Sample Reddit post about BB - 🚀🚀,97,48,97
2023-04-25,BB,Sample Reddit post about BB - 🚀🚀🚀,99,49,99
2023-04-26,BB,Sample Reddit post about BB - 🚀🚀🚀,122,61,122
2023-04-27,BB,Sample Reddit post about BB - 🚀,100,50,100
2023-04-28,BB,Sample Reddit post about BB - 🚀🚀🚀,101,50,101
2023-04-29,BB,Sample Reddit post about BB - 🚀🚀,95,47,95
2023-04-30,BB,Sample Reddit post about BB - 🚀,95,47,95
2023-05-01,BB,Sample Reddit post about BB - 🚀🚀,495,247,495
2023-05-02,BB,Sample Reddit post about BB - 🚀🚀,109,54,109
2023-05-03,BB,Sample Reddit post about BB - 🚀,96,48,96
2023-05-04,BB,Sample Reddit post about BB - 🚀🚀,95,47,95
2023-05-05,BB,Sample Reddit post about BB - 🚀🚀,120,60,120
2023-05-06,BB,Sample Reddit post about BB - 🚀🚀🚀,122,61,122
2023-05-07,BB,Sample Reddit post about BB - 🚀,97,48,97
2023-05-08,BB,Sample Reddit post about BB - 🚀🚀🚀,109,54,109
2023-05-09,BB,Sample Reddit post about BB - 🚀🚀🚀,95,47,95
2023-05-10,BB,Sample Reddit post about BB - 🚀,100,50,100
2023-05-11,BB,Sample Reddit post about BB - 🚀,90,45,90
2023-05-12,BB,Sample Reddit post about BB - 🚀,83,41,83
2023-05-13,BB,Sample Reddit post about BB - 🚀🚀🚀,108,54,108
2023-05-14,BB,Sample Reddit post about BB - 🚀,89,44,89
2023-05-15,BB,Sample Reddit post about BB - 🚀🚀🚀,100,50,100
2023-05-16,BB,Sample Reddit post about BB - 🚀🚀,104,52,104
2023-05-17,BB,Sample Reddit post about BB - 🚀🚀🚀,88,44,88
2023-05-18,BB,Sample Reddit post about BB - 🚀,107,53,107
2023-05-19,BB,Sample Reddit post about BB - 🚀,122,61,122
2023-05-20,BB,Sample Reddit post about BB - 🚀🚀,90,45,90
2023-05-21,BB,Sample Reddit post about BB - 🚀🚀,109,54,109
2023-05-22,BB,Sample Reddit post about BB - 🚀🚀,100,50,100
2023-05-23,BB,Sample Reddit post about BB - 🚀,98,49,98
2023-05-24,BB,Sample Reddit post about BB - 🚀,98,49,98
2023-05-25,BB,Sample Reddit post about BB - 🚀🚀🚀,100,50,100
2023-05-26,BB,Sample Reddit post about BB - 🚀🚀,100,50,100
2023-05-27,BB,Sample Reddit post about BB - 🚀🚀,99,49,99
2023-05-28,BB,Sample Reddit post about BB - 🚀🚀,107,53,107
2023-05-29,BB,Sample Reddit post about BB - 🚀🚀🚀,93,46,93
2023-05-30,BB,Sample Reddit post about BB - 🚀🚀,112,56,112
2023-05-31,BB,Sample Reddit post about BB - 🚀🚀🚀,92,46,92
2023-06-01,BB,Sample Reddit post about BB - 🚀🚀,120,60,120
2023-06-02,BB,Sample Reddit post about BB - 🚀🚀,88,44,88
2023-06-03,BB,Sample Reddit post about BB - 🚀🚀🚀,104,52,104
2023-06-04,BB,Sample Reddit post about BB - 🚀🚀,109,54,109
2023-06-05,BB,Sample Reddit post about BB - 🚀🚀,103,51,103
2023-06-06,BB,Sample Reddit post about BB - 🚀🚀🚀,89,44,89
2023-06-07,BB,Sample Reddit post about BB - 🚀,108,54,108
2023-06-08,BB,Sample Reddit post about BB - 🚀,85,42,85
2023-06-09,BB,Sample Reddit post about BB - 🚀🚀🚀,106,53,106
2023-06-10,BB,Sample Reddit post about BB - 🚀,103,51,103
2023-06-11,BB,Sample Reddit post about BB - 🚀,102,51,102
2023-06-12,BB,Sample Reddit post about BB - 🚀🚀🚀,102,51,102
2023-06-13,BB,Sample Reddit post about BB - 🚀,118,59,118
2023-06-14,BB,Sample Reddit post about BB - 🚀🚀🚀,85,42,85
2023-06-15,BB,Sample Reddit post about BB - 🚀🚀🚀,103,51,103
2023-06-16,BB,Sample Reddit post about BB - 🚀🚀🚀,102,51,102
2023-06-17,BB,Sample Reddit post about BB - 🚀🚀🚀,106,53,106
2023-06-18,BB,Sample Reddit post about BB - 🚀🚀,92,46,92
2023-06-19,BB,Sample Reddit post about BB - 🚀,103,51,103
2023-06-20,BB,Sample Reddit post about BB - 🚀🚀🚀,510,255,510
2023-06-21,BB,Sample Reddit post about BB - 🚀🚀🚀,116,58,116
2023-06-22,BB,Sample Reddit post about BB - 🚀,89,44,89
2023-06-23,BB,Sample Reddit post about BB - 🚀🚀,99,49,99
2023-06-24,BB,Sample Reddit post about BB - 🚀,102,51,102
2023-06-25,BB,Sample Reddit post about BB - 🚀🚀🚀,107,53,107
2023-06-26,BB,Sample Reddit post about BB - 🚀🚀🚀,97,48,97
2023-06-27,BB,Sample Reddit post about BB - 🚀🚀,108,54,108
2023-06-28,BB,Sample Reddit post about BB - 🚀,101,50,101
2023-06-29,BB,Sample Reddit post about BB - 🚀🚀,118,59,118
2023-06-30,BB,Sample Reddit post about BB - 🚀,103,51,103
2023-07-01,BB,Sample Reddit post about BB - 🚀🚀,99,49,99
2023-07-02,BB,Sample Reddit post about BB - 🚀,93,46,93
2023-07-03,BB,Sample Reddit post about BB - 🚀,99,49,99
2023-07-04,BB,Sample Reddit post about BB - 🚀🚀🚀,88,44,88
2023-07-05,BB,Sample Reddit post about BB - 🚀🚀🚀,92,46,92
2023-07-06,BB,Sample Reddit post about BB - 🚀,101,50,101
2023-07-07,BB,Sample Reddit post about BB - 🚀🚀🚀,105,52,105
2023-07-08,BB,Sample Reddit post about BB - 🚀🚀,121,60,121
2023-07-09,BB,Sample Reddit post about BB - 🚀🚀🚀,106,53,106
2023-07-10,BB,Sample Reddit post about BB - 🚀🚀🚀,110,55,110
2023-07-11,BB,Sample Reddit post about BB - 🚀🚀,94,47,94
2023-07-12,BB,Sample Reddit post about BB - 🚀,103,51,103
2023-07-13,BB,Sample Reddit post about BB - 🚀🚀,99,49,99
2023-07-14,BB,Sample Reddit post about BB - 🚀🚀🚀,111,55,111
2023-07-15,BB,Sample Reddit post about BB - 🚀🚀🚀,117,58,117
2023-07-16,BB,Sample Reddit post about BB - 🚀🚀,71,35,71
2023-07-17,BB,Sample Reddit post about BB - 🚀🚀,74,37,74
2023-07-18,BB,Sample Reddit post about BB - 🚀,104,52,104
2023-07-19,BB,Sample Reddit post about BB - 🚀🚀🚀,93,46,93
2023-07-20,BB,Sample Reddit post about BB - 🚀🚀🚀,105,52,105
2023-07-21,BB,Sample Reddit post about BB - 🚀,94,47,94
2023-07-22,BB,Sample Reddit post about BB - 🚀🚀🚀,94,47,94
2023-07-23,BB,Sample Reddit post about BB - 🚀🚀,103,51,103
2023-07-24,BB,Sample Reddit post about BB - 🚀,86,43,86
2023-07-25,BB,Sample Reddit post about BB - 🚀,103,51,103
2023-07-26,BB,Sample Reddit post about BB - 🚀🚀,96,48,96
2023-07-27,BB,Sample Reddit post about BB - 🚀🚀,96,48,96
2023-07-28,BB,Sample Reddit post about BB - 🚀🚀🚀,102,51,102
2023-07-29,BB,Sample Reddit post about BB - 🚀,111,55,111
2023-07-30,BB,Sample Reddit post about BB - 🚀,111,55,111
2023-07-31,BB,Sample Reddit post about BB - 🚀🚀🚀,112,56,112
2023-08-01,BB,Sample Reddit post about BB - 🚀🚀🚀,90,45,90
2023-08-02,BB,Sample Reddit post about BB - 🚀,84,42,84
2023-08-03,BB,Sample Reddit post about BB - 🚀🚀,90,45,90
2023-08-04,BB,Sample Reddit post about BB - 🚀🚀🚀,108,54,108
2023-08-05,BB,Sample Reddit post about BB - 🚀🚀,104,52,104
2023-08-06,BB,Sample Reddit post about BB - 🚀🚀🚀,91,45,91
2023-08-07,BB,Sample Reddit post about BB - 🚀,97,48,97
2023-08-08,BB,Sample Reddit post about BB - 🚀,88,44,88
2023-08-09,BB,Sample Reddit post about BB - 🚀,490,245,490
2023-08-10,BB,Sample Reddit post about BB - 🚀🚀🚀,97,48,97
2023-08-11,BB,Sample Reddit post about BB - 🚀,102,51,102
2023-08-12,BB,Sample Reddit post about BB - 🚀🚀🚀,88,44,88
2023-08-13,BB,Sample Reddit post about BB - 🚀🚀🚀,92,46,92
2023-08-14,BB,Sample Reddit post about BB - 🚀,99,49,99
2023-08-15,BB,Sample Reddit post about BB - 🚀🚀🚀,97,48,97
2023-08-16,BB,Sample Reddit post about BB - 🚀🚀,101,50,101
2023-08-17,BB,Sample Reddit post about BB - 🚀,103,51,103
2023-08-18,BB,Sample Reddit post about BB - 🚀🚀,87,43,87
2023-08-19,BB,Sample Reddit post about BB - 🚀🚀🚀,101,50,101
2023-08-20,BB,Sample Reddit post about BB - 🚀🚀,118,59,118
2023-08-21,BB,Sample Reddit post about BB - 🚀,93,46,93
2023-08-22,BB,Sample Reddit post about BB - 🚀🚀,91,45,91
2023-08-23,BB,Sample Reddit post about BB - 🚀🚀🚀,82,41,82
2023-08-24,BB,Sample Reddit post about BB - 🚀,102,51,102
2023-08-25,BB,Sample Reddit post about BB - 🚀🚀,99,49,99
2023-08-26,BB,Sample Reddit post about BB - 🚀,100,50,100
2023-08-27,BB,Sample Reddit post about BB - 🚀🚀,81,40,81
2023-08-28,BB,Sample Reddit post about BB - 🚀🚀🚀,121,60,121
2023-08-29,BB,Sample Reddit post about BB - 🚀🚀🚀,100,50,100
2023-08-30,BB,Sample Reddit post about BB - 🚀🚀🚀,90,45,90
2023-08-31,BB,Sample Reddit post about BB - 🚀,97,48,97
2023-09-01,BB,Sample Reddit post about BB - 🚀,107,53,107
2023-09-02,BB,Sample Reddit post about BB - 🚀,99,49,99
2023-09-03,BB,Sample Reddit post about BB - 🚀,113,56,113
2023-09-04,BB,Sample Reddit post about BB - 🚀,89,44,89
2023-09-05,BB,Sample Reddit post about BB - 🚀,94,47,94
2023-09-06,BB,Sample Reddit post about BB - 🚀,108,54,108
2023-09-07,BB,Sample Reddit post about BB - 🚀,99,49,99
2023-09-08,BB,Sample Reddit post about BB - 🚀🚀🚀,99,49,99
2023-09-09,BB,Sample Reddit post about BB - 🚀🚀🚀,119,59,119
2023-09-10,BB,Sample Reddit post about BB - 🚀🚀🚀,113,56,113
2023-09-11,BB,Sample Reddit post about BB - 🚀🚀🚀,109,54,109
2023-09-12,BB,Sample Reddit post about BB - 🚀🚀,117,58,117
2023-09-13,BB,Sample Reddit post about BB - 🚀🚀🚀,90,45,90
2023-09-14,BB,Sample Reddit post about BB - 🚀,94,47,94
2023-09-15,BB,Sample Reddit post about BB - 🚀🚀🚀,111,55,111
2023-09-16,BB,Sample Reddit post about BB - 🚀🚀🚀,109,54,109
2023-09-17,BB,Sample Reddit post about BB - 🚀🚀🚀,102,51,102
2023-09-18,BB,Sample Reddit post about BB - 🚀🚀,112,56,112
2023-09-19,BB,Sample Reddit post about BB - 🚀,71,35,71
2023-09-20,BB,Sample Reddit post about BB - 🚀🚀🚀,94,47,94
2023-09-21,BB,Sample Reddit post about BB - 🚀🚀🚀,90,45,90
2023-09-22,BB,Sample Reddit post about BB - 🚀,109,54,109
2023-09-23,BB,Sample Reddit post about BB - 🚀🚀,90,45,90
2023-09-24,BB,Sample Reddit post about BB - 🚀🚀🚀,90,45,90
2023-09-25,BB,Sample Reddit post about BB - 🚀🚀🚀,101,50,101
2023-09-26,BB,Sample Reddit post about BB - 🚀🚀,105,52,105
2023-09-27,BB,Sample Reddit post about BB - 🚀🚀,105,52,105
